Date,CNN_FG,Taiwan_VIX,US_VIX,process_timestamp,download_timestamp
2010-01-04,,,20.040000915527344,2026-06-27 00:09:27 CST,2026-06-27 00:09:27 CST
2010-01-05,,,19.350000381469727,2026-06-27 00:09:27 CST,2026-06-27 00:09:27 CST
2010-01-06,,,19.15999984741211,2026-06-27 00:09:27 CST,2026-06-27 00:09:27 CST
2010-01-07,,,19.059999465942383,2026-06-27 00:09:27 CST,2026-06-27 00:09:27 CST
2010-01-08,,,18.1299991607666,2026-06-27 00:09:27 CST,2026-06-27 00:09:27 CST
2010-01-11,,,17.549999237060547,2026-06-27 00:09:27 CST,2026-06-27 00:09:27 CST
2010-01-12,,,18.25,2026-06-27 00:09:27 CST,2026-06-27 00:09:27 CST
2010-01-13,,,17.850000381469727,2026-06-27 00:09:27 CST,2026-06-27 00:09:27 CST
2010-01-14,,,17.6299991607666,2026-06-27 00:09:27 CST,2026-06-27 00:09:27 CST
2010-01-15,,,17.90999984741211,2026-06-27 00:09:27 CST,2026-06-27 00:09:27 CST
2010-01-19,,,17.579999923706055,2026-06-27 00:09:27 CST,2026-06-27 00:09:27 CST
2010-01-20,,,18.68000030517578,2026-06-27 00:09:27 CST,2026-06-27 00:09:27 CST
2010-01-21,,,22.270000457763672,2026-06-27 00:09:27 CST,2026-06-27 00:09:27 CST
2010-01-22,,,27.309999465942383,2026-06-27 00:09:27 CST,2026-06-27 00:09:27 CST
2010-01-25,,,25.40999984741211,2026-06-27 00:09:27 CST,2026-06-27 00:09:27 CST
2010-01-26,,,24.549999237060547,2026-06-27 00:09:27 CST,2026-06-27 00:09:27 CST
2010-01-27,,,23.139999389648438,2026-06-27 00:09:27 CST,2026-06-27 00:09:27 CST
2010-01-28,,,23.729999542236328,2026-06-27 00:09:27 CST,2026-06-27 00:09:27 CST
2010-01-29,,,24.6200008392334,2026-06-27 00:09:27 CST,2026-06-27 00:09:27 CST
2010-02-01,,,22.59000015258789,2026-06-27 00:09:27 CST,2026-06-27 00:09:27 CST
2010-02-02,,,21.479999542236328,2026-06-27 00:09:27 CST,2026-06-27 00:09:27 CST
2010-02-03,,,21.600000381469727,2026-06-27 00:09:27 CST,2026-06-27 00:09:27 CST
2010-02-04,,,26.079999923706055,2026-06-27 00:09:27 CST,2026-06-27 00:09:27 CST
2010-02-05,,,26.110000610351562,2026-06-27 00:09:27 CST,2026-06-27 00:09:27 CST
2010-02-08,,,26.510000228881836,2026-06-27 00:09:27 CST,2026-06-27 00:09:27 CST
2010-02-09,,,26.0,2026-06-27 00:09:27 CST,2026-06-27 00:09:27 CST
2010-02-10,,,25.399999618530273,2026-06-27 00:09:27 CST,2026-06-27 00:09:27 CST
2010-02-11,,,23.959999084472656,2026-06-27 00:09:27 CST,2026-06-27 00:09:27 CST
2010-02-12,,,22.729999542236328,2026-06-27 00:09:27 CST,2026-06-27 00:09:27 CST
2010-02-16,,,22.25,2026-06-27 00:09:27 CST,2026-06-27 00:09:27 CST
2010-02-17,,,21.719999313354492,2026-06-27 00:09:27 CST,2026-06-27 00:09:27 CST
2010-02-18,,,20.6299991607666,2026-06-27 00:09:27 CST,2026-06-27 00:09:27 CST
2010-02-19,,,20.020000457763672,2026-06-27 00:09:27 CST,2026-06-27 00:09:27 CST
2010-02-22,,,19.940000534057617,2026-06-27 00:09:27 CST,2026-06-27 00:09:27 CST
2010-02-23,,,21.3700008392334,2026-06-27 00:09:27 CST,2026-06-27 00:09:27 CST
2010-02-24,,,20.270000457763672,2026-06-27 00:09:27 CST,2026-06-27 00:09:27 CST
2010-02-25,,,20.100000381469727,2026-06-27 00:09:27 CST,2026-06-27 00:09:27 CST
2010-02-26,,,19.5,2026-06-27 00:09:27 CST,2026-06-27 00:09:27 CST
2010-03-01,,,19.260000228881836,2026-06-27 00:09:27 CST,2026-06-27 00:09:27 CST
2010-03-02,,,19.059999465942383,2026-06-27 00:09:27 CST,2026-06-27 00:09:27 CST
2010-03-03,,,18.829999923706055,2026-06-27 00:09:27 CST,2026-06-27 00:09:27 CST
2010-03-04,,,18.719999313354492,2026-06-27 00:09:27 CST,2026-06-27 00:09:27 CST
2010-03-05,,,17.420000076293945,2026-06-27 00:09:27 CST,2026-06-27 00:09:27 CST
2010-03-08,,,17.790000915527344,2026-06-27 00:09:27 CST,2026-06-27 00:09:27 CST
2010-03-09,,,17.920000076293945,2026-06-27 00:09:27 CST,2026-06-27 00:09:27 CST
2010-03-10,,,18.56999969482422,2026-06-27 00:09:27 CST,2026-06-27 00:09:27 CST
2010-03-11,,,18.059999465942383,2026-06-27 00:09:27 CST,2026-06-27 00:09:27 CST
2010-03-12,,,17.579999923706055,2026-06-27 00:09:27 CST,2026-06-27 00:09:27 CST
2010-03-15,,,18.0,2026-06-27 00:09:27 CST,2026-06-27 00:09:27 CST
2010-03-16,,,17.690000534057617,2026-06-27 00:09:27 CST,2026-06-27 00:09:27 CST
2010-03-17,,,16.90999984741211,2026-06-27 00:09:27 CST,2026-06-27 00:09:27 CST
2010-03-18,,,16.6200008392334,2026-06-27 00:09:27 CST,2026-06-27 00:09:27 CST
2010-03-19,,,16.969999313354492,2026-06-27 00:09:27 CST,2026-06-27 00:09:27 CST
2010-03-22,,,16.8700008392334,2026-06-27 00:09:27 CST,2026-06-27 00:09:27 CST
2010-03-23,,,16.350000381469727,2026-06-27 00:09:27 CST,2026-06-27 00:09:27 CST
2010-03-24,,,17.549999237060547,2026-06-27 00:09:27 CST,2026-06-27 00:09:27 CST
2010-03-25,,,18.399999618530273,2026-06-27 00:09:27 CST,2026-06-27 00:09:27 CST
2010-03-26,,,17.770000457763672,2026-06-27 00:09:27 CST,2026-06-27 00:09:27 CST
2010-03-29,,,17.59000015258789,2026-06-27 00:09:27 CST,2026-06-27 00:09:27 CST
2010-03-30,,,17.1299991607666,2026-06-27 00:09:27 CST,2026-06-27 00:09:27 CST
2010-03-31,,,17.59000015258789,2026-06-27 00:09:27 CST,2026-06-27 00:09:27 CST
2010-04-01,,,17.469999313354492,2026-06-27 00:09:27 CST,2026-06-27 00:09:27 CST
2010-04-05,,,17.020000457763672,2026-06-27 00:09:27 CST,2026-06-27 00:09:27 CST
2010-04-06,,,16.229999542236328,2026-06-27 00:09:27 CST,2026-06-27 00:09:27 CST
2010-04-07,,,16.6200008392334,2026-06-27 00:09:27 CST,2026-06-27 00:09:27 CST
2010-04-08,,,16.479999542236328,2026-06-27 00:09:27 CST,2026-06-27 00:09:27 CST
2010-04-09,,,16.139999389648438,2026-06-27 00:09:27 CST,2026-06-27 00:09:27 CST
2010-04-12,,,15.579999923706055,2026-06-27 00:09:27 CST,2026-06-27 00:09:27 CST
2010-04-13,,,16.200000762939453,2026-06-27 00:09:27 CST,2026-06-27 00:09:27 CST
2010-04-14,,,15.59000015258789,2026-06-27 00:09:27 CST,2026-06-27 00:09:27 CST
2010-04-15,,,15.890000343322754,2026-06-27 00:09:27 CST,2026-06-27 00:09:27 CST
2010-04-16,,,18.360000610351562,2026-06-27 00:09:27 CST,2026-06-27 00:09:27 CST
2010-04-19,,,17.34000015258789,2026-06-27 00:09:27 CST,2026-06-27 00:09:27 CST
2010-04-20,,,15.729999542236328,2026-06-27 00:09:27 CST,2026-06-27 00:09:27 CST
2010-04-21,,,16.31999969482422,2026-06-27 00:09:27 CST,2026-06-27 00:09:27 CST
2010-04-22,,,16.469999313354492,2026-06-27 00:09:27 CST,2026-06-27 00:09:27 CST
2010-04-23,,,16.6200008392334,2026-06-27 00:09:27 CST,2026-06-27 00:09:27 CST
2010-04-26,,,17.469999313354492,2026-06-27 00:09:27 CST,2026-06-27 00:09:27 CST
2010-04-27,,,22.809999465942383,2026-06-27 00:09:27 CST,2026-06-27 00:09:27 CST
2010-04-28,,,21.079999923706055,2026-06-27 00:09:27 CST,2026-06-27 00:09:27 CST
2010-04-29,,,18.440000534057617,2026-06-27 00:09:27 CST,2026-06-27 00:09:27 CST
2010-04-30,,,22.049999237060547,2026-06-27 00:09:27 CST,2026-06-27 00:09:27 CST
2010-05-03,,,20.190000534057617,2026-06-27 00:09:27 CST,2026-06-27 00:09:27 CST
2010-05-04,,,23.84000015258789,2026-06-27 00:09:27 CST,2026-06-27 00:09:27 CST
2010-05-05,,,24.90999984741211,2026-06-27 00:09:27 CST,2026-06-27 00:09:27 CST
2010-05-06,,,32.79999923706055,2026-06-27 00:09:27 CST,2026-06-27 00:09:27 CST
2010-05-07,,,40.95000076293945,2026-06-27 00:09:27 CST,2026-06-27 00:09:27 CST
2010-05-10,,,28.84000015258789,2026-06-27 00:09:27 CST,2026-06-27 00:09:27 CST
2010-05-11,,,28.31999969482422,2026-06-27 00:09:27 CST,2026-06-27 00:09:27 CST
2010-05-12,,,25.520000457763672,2026-06-27 00:09:27 CST,2026-06-27 00:09:27 CST
2010-05-13,,,26.68000030517578,2026-06-27 00:09:27 CST,2026-06-27 00:09:27 CST
2010-05-14,,,31.239999771118164,2026-06-27 00:09:27 CST,2026-06-27 00:09:27 CST
2010-05-17,,,30.84000015258789,2026-06-27 00:09:27 CST,2026-06-27 00:09:27 CST
2010-05-18,,,33.54999923706055,2026-06-27 00:09:27 CST,2026-06-27 00:09:27 CST
2010-05-19,,,35.31999969482422,2026-06-27 00:09:27 CST,2026-06-27 00:09:27 CST
2010-05-20,,,45.790000915527344,2026-06-27 00:09:27 CST,2026-06-27 00:09:27 CST
2010-05-21,,,40.099998474121094,2026-06-27 00:09:27 CST,2026-06-27 00:09:27 CST
2010-05-24,,,38.31999969482422,2026-06-27 00:09:27 CST,2026-06-27 00:09:27 CST
2010-05-25,,,34.61000061035156,2026-06-27 00:09:27 CST,2026-06-27 00:09:27 CST
2010-05-26,,,35.02000045776367,2026-06-27 00:09:27 CST,2026-06-27 00:09:27 CST
2010-05-27,,,29.68000030517578,2026-06-27 00:09:27 CST,2026-06-27 00:09:27 CST
2010-05-28,,,32.06999969482422,2026-06-27 00:09:27 CST,2026-06-27 00:09:27 CST
2010-06-01,,,35.540000915527344,2026-06-27 00:09:27 CST,2026-06-27 00:09:27 CST
2010-06-02,,,30.170000076293945,2026-06-27 00:09:27 CST,2026-06-27 00:09:27 CST
2010-06-03,,,29.459999084472656,2026-06-27 00:09:27 CST,2026-06-27 00:09:27 CST
2010-06-04,,,35.47999954223633,2026-06-27 00:09:27 CST,2026-06-27 00:09:27 CST
2010-06-07,,,36.56999969482422,2026-06-27 00:09:27 CST,2026-06-27 00:09:27 CST
2010-06-08,,,33.70000076293945,2026-06-27 00:09:27 CST,2026-06-27 00:09:27 CST
2010-06-09,,,33.72999954223633,2026-06-27 00:09:27 CST,2026-06-27 00:09:27 CST
2010-06-10,,,30.56999969482422,2026-06-27 00:09:27 CST,2026-06-27 00:09:27 CST
2010-06-11,,,28.790000915527344,2026-06-27 00:09:27 CST,2026-06-27 00:09:27 CST
2010-06-14,,,28.579999923706055,2026-06-27 00:09:27 CST,2026-06-27 00:09:27 CST
2010-06-15,,,25.8700008392334,2026-06-27 00:09:27 CST,2026-06-27 00:09:27 CST
2010-06-16,,,25.920000076293945,2026-06-27 00:09:27 CST,2026-06-27 00:09:27 CST
2010-06-17,,,25.049999237060547,2026-06-27 00:09:27 CST,2026-06-27 00:09:27 CST
2010-06-18,,,23.950000762939453,2026-06-27 00:09:27 CST,2026-06-27 00:09:27 CST
2010-06-21,,,24.8799991607666,2026-06-27 00:09:27 CST,2026-06-27 00:09:27 CST
2010-06-22,,,27.049999237060547,2026-06-27 00:09:27 CST,2026-06-27 00:09:27 CST
2010-06-23,,,26.90999984741211,2026-06-27 00:09:27 CST,2026-06-27 00:09:27 CST
2010-06-24,,,29.739999771118164,2026-06-27 00:09:27 CST,2026-06-27 00:09:27 CST
2010-06-25,,,28.530000686645508,2026-06-27 00:09:27 CST,2026-06-27 00:09:27 CST
2010-06-28,,,29.0,2026-06-27 00:09:27 CST,2026-06-27 00:09:27 CST
2010-06-29,,,34.130001068115234,2026-06-27 00:09:27 CST,2026-06-27 00:09:27 CST
2010-06-30,,,34.540000915527344,2026-06-27 00:09:27 CST,2026-06-27 00:09:27 CST
2010-07-01,,,32.86000061035156,2026-06-27 00:09:27 CST,2026-06-27 00:09:27 CST
2010-07-02,,,30.1200008392334,2026-06-27 00:09:27 CST,2026-06-27 00:09:27 CST
2010-07-06,,,29.649999618530273,2026-06-27 00:09:27 CST,2026-06-27 00:09:27 CST
2010-07-07,,,26.84000015258789,2026-06-27 00:09:27 CST,2026-06-27 00:09:27 CST
2010-07-08,,,25.709999084472656,2026-06-27 00:09:27 CST,2026-06-27 00:09:27 CST
2010-07-09,,,24.979999542236328,2026-06-27 00:09:27 CST,2026-06-27 00:09:27 CST
2010-07-12,,,24.43000030517578,2026-06-27 00:09:27 CST,2026-06-27 00:09:27 CST
2010-07-13,,,24.559999465942383,2026-06-27 00:09:27 CST,2026-06-27 00:09:27 CST
2010-07-14,,,24.889999389648438,2026-06-27 00:09:27 CST,2026-06-27 00:09:27 CST
2010-07-15,,,25.139999389648438,2026-06-27 00:09:27 CST,2026-06-27 00:09:27 CST
2010-07-16,,,26.25,2026-06-27 00:09:27 CST,2026-06-27 00:09:27 CST
2010-07-19,,,25.969999313354492,2026-06-27 00:09:27 CST,2026-06-27 00:09:27 CST
2010-07-20,,,23.93000030517578,2026-06-27 00:09:27 CST,2026-06-27 00:09:27 CST
2010-07-21,,,25.639999389648438,2026-06-27 00:09:27 CST,2026-06-27 00:09:27 CST
2010-07-22,,,24.6299991607666,2026-06-27 00:09:27 CST,2026-06-27 00:09:27 CST
2010-07-23,,,23.469999313354492,2026-06-27 00:09:27 CST,2026-06-27 00:09:27 CST
2010-07-26,,,22.729999542236328,2026-06-27 00:09:27 CST,2026-06-27 00:09:27 CST
2010-07-27,,,23.190000534057617,2026-06-27 00:09:27 CST,2026-06-27 00:09:27 CST
2010-07-28,,,24.25,2026-06-27 00:09:27 CST,2026-06-27 00:09:27 CST
2010-07-29,,,24.1299991607666,2026-06-27 00:09:27 CST,2026-06-27 00:09:27 CST
2010-07-30,,,23.5,2026-06-27 00:09:27 CST,2026-06-27 00:09:27 CST
2010-08-02,,,22.010000228881836,2026-06-27 00:09:27 CST,2026-06-27 00:09:27 CST
2010-08-03,,,22.6299991607666,2026-06-27 00:09:27 CST,2026-06-27 00:09:27 CST
2010-08-04,,,22.209999084472656,2026-06-27 00:09:27 CST,2026-06-27 00:09:27 CST
2010-08-05,,,22.100000381469727,2026-06-27 00:09:27 CST,2026-06-27 00:09:27 CST
2010-08-06,,,21.739999771118164,2026-06-27 00:09:27 CST,2026-06-27 00:09:27 CST
2010-08-09,,,22.139999389648438,2026-06-27 00:09:27 CST,2026-06-27 00:09:27 CST
2010-08-10,,,22.3700008392334,2026-06-27 00:09:27 CST,2026-06-27 00:09:27 CST
2010-08-11,,,25.389999389648438,2026-06-27 00:09:27 CST,2026-06-27 00:09:27 CST
2010-08-12,,,25.729999542236328,2026-06-27 00:09:27 CST,2026-06-27 00:09:27 CST
2010-08-13,,,26.239999771118164,2026-06-27 00:09:27 CST,2026-06-27 00:09:27 CST
2010-08-16,,,26.100000381469727,2026-06-27 00:09:27 CST,2026-06-27 00:09:27 CST
2010-08-17,,,24.329999923706055,2026-06-27 00:09:27 CST,2026-06-27 00:09:27 CST
2010-08-18,,,24.59000015258789,2026-06-27 00:09:27 CST,2026-06-27 00:09:27 CST
2010-08-19,,,26.440000534057617,2026-06-27 00:09:27 CST,2026-06-27 00:09:27 CST
2010-08-20,,,25.489999771118164,2026-06-27 00:09:27 CST,2026-06-27 00:09:27 CST
2010-08-23,,,25.65999984741211,2026-06-27 00:09:27 CST,2026-06-27 00:09:27 CST
2010-08-24,,,27.459999084472656,2026-06-27 00:09:27 CST,2026-06-27 00:09:27 CST
2010-08-25,,,26.700000762939453,2026-06-27 00:09:27 CST,2026-06-27 00:09:27 CST
2010-08-26,,,27.3700008392334,2026-06-27 00:09:27 CST,2026-06-27 00:09:27 CST
2010-08-27,,,24.450000762939453,2026-06-27 00:09:27 CST,2026-06-27 00:09:27 CST
2010-08-30,,,27.209999084472656,2026-06-27 00:09:27 CST,2026-06-27 00:09:27 CST
2010-08-31,,,26.049999237060547,2026-06-27 00:09:27 CST,2026-06-27 00:09:27 CST
2010-09-01,,,23.889999389648438,2026-06-27 00:09:27 CST,2026-06-27 00:09:27 CST
2010-09-02,,,23.190000534057617,2026-06-27 00:09:27 CST,2026-06-27 00:09:27 CST
2010-09-03,,,21.309999465942383,2026-06-27 00:09:27 CST,2026-06-27 00:09:27 CST
2010-09-07,,,23.799999237060547,2026-06-27 00:09:27 CST,2026-06-27 00:09:27 CST
2010-09-08,,,23.25,2026-06-27 00:09:27 CST,2026-06-27 00:09:27 CST
2010-09-09,,,22.809999465942383,2026-06-27 00:09:27 CST,2026-06-27 00:09:27 CST
2010-09-10,,,21.989999771118164,2026-06-27 00:09:27 CST,2026-06-27 00:09:27 CST
2010-09-13,,,21.209999084472656,2026-06-27 00:09:27 CST,2026-06-27 00:09:27 CST
2010-09-14,,,21.559999465942383,2026-06-27 00:09:27 CST,2026-06-27 00:09:27 CST
2010-09-15,,,22.100000381469727,2026-06-27 00:09:27 CST,2026-06-27 00:09:27 CST
2010-09-16,,,21.719999313354492,2026-06-27 00:09:27 CST,2026-06-27 00:09:27 CST
2010-09-17,,,22.010000228881836,2026-06-27 00:09:27 CST,2026-06-27 00:09:27 CST
2010-09-20,,,21.5,2026-06-27 00:09:27 CST,2026-06-27 00:09:27 CST
2010-09-21,,,22.350000381469727,2026-06-27 00:09:27 CST,2026-06-27 00:09:27 CST
2010-09-22,,,22.510000228881836,2026-06-27 00:09:27 CST,2026-06-27 00:09:27 CST
2010-09-23,,,23.8700008392334,2026-06-27 00:09:27 CST,2026-06-27 00:09:27 CST
2010-09-24,,,21.709999084472656,2026-06-27 00:09:27 CST,2026-06-27 00:09:27 CST
2010-09-27,,,22.540000915527344,2026-06-27 00:09:27 CST,2026-06-27 00:09:27 CST
2010-09-28,,,22.600000381469727,2026-06-27 00:09:27 CST,2026-06-27 00:09:27 CST
2010-09-29,,,23.25,2026-06-27 00:09:27 CST,2026-06-27 00:09:27 CST
2010-09-30,,,23.700000762939453,2026-06-27 00:09:27 CST,2026-06-27 00:09:27 CST
2010-10-01,,,22.5,2026-06-27 00:09:27 CST,2026-06-27 00:09:27 CST
2010-10-04,,,23.530000686645508,2026-06-27 00:09:27 CST,2026-06-27 00:09:27 CST
2010-10-05,,,21.760000228881836,2026-06-27 00:09:27 CST,2026-06-27 00:09:27 CST
2010-10-06,,,21.489999771118164,2026-06-27 00:09:27 CST,2026-06-27 00:09:27 CST
2010-10-07,,,21.559999465942383,2026-06-27 00:09:27 CST,2026-06-27 00:09:27 CST
2010-10-08,,,20.709999084472656,2026-06-27 00:09:27 CST,2026-06-27 00:09:27 CST
2010-10-11,,,18.959999084472656,2026-06-27 00:09:27 CST,2026-06-27 00:09:27 CST
2010-10-12,,,18.93000030517578,2026-06-27 00:09:27 CST,2026-06-27 00:09:27 CST
2010-10-13,,,19.06999969482422,2026-06-27 00:09:27 CST,2026-06-27 00:09:27 CST
2010-10-14,,,19.8799991607666,2026-06-27 00:09:27 CST,2026-06-27 00:09:27 CST
2010-10-15,,,19.030000686645508,2026-06-27 00:09:27 CST,2026-06-27 00:09:27 CST
2010-10-18,,,19.09000015258789,2026-06-27 00:09:27 CST,2026-06-27 00:09:27 CST
2010-10-19,,,20.6299991607666,2026-06-27 00:09:27 CST,2026-06-27 00:09:27 CST
2010-10-20,,,19.790000915527344,2026-06-27 00:09:27 CST,2026-06-27 00:09:27 CST
2010-10-21,,,19.270000457763672,2026-06-27 00:09:27 CST,2026-06-27 00:09:27 CST
2010-10-22,,,18.780000686645508,2026-06-27 00:09:27 CST,2026-06-27 00:09:27 CST
2010-10-25,,,19.850000381469727,2026-06-27 00:09:27 CST,2026-06-27 00:09:27 CST
2010-10-26,,,20.219999313354492,2026-06-27 00:09:27 CST,2026-06-27 00:09:27 CST
2010-10-27,,,20.709999084472656,2026-06-27 00:09:27 CST,2026-06-27 00:09:27 CST
2010-10-28,,,20.8799991607666,2026-06-27 00:09:27 CST,2026-06-27 00:09:27 CST
2010-10-29,,,21.200000762939453,2026-06-27 00:09:27 CST,2026-06-27 00:09:27 CST
2010-11-01,,,21.829999923706055,2026-06-27 00:09:27 CST,2026-06-27 00:09:27 CST
2010-11-02,,,21.56999969482422,2026-06-27 00:09:27 CST,2026-06-27 00:09:27 CST
2010-11-03,,,19.559999465942383,2026-06-27 00:09:27 CST,2026-06-27 00:09:27 CST
2010-11-04,,,18.520000457763672,2026-06-27 00:09:27 CST,2026-06-27 00:09:27 CST
2010-11-05,,,18.260000228881836,2026-06-27 00:09:27 CST,2026-06-27 00:09:27 CST
2010-11-08,,,18.290000915527344,2026-06-27 00:09:27 CST,2026-06-27 00:09:27 CST
2010-11-09,,,19.079999923706055,2026-06-27 00:09:27 CST,2026-06-27 00:09:27 CST
2010-11-10,,,18.469999313354492,2026-06-27 00:09:27 CST,2026-06-27 00:09:27 CST
2010-11-11,,,18.639999389648438,2026-06-27 00:09:27 CST,2026-06-27 00:09:27 CST
2010-11-12,,,20.610000610351562,2026-06-27 00:09:27 CST,2026-06-27 00:09:27 CST
2010-11-15,,,20.200000762939453,2026-06-27 00:09:27 CST,2026-06-27 00:09:27 CST
2010-11-16,,,22.579999923706055,2026-06-27 00:09:27 CST,2026-06-27 00:09:27 CST
2010-11-17,,,21.760000228881836,2026-06-27 00:09:27 CST,2026-06-27 00:09:27 CST
2010-11-18,,,18.75,2026-06-27 00:09:27 CST,2026-06-27 00:09:27 CST
2010-11-19,,,18.040000915527344,2026-06-27 00:09:27 CST,2026-06-27 00:09:27 CST
2010-11-22,,,18.3700008392334,2026-06-27 00:09:27 CST,2026-06-27 00:09:27 CST
2010-11-23,,,20.6299991607666,2026-06-27 00:09:27 CST,2026-06-27 00:09:27 CST
2010-11-24,,,19.559999465942383,2026-06-27 00:09:27 CST,2026-06-27 00:09:27 CST
2010-11-26,,,22.219999313354492,2026-06-27 00:09:27 CST,2026-06-27 00:09:27 CST
2010-11-29,,,21.530000686645508,2026-06-27 00:09:27 CST,2026-06-27 00:09:27 CST
2010-11-30,,,23.540000915527344,2026-06-27 00:09:27 CST,2026-06-27 00:09:27 CST
2010-12-01,,,21.360000610351562,2026-06-27 00:09:27 CST,2026-06-27 00:09:27 CST
2010-12-02,,,19.389999389648438,2026-06-27 00:09:27 CST,2026-06-27 00:09:27 CST
2010-12-03,,,18.010000228881836,2026-06-27 00:09:27 CST,2026-06-27 00:09:27 CST
2010-12-06,,,18.020000457763672,2026-06-27 00:09:27 CST,2026-06-27 00:09:27 CST
2010-12-07,,,17.989999771118164,2026-06-27 00:09:27 CST,2026-06-27 00:09:27 CST
2010-12-08,,,17.739999771118164,2026-06-27 00:09:27 CST,2026-06-27 00:09:27 CST
2010-12-09,,,17.25,2026-06-27 00:09:27 CST,2026-06-27 00:09:27 CST
2010-12-10,,,17.610000610351562,2026-06-27 00:09:27 CST,2026-06-27 00:09:27 CST
2010-12-13,,,17.549999237060547,2026-06-27 00:09:27 CST,2026-06-27 00:09:27 CST
2010-12-14,,,17.610000610351562,2026-06-27 00:09:27 CST,2026-06-27 00:09:27 CST
2010-12-15,,,17.940000534057617,2026-06-27 00:09:27 CST,2026-06-27 00:09:27 CST
2010-12-16,,,17.389999389648438,2026-06-27 00:09:27 CST,2026-06-27 00:09:27 CST
2010-12-17,,,16.110000610351562,2026-06-27 00:09:27 CST,2026-06-27 00:09:27 CST
2010-12-20,,,16.40999984741211,2026-06-27 00:09:27 CST,2026-06-27 00:09:27 CST
2010-12-21,,,16.489999771118164,2026-06-27 00:09:27 CST,2026-06-27 00:09:27 CST
2010-12-22,,,15.449999809265137,2026-06-27 00:09:27 CST,2026-06-27 00:09:27 CST
2010-12-23,,,16.469999313354492,2026-06-27 00:09:27 CST,2026-06-27 00:09:27 CST
2010-12-27,,,17.670000076293945,2026-06-27 00:09:27 CST,2026-06-27 00:09:27 CST
2010-12-28,,,17.520000457763672,2026-06-27 00:09:27 CST,2026-06-27 00:09:27 CST
2010-12-29,,,17.280000686645508,2026-06-27 00:09:27 CST,2026-06-27 00:09:27 CST
2010-12-30,,,17.520000457763672,2026-06-27 00:09:27 CST,2026-06-27 00:09:27 CST
2010-12-31,,,17.75,2026-06-27 00:09:27 CST,2026-06-27 00:09:27 CST
2011-01-03,,,17.610000610351562,2026-06-27 00:09:27 CST,2026-06-27 00:09:27 CST
2011-01-04,,,17.3799991607666,2026-06-27 00:09:27 CST,2026-06-27 00:09:27 CST
2011-01-05,,,17.020000457763672,2026-06-27 00:09:27 CST,2026-06-27 00:09:27 CST
2011-01-06,,,17.399999618530273,2026-06-27 00:09:27 CST,2026-06-27 00:09:27 CST
2011-01-07,,,17.139999389648438,2026-06-27 00:09:27 CST,2026-06-27 00:09:27 CST
2011-01-10,,,17.540000915527344,2026-06-27 00:09:27 CST,2026-06-27 00:09:27 CST
2011-01-11,,,16.889999389648438,2026-06-27 00:09:27 CST,2026-06-27 00:09:27 CST
2011-01-12,,,16.239999771118164,2026-06-27 00:09:27 CST,2026-06-27 00:09:27 CST
2011-01-13,,,16.389999389648438,2026-06-27 00:09:27 CST,2026-06-27 00:09:27 CST
2011-01-14,,,15.460000038146973,2026-06-27 00:09:27 CST,2026-06-27 00:09:27 CST
2011-01-18,,,15.869999885559082,2026-06-27 00:09:27 CST,2026-06-27 00:09:27 CST
2011-01-19,,,17.309999465942383,2026-06-27 00:09:27 CST,2026-06-27 00:09:27 CST
2011-01-20,,,17.989999771118164,2026-06-27 00:09:27 CST,2026-06-27 00:09:27 CST
2011-01-21,,,18.469999313354492,2026-06-27 00:09:27 CST,2026-06-27 00:09:27 CST
2011-01-24,,,17.649999618530273,2026-06-27 00:09:27 CST,2026-06-27 00:09:27 CST
2011-01-25,,,17.59000015258789,2026-06-27 00:09:27 CST,2026-06-27 00:09:27 CST
2011-01-26,,,16.639999389648438,2026-06-27 00:09:27 CST,2026-06-27 00:09:27 CST
2011-01-27,,,16.149999618530273,2026-06-27 00:09:27 CST,2026-06-27 00:09:27 CST
2011-01-28,,,20.040000915527344,2026-06-27 00:09:27 CST,2026-06-27 00:09:27 CST
2011-01-31,,,19.530000686645508,2026-06-27 00:09:27 CST,2026-06-27 00:09:27 CST
2011-02-01,,,17.6299991607666,2026-06-27 00:09:27 CST,2026-06-27 00:09:27 CST
2011-02-02,,,17.299999237060547,2026-06-27 00:09:27 CST,2026-06-27 00:09:27 CST
2011-02-03,,,16.690000534057617,2026-06-27 00:09:27 CST,2026-06-27 00:09:27 CST
2011-02-04,,,15.930000305175781,2026-06-27 00:09:27 CST,2026-06-27 00:09:27 CST
2011-02-07,,,16.280000686645508,2026-06-27 00:09:27 CST,2026-06-27 00:09:27 CST
2011-02-08,,,15.8100004196167,2026-06-27 00:09:27 CST,2026-06-27 00:09:27 CST
2011-02-09,,,15.869999885559082,2026-06-27 00:09:27 CST,2026-06-27 00:09:27 CST
2011-02-10,,,16.09000015258789,2026-06-27 00:09:27 CST,2026-06-27 00:09:27 CST
2011-02-11,,,15.6899995803833,2026-06-27 00:09:27 CST,2026-06-27 00:09:27 CST
2011-02-14,,,15.949999809265137,2026-06-27 00:09:27 CST,2026-06-27 00:09:27 CST
2011-02-15,,,16.3700008392334,2026-06-27 00:09:27 CST,2026-06-27 00:09:27 CST
2011-02-16,,,16.719999313354492,2026-06-27 00:09:27 CST,2026-06-27 00:09:27 CST
2011-02-17,,,16.59000015258789,2026-06-27 00:09:27 CST,2026-06-27 00:09:27 CST
2011-02-18,,,16.43000030517578,2026-06-27 00:09:27 CST,2026-06-27 00:09:27 CST
2011-02-22,,,20.799999237060547,2026-06-27 00:09:27 CST,2026-06-27 00:09:27 CST
2011-02-23,,,22.1299991607666,2026-06-27 00:09:27 CST,2026-06-27 00:09:27 CST
2011-02-24,,,21.31999969482422,2026-06-27 00:09:27 CST,2026-06-27 00:09:27 CST
2011-02-25,,,19.219999313354492,2026-06-27 00:09:27 CST,2026-06-27 00:09:27 CST
2011-02-28,,,18.350000381469727,2026-06-27 00:09:27 CST,2026-06-27 00:09:27 CST
2011-03-01,,,21.010000228881836,2026-06-27 00:09:27 CST,2026-06-27 00:09:27 CST
2011-03-02,,,20.700000762939453,2026-06-27 00:09:27 CST,2026-06-27 00:09:27 CST
2011-03-03,,,18.600000381469727,2026-06-27 00:09:27 CST,2026-06-27 00:09:27 CST
2011-03-04,,,19.059999465942383,2026-06-27 00:09:27 CST,2026-06-27 00:09:27 CST
2011-03-07,,,20.65999984741211,2026-06-27 00:09:27 CST,2026-06-27 00:09:27 CST
2011-03-08,,,19.81999969482422,2026-06-27 00:09:27 CST,2026-06-27 00:09:27 CST
2011-03-09,,,20.219999313354492,2026-06-27 00:09:27 CST,2026-06-27 00:09:27 CST
2011-03-10,,,21.8799991607666,2026-06-27 00:09:27 CST,2026-06-27 00:09:27 CST
2011-03-11,,,20.079999923706055,2026-06-27 00:09:27 CST,2026-06-27 00:09:27 CST
2011-03-14,,,21.1299991607666,2026-06-27 00:09:27 CST,2026-06-27 00:09:27 CST
2011-03-15,,,24.31999969482422,2026-06-27 00:09:27 CST,2026-06-27 00:09:27 CST
2011-03-16,,,29.399999618530273,2026-06-27 00:09:27 CST,2026-06-27 00:09:27 CST
2011-03-17,,,26.3700008392334,2026-06-27 00:09:27 CST,2026-06-27 00:09:27 CST
2011-03-18,,,24.440000534057617,2026-06-27 00:09:27 CST,2026-06-27 00:09:27 CST
2011-03-21,,,20.610000610351562,2026-06-27 00:09:27 CST,2026-06-27 00:09:27 CST
2011-03-22,,,20.209999084472656,2026-06-27 00:09:27 CST,2026-06-27 00:09:27 CST
2011-03-23,,,19.170000076293945,2026-06-27 00:09:27 CST,2026-06-27 00:09:27 CST
2011-03-24,,,18.0,2026-06-27 00:09:27 CST,2026-06-27 00:09:27 CST
2011-03-25,,,17.90999984741211,2026-06-27 00:09:27 CST,2026-06-27 00:09:27 CST
2011-03-28,,,19.440000534057617,2026-06-27 00:09:27 CST,2026-06-27 00:09:27 CST
2011-03-29,,,18.15999984741211,2026-06-27 00:09:27 CST,2026-06-27 00:09:27 CST
2011-03-30,,,17.709999084472656,2026-06-27 00:09:27 CST,2026-06-27 00:09:27 CST
2011-03-31,,,17.739999771118164,2026-06-27 00:09:27 CST,2026-06-27 00:09:27 CST
2011-04-01,,,17.399999618530273,2026-06-27 00:09:27 CST,2026-06-27 00:09:27 CST
2011-04-04,,,17.5,2026-06-27 00:09:27 CST,2026-06-27 00:09:27 CST
2011-04-05,,,17.25,2026-06-27 00:09:27 CST,2026-06-27 00:09:27 CST
2011-04-06,,,16.899999618530273,2026-06-27 00:09:27 CST,2026-06-27 00:09:27 CST
2011-04-07,,,17.110000610351562,2026-06-27 00:09:27 CST,2026-06-27 00:09:27 CST
2011-04-08,,,17.8700008392334,2026-06-27 00:09:27 CST,2026-06-27 00:09:27 CST
2011-04-11,,,16.59000015258789,2026-06-27 00:09:27 CST,2026-06-27 00:09:27 CST
2011-04-12,,,17.09000015258789,2026-06-27 00:09:27 CST,2026-06-27 00:09:27 CST
2011-04-13,,,16.920000076293945,2026-06-27 00:09:27 CST,2026-06-27 00:09:27 CST
2011-04-14,,,16.270000457763672,2026-06-27 00:09:27 CST,2026-06-27 00:09:27 CST
2011-04-15,,,15.319999694824219,2026-06-27 00:09:27 CST,2026-06-27 00:09:27 CST
2011-04-18,,,16.959999084472656,2026-06-27 00:09:27 CST,2026-06-27 00:09:27 CST
2011-04-19,,,15.829999923706055,2026-06-27 00:09:27 CST,2026-06-27 00:09:27 CST
2011-04-20,,,15.069999694824219,2026-06-27 00:09:27 CST,2026-06-27 00:09:27 CST
2011-04-21,,,14.6899995803833,2026-06-27 00:09:27 CST,2026-06-27 00:09:27 CST
2011-04-25,,,15.770000457763672,2026-06-27 00:09:27 CST,2026-06-27 00:09:27 CST
2011-04-26,,,15.619999885559082,2026-06-27 00:09:27 CST,2026-06-27 00:09:27 CST
2011-04-27,,,15.350000381469727,2026-06-27 00:09:27 CST,2026-06-27 00:09:27 CST
2011-04-28,,,14.619999885559082,2026-06-27 00:09:27 CST,2026-06-27 00:09:27 CST
2011-04-29,,,14.75,2026-06-27 00:09:27 CST,2026-06-27 00:09:27 CST
2011-05-02,,,15.989999771118164,2026-06-27 00:09:27 CST,2026-06-27 00:09:27 CST
2011-05-03,,,16.700000762939453,2026-06-27 00:09:27 CST,2026-06-27 00:09:27 CST
2011-05-04,,,17.079999923706055,2026-06-27 00:09:27 CST,2026-06-27 00:09:27 CST
2011-05-05,,,18.200000762939453,2026-06-27 00:09:27 CST,2026-06-27 00:09:27 CST
2011-05-06,,,18.399999618530273,2026-06-27 00:09:27 CST,2026-06-27 00:09:27 CST
2011-05-09,,,17.15999984741211,2026-06-27 00:09:27 CST,2026-06-27 00:09:27 CST
2011-05-10,,,15.90999984741211,2026-06-27 00:09:27 CST,2026-06-27 00:09:27 CST
2011-05-11,,,16.950000762939453,2026-06-27 00:09:27 CST,2026-06-27 00:09:27 CST
2011-05-12,,,16.030000686645508,2026-06-27 00:09:27 CST,2026-06-27 00:09:27 CST
2011-05-13,,,17.06999969482422,2026-06-27 00:09:27 CST,2026-06-27 00:09:27 CST
2011-05-16,,,18.239999771118164,2026-06-27 00:09:27 CST,2026-06-27 00:09:27 CST
2011-05-17,,,17.549999237060547,2026-06-27 00:09:27 CST,2026-06-27 00:09:27 CST
2011-05-18,,,16.229999542236328,2026-06-27 00:09:27 CST,2026-06-27 00:09:27 CST
2011-05-19,,,15.520000457763672,2026-06-27 00:09:27 CST,2026-06-27 00:09:27 CST
2011-05-20,,,17.43000030517578,2026-06-27 00:09:27 CST,2026-06-27 00:09:27 CST
2011-05-23,,,18.270000457763672,2026-06-27 00:09:27 CST,2026-06-27 00:09:27 CST
2011-05-24,,,17.81999969482422,2026-06-27 00:09:27 CST,2026-06-27 00:09:27 CST
2011-05-25,,,17.06999969482422,2026-06-27 00:09:27 CST,2026-06-27 00:09:27 CST
2011-05-26,,,16.09000015258789,2026-06-27 00:09:27 CST,2026-06-27 00:09:27 CST
2011-05-27,,,15.979999542236328,2026-06-27 00:09:27 CST,2026-06-27 00:09:27 CST
2011-05-31,,,15.449999809265137,2026-06-27 00:09:27 CST,2026-06-27 00:09:27 CST
2011-06-01,,,18.299999237060547,2026-06-27 00:09:27 CST,2026-06-27 00:09:27 CST
2011-06-02,,,18.09000015258789,2026-06-27 00:09:27 CST,2026-06-27 00:09:27 CST
2011-06-03,,,17.950000762939453,2026-06-27 00:09:27 CST,2026-06-27 00:09:27 CST
2011-06-06,,,18.489999771118164,2026-06-27 00:09:27 CST,2026-06-27 00:09:27 CST
2011-06-07,,,18.06999969482422,2026-06-27 00:09:27 CST,2026-06-27 00:09:27 CST
2011-06-08,,,18.790000915527344,2026-06-27 00:09:27 CST,2026-06-27 00:09:27 CST
2011-06-09,,,17.770000457763672,2026-06-27 00:09:27 CST,2026-06-27 00:09:27 CST
2011-06-10,,,18.860000610351562,2026-06-27 00:09:27 CST,2026-06-27 00:09:27 CST
2011-06-13,,,19.610000610351562,2026-06-27 00:09:27 CST,2026-06-27 00:09:27 CST
2011-06-14,,,18.260000228881836,2026-06-27 00:09:27 CST,2026-06-27 00:09:27 CST
2011-06-15,,,21.31999969482422,2026-06-27 00:09:27 CST,2026-06-27 00:09:27 CST
2011-06-16,,,22.729999542236328,2026-06-27 00:09:27 CST,2026-06-27 00:09:27 CST
2011-06-17,,,21.850000381469727,2026-06-27 00:09:27 CST,2026-06-27 00:09:27 CST
2011-06-20,,,19.989999771118164,2026-06-27 00:09:27 CST,2026-06-27 00:09:27 CST
2011-06-21,,,18.860000610351562,2026-06-27 00:09:27 CST,2026-06-27 00:09:27 CST
2011-06-22,,,18.520000457763672,2026-06-27 00:09:27 CST,2026-06-27 00:09:27 CST
2011-06-23,,,19.290000915527344,2026-06-27 00:09:27 CST,2026-06-27 00:09:27 CST
2011-06-24,,,21.100000381469727,2026-06-27 00:09:27 CST,2026-06-27 00:09:27 CST
2011-06-27,,,20.559999465942383,2026-06-27 00:09:27 CST,2026-06-27 00:09:27 CST
2011-06-28,,,19.170000076293945,2026-06-27 00:09:27 CST,2026-06-27 00:09:27 CST
2011-06-29,,,17.270000457763672,2026-06-27 00:09:27 CST,2026-06-27 00:09:27 CST
2011-06-30,,,16.520000457763672,2026-06-27 00:09:27 CST,2026-06-27 00:09:27 CST
2011-07-01,,,15.869999885559082,2026-06-27 00:09:27 CST,2026-06-27 00:09:27 CST
2011-07-05,,,16.059999465942383,2026-06-27 00:09:27 CST,2026-06-27 00:09:27 CST
2011-07-06,,,16.34000015258789,2026-06-27 00:09:27 CST,2026-06-27 00:09:27 CST
2011-07-07,,,15.949999809265137,2026-06-27 00:09:27 CST,2026-06-27 00:09:27 CST
2011-07-08,,,15.949999809265137,2026-06-27 00:09:27 CST,2026-06-27 00:09:27 CST
2011-07-11,,,18.389999389648438,2026-06-27 00:09:27 CST,2026-06-27 00:09:27 CST
2011-07-12,,,19.8700008392334,2026-06-27 00:09:27 CST,2026-06-27 00:09:27 CST
2011-07-13,,,19.90999984741211,2026-06-27 00:09:27 CST,2026-06-27 00:09:27 CST
2011-07-14,,,20.799999237060547,2026-06-27 00:09:27 CST,2026-06-27 00:09:27 CST
2011-07-15,,,19.530000686645508,2026-06-27 00:09:27 CST,2026-06-27 00:09:27 CST
2011-07-18,,,20.950000762939453,2026-06-27 00:09:27 CST,2026-06-27 00:09:27 CST
2011-07-19,,,19.209999084472656,2026-06-27 00:09:27 CST,2026-06-27 00:09:27 CST
2011-07-20,,,19.09000015258789,2026-06-27 00:09:27 CST,2026-06-27 00:09:27 CST
2011-07-21,,,17.559999465942383,2026-06-27 00:09:27 CST,2026-06-27 00:09:27 CST
2011-07-22,,,17.520000457763672,2026-06-27 00:09:27 CST,2026-06-27 00:09:27 CST
2011-07-25,,,19.350000381469727,2026-06-27 00:09:27 CST,2026-06-27 00:09:27 CST
2011-07-26,,,20.229999542236328,2026-06-27 00:09:27 CST,2026-06-27 00:09:27 CST
2011-07-27,,,22.979999542236328,2026-06-27 00:09:27 CST,2026-06-27 00:09:27 CST
2011-07-28,,,23.739999771118164,2026-06-27 00:09:27 CST,2026-06-27 00:09:27 CST
2011-07-29,,,25.25,2026-06-27 00:09:27 CST,2026-06-27 00:09:27 CST
2011-08-01,,,23.65999984741211,2026-06-27 00:09:27 CST,2026-06-27 00:09:27 CST
2011-08-02,,,24.790000915527344,2026-06-27 00:09:27 CST,2026-06-27 00:09:27 CST
2011-08-03,,,23.3799991607666,2026-06-27 00:09:27 CST,2026-06-27 00:09:27 CST
2011-08-04,,,31.65999984741211,2026-06-27 00:09:27 CST,2026-06-27 00:09:27 CST
2011-08-05,,,32.0,2026-06-27 00:09:27 CST,2026-06-27 00:09:27 CST
2011-08-08,,,48.0,2026-06-27 00:09:27 CST,2026-06-27 00:09:27 CST
2011-08-09,,,35.060001373291016,2026-06-27 00:09:27 CST,2026-06-27 00:09:27 CST
2011-08-10,,,42.9900016784668,2026-06-27 00:09:27 CST,2026-06-27 00:09:27 CST
2011-08-11,,,39.0,2026-06-27 00:09:27 CST,2026-06-27 00:09:27 CST
2011-08-12,,,36.36000061035156,2026-06-27 00:09:27 CST,2026-06-27 00:09:27 CST
2011-08-15,,,31.8700008392334,2026-06-27 00:09:27 CST,2026-06-27 00:09:27 CST
2011-08-16,,,32.849998474121094,2026-06-27 00:09:27 CST,2026-06-27 00:09:27 CST
2011-08-17,,,31.579999923706055,2026-06-27 00:09:27 CST,2026-06-27 00:09:27 CST
2011-08-18,,,42.66999816894531,2026-06-27 00:09:27 CST,2026-06-27 00:09:27 CST
2011-08-19,,,43.04999923706055,2026-06-27 00:09:27 CST,2026-06-27 00:09:27 CST
2011-08-22,,,42.439998626708984,2026-06-27 00:09:27 CST,2026-06-27 00:09:27 CST
2011-08-23,,,36.27000045776367,2026-06-27 00:09:27 CST,2026-06-27 00:09:27 CST
2011-08-24,,,35.900001525878906,2026-06-27 00:09:27 CST,2026-06-27 00:09:27 CST
2011-08-25,,,39.7599983215332,2026-06-27 00:09:27 CST,2026-06-27 00:09:27 CST
2011-08-26,,,35.59000015258789,2026-06-27 00:09:27 CST,2026-06-27 00:09:27 CST
2011-08-29,,,32.279998779296875,2026-06-27 00:09:27 CST,2026-06-27 00:09:27 CST
2011-08-30,,,32.88999938964844,2026-06-27 00:09:27 CST,2026-06-27 00:09:27 CST
2011-08-31,,,31.6200008392334,2026-06-27 00:09:27 CST,2026-06-27 00:09:27 CST
2011-09-01,,,31.81999969482422,2026-06-27 00:09:27 CST,2026-06-27 00:09:27 CST
2011-09-02,,,33.91999816894531,2026-06-27 00:09:27 CST,2026-06-27 00:09:27 CST
2011-09-06,,,37.0,2026-06-27 00:09:27 CST,2026-06-27 00:09:27 CST
2011-09-07,,,33.380001068115234,2026-06-27 00:09:27 CST,2026-06-27 00:09:27 CST
2011-09-08,,,34.31999969482422,2026-06-27 00:09:27 CST,2026-06-27 00:09:27 CST
2011-09-09,,,38.52000045776367,2026-06-27 00:09:27 CST,2026-06-27 00:09:27 CST
2011-09-12,,,38.59000015258789,2026-06-27 00:09:27 CST,2026-06-27 00:09:27 CST
2011-09-13,,,36.90999984741211,2026-06-27 00:09:27 CST,2026-06-27 00:09:27 CST
2011-09-14,,,34.599998474121094,2026-06-27 00:09:27 CST,2026-06-27 00:09:27 CST
2011-09-15,,,31.969999313354492,2026-06-27 00:09:27 CST,2026-06-27 00:09:27 CST
2011-09-16,,,30.979999542236328,2026-06-27 00:09:27 CST,2026-06-27 00:09:27 CST
2011-09-19,,,32.72999954223633,2026-06-27 00:09:27 CST,2026-06-27 00:09:27 CST
2011-09-20,,,32.86000061035156,2026-06-27 00:09:27 CST,2026-06-27 00:09:27 CST
2011-09-21,,,37.31999969482422,2026-06-27 00:09:27 CST,2026-06-27 00:09:27 CST
2011-09-22,,,41.349998474121094,2026-06-27 00:09:27 CST,2026-06-27 00:09:27 CST
2011-09-23,,,41.25,2026-06-27 00:09:27 CST,2026-06-27 00:09:27 CST
2011-09-26,,,39.02000045776367,2026-06-27 00:09:27 CST,2026-06-27 00:09:27 CST
2011-09-27,,,37.709999084472656,2026-06-27 00:09:27 CST,2026-06-27 00:09:27 CST
2011-09-28,,,41.08000183105469,2026-06-27 00:09:27 CST,2026-06-27 00:09:27 CST
2011-09-29,,,38.84000015258789,2026-06-27 00:09:27 CST,2026-06-27 00:09:27 CST
2011-09-30,,,42.959999084472656,2026-06-27 00:09:27 CST,2026-06-27 00:09:27 CST
2011-10-03,,,45.45000076293945,2026-06-27 00:09:27 CST,2026-06-27 00:09:27 CST
2011-10-04,,,40.81999969482422,2026-06-27 00:09:27 CST,2026-06-27 00:09:27 CST
2011-10-05,,,37.810001373291016,2026-06-27 00:09:27 CST,2026-06-27 00:09:27 CST
2011-10-06,,,36.27000045776367,2026-06-27 00:09:27 CST,2026-06-27 00:09:27 CST
2011-10-07,,,36.20000076293945,2026-06-27 00:09:27 CST,2026-06-27 00:09:27 CST
2011-10-10,,,33.02000045776367,2026-06-27 00:09:27 CST,2026-06-27 00:09:27 CST
2011-10-11,,,32.86000061035156,2026-06-27 00:09:27 CST,2026-06-27 00:09:27 CST
2011-10-12,,,31.260000228881836,2026-06-27 00:09:27 CST,2026-06-27 00:09:27 CST
2011-10-13,,,30.700000762939453,2026-06-27 00:09:27 CST,2026-06-27 00:09:27 CST
2011-10-14,,,28.239999771118164,2026-06-27 00:09:27 CST,2026-06-27 00:09:27 CST
2011-10-17,,,33.38999938964844,2026-06-27 00:09:27 CST,2026-06-27 00:09:27 CST
2011-10-18,,,31.559999465942383,2026-06-27 00:09:27 CST,2026-06-27 00:09:27 CST
2011-10-19,,,34.439998626708984,2026-06-27 00:09:27 CST,2026-06-27 00:09:27 CST
2011-10-20,,,34.779998779296875,2026-06-27 00:09:27 CST,2026-06-27 00:09:27 CST
2011-10-21,,,31.31999969482422,2026-06-27 00:09:27 CST,2026-06-27 00:09:27 CST
2011-10-24,,,29.260000228881836,2026-06-27 00:09:27 CST,2026-06-27 00:09:27 CST
2011-10-25,,,32.220001220703125,2026-06-27 00:09:27 CST,2026-06-27 00:09:27 CST
2011-10-26,,,29.860000610351562,2026-06-27 00:09:27 CST,2026-06-27 00:09:27 CST
2011-10-27,,,25.459999084472656,2026-06-27 00:09:27 CST,2026-06-27 00:09:27 CST
2011-10-28,,,24.530000686645508,2026-06-27 00:09:27 CST,2026-06-27 00:09:27 CST
2011-10-31,,,29.959999084472656,2026-06-27 00:09:27 CST,2026-06-27 00:09:27 CST
2011-11-01,,,34.77000045776367,2026-06-27 00:09:27 CST,2026-06-27 00:09:27 CST
2011-11-02,,,32.7400016784668,2026-06-27 00:09:27 CST,2026-06-27 00:09:27 CST
2011-11-03,,,30.5,2026-06-27 00:09:27 CST,2026-06-27 00:09:27 CST
2011-11-04,,,30.15999984741211,2026-06-27 00:09:27 CST,2026-06-27 00:09:27 CST
2011-11-07,,,29.850000381469727,2026-06-27 00:09:27 CST,2026-06-27 00:09:27 CST
2011-11-08,,,27.479999542236328,2026-06-27 00:09:27 CST,2026-06-27 00:09:27 CST
2011-11-09,,,36.15999984741211,2026-06-27 00:09:27 CST,2026-06-27 00:09:27 CST
2011-11-10,,,32.810001373291016,2026-06-27 00:09:27 CST,2026-06-27 00:09:27 CST
2011-11-11,,,30.040000915527344,2026-06-27 00:09:27 CST,2026-06-27 00:09:27 CST
2011-11-14,,,31.1299991607666,2026-06-27 00:09:27 CST,2026-06-27 00:09:27 CST
2011-11-15,,,31.219999313354492,2026-06-27 00:09:27 CST,2026-06-27 00:09:27 CST
2011-11-16,,,33.5099983215332,2026-06-27 00:09:27 CST,2026-06-27 00:09:27 CST
2011-11-17,,,34.5099983215332,2026-06-27 00:09:27 CST,2026-06-27 00:09:27 CST
2011-11-18,,,32.0,2026-06-27 00:09:27 CST,2026-06-27 00:09:27 CST
2011-11-21,,,32.90999984741211,2026-06-27 00:09:27 CST,2026-06-27 00:09:27 CST
2011-11-22,,,31.969999313354492,2026-06-27 00:09:27 CST,2026-06-27 00:09:27 CST
2011-11-23,,,33.97999954223633,2026-06-27 00:09:27 CST,2026-06-27 00:09:27 CST
2011-11-25,,,34.470001220703125,2026-06-27 00:09:27 CST,2026-06-27 00:09:27 CST
2011-11-28,,,32.130001068115234,2026-06-27 00:09:27 CST,2026-06-27 00:09:27 CST
2011-11-29,,,30.639999389648438,2026-06-27 00:09:27 CST,2026-06-27 00:09:27 CST
2011-11-30,,,27.799999237060547,2026-06-27 00:09:27 CST,2026-06-27 00:09:27 CST
2011-12-01,,,27.40999984741211,2026-06-27 00:09:27 CST,2026-06-27 00:09:27 CST
2011-12-02,,,27.520000457763672,2026-06-27 00:09:27 CST,2026-06-27 00:09:27 CST
2011-12-05,,,27.84000015258789,2026-06-27 00:09:27 CST,2026-06-27 00:09:27 CST
2011-12-06,,,28.1299991607666,2026-06-27 00:09:27 CST,2026-06-27 00:09:27 CST
2011-12-07,,,28.670000076293945,2026-06-27 00:09:27 CST,2026-06-27 00:09:27 CST
2011-12-08,,,30.59000015258789,2026-06-27 00:09:27 CST,2026-06-27 00:09:27 CST
2011-12-09,,,26.3799991607666,2026-06-27 00:09:27 CST,2026-06-27 00:09:27 CST
2011-12-12,,,25.670000076293945,2026-06-27 00:09:27 CST,2026-06-27 00:09:27 CST
2011-12-13,,,25.40999984741211,2026-06-27 00:09:27 CST,2026-06-27 00:09:27 CST
2011-12-14,,,26.040000915527344,2026-06-27 00:09:27 CST,2026-06-27 00:09:27 CST
2011-12-15,,,25.110000610351562,2026-06-27 00:09:27 CST,2026-06-27 00:09:27 CST
2011-12-16,,,24.290000915527344,2026-06-27 00:09:27 CST,2026-06-27 00:09:27 CST
2011-12-19,,,24.920000076293945,2026-06-27 00:09:27 CST,2026-06-27 00:09:27 CST
2011-12-20,,,23.219999313354492,2026-06-27 00:09:27 CST,2026-06-27 00:09:27 CST
2011-12-21,,,21.43000030517578,2026-06-27 00:09:27 CST,2026-06-27 00:09:27 CST
2011-12-22,,,21.15999984741211,2026-06-27 00:09:27 CST,2026-06-27 00:09:27 CST
2011-12-23,,,20.729999542236328,2026-06-27 00:09:27 CST,2026-06-27 00:09:27 CST
2011-12-27,,,21.90999984741211,2026-06-27 00:09:27 CST,2026-06-27 00:09:27 CST
2011-12-28,,,23.520000457763672,2026-06-27 00:09:27 CST,2026-06-27 00:09:27 CST
2011-12-29,,,22.649999618530273,2026-06-27 00:09:27 CST,2026-06-27 00:09:27 CST
2011-12-30,,,23.399999618530273,2026-06-27 00:09:27 CST,2026-06-27 00:09:27 CST
2012-01-03,,,22.969999313354492,2026-06-27 00:09:27 CST,2026-06-27 00:09:27 CST
2012-01-04,,,22.219999313354492,2026-06-27 00:09:27 CST,2026-06-27 00:09:27 CST
2012-01-05,,,21.479999542236328,2026-06-27 00:09:27 CST,2026-06-27 00:09:27 CST
2012-01-06,,,20.6299991607666,2026-06-27 00:09:27 CST,2026-06-27 00:09:27 CST
2012-01-09,,,21.06999969482422,2026-06-27 00:09:27 CST,2026-06-27 00:09:27 CST
2012-01-10,,,20.690000534057617,2026-06-27 00:09:27 CST,2026-06-27 00:09:27 CST
2012-01-11,,,21.049999237060547,2026-06-27 00:09:27 CST,2026-06-27 00:09:27 CST
2012-01-12,,,20.469999313354492,2026-06-27 00:09:27 CST,2026-06-27 00:09:27 CST
2012-01-13,,,20.90999984741211,2026-06-27 00:09:27 CST,2026-06-27 00:09:27 CST
2012-01-17,,,22.200000762939453,2026-06-27 00:09:27 CST,2026-06-27 00:09:27 CST
2012-01-18,,,20.889999389648438,2026-06-27 00:09:27 CST,2026-06-27 00:09:27 CST
2012-01-19,,,19.8700008392334,2026-06-27 00:09:27 CST,2026-06-27 00:09:27 CST
2012-01-20,,,18.280000686645508,2026-06-27 00:09:27 CST,2026-06-27 00:09:27 CST
2012-01-23,,,18.670000076293945,2026-06-27 00:09:27 CST,2026-06-27 00:09:27 CST
2012-01-24,,,18.90999984741211,2026-06-27 00:09:27 CST,2026-06-27 00:09:27 CST
2012-01-25,,,18.309999465942383,2026-06-27 00:09:27 CST,2026-06-27 00:09:27 CST
2012-01-26,,,18.56999969482422,2026-06-27 00:09:27 CST,2026-06-27 00:09:27 CST
2012-01-27,,,18.530000686645508,2026-06-27 00:09:27 CST,2026-06-27 00:09:27 CST
2012-01-30,,,19.399999618530273,2026-06-27 00:09:27 CST,2026-06-27 00:09:27 CST
2012-01-31,,,19.440000534057617,2026-06-27 00:09:27 CST,2026-06-27 00:09:27 CST
2012-02-01,,,18.549999237060547,2026-06-27 00:09:27 CST,2026-06-27 00:09:27 CST
2012-02-02,,,17.979999542236328,2026-06-27 00:09:27 CST,2026-06-27 00:09:27 CST
2012-02-03,,,17.100000381469727,2026-06-27 00:09:27 CST,2026-06-27 00:09:27 CST
2012-02-06,,,17.760000228881836,2026-06-27 00:09:27 CST,2026-06-27 00:09:27 CST
2012-02-07,,,17.649999618530273,2026-06-27 00:09:27 CST,2026-06-27 00:09:27 CST
2012-02-08,,,18.15999984741211,2026-06-27 00:09:27 CST,2026-06-27 00:09:27 CST
2012-02-09,,,18.6299991607666,2026-06-27 00:09:27 CST,2026-06-27 00:09:27 CST
2012-02-10,,,20.790000915527344,2026-06-27 00:09:27 CST,2026-06-27 00:09:27 CST
2012-02-13,,,19.040000915527344,2026-06-27 00:09:27 CST,2026-06-27 00:09:27 CST
2012-02-14,,,19.540000915527344,2026-06-27 00:09:27 CST,2026-06-27 00:09:27 CST
2012-02-15,,,21.139999389648438,2026-06-27 00:09:27 CST,2026-06-27 00:09:27 CST
2012-02-16,,,19.219999313354492,2026-06-27 00:09:27 CST,2026-06-27 00:09:27 CST
2012-02-17,,,17.780000686645508,2026-06-27 00:09:27 CST,2026-06-27 00:09:27 CST
2012-02-21,,,18.190000534057617,2026-06-27 00:09:27 CST,2026-06-27 00:09:27 CST
2012-02-22,,,18.190000534057617,2026-06-27 00:09:27 CST,2026-06-27 00:09:27 CST
2012-02-23,,,16.799999237060547,2026-06-27 00:09:27 CST,2026-06-27 00:09:27 CST
2012-02-24,,,17.309999465942383,2026-06-27 00:09:27 CST,2026-06-27 00:09:27 CST
2012-02-27,,,18.190000534057617,2026-06-27 00:09:27 CST,2026-06-27 00:09:27 CST
2012-02-28,,,17.959999084472656,2026-06-27 00:09:27 CST,2026-06-27 00:09:27 CST
2012-02-29,,,18.43000030517578,2026-06-27 00:09:27 CST,2026-06-27 00:09:27 CST
2012-03-01,,,17.260000228881836,2026-06-27 00:09:27 CST,2026-06-27 00:09:27 CST
2012-03-02,,,17.290000915527344,2026-06-27 00:09:27 CST,2026-06-27 00:09:27 CST
2012-03-05,,,18.049999237060547,2026-06-27 00:09:27 CST,2026-06-27 00:09:27 CST
2012-03-06,,,20.8700008392334,2026-06-27 00:09:27 CST,2026-06-27 00:09:27 CST
2012-03-07,,,19.06999969482422,2026-06-27 00:09:27 CST,2026-06-27 00:09:27 CST
2012-03-08,,,17.950000762939453,2026-06-27 00:09:27 CST,2026-06-27 00:09:27 CST
2012-03-09,,,17.110000610351562,2026-06-27 00:09:27 CST,2026-06-27 00:09:27 CST
2012-03-12,,,15.640000343322754,2026-06-27 00:09:27 CST,2026-06-27 00:09:27 CST
2012-03-13,,,14.800000190734863,2026-06-27 00:09:27 CST,2026-06-27 00:09:27 CST
2012-03-14,,,15.3100004196167,2026-06-27 00:09:27 CST,2026-06-27 00:09:27 CST
2012-03-15,,,15.420000076293945,2026-06-27 00:09:27 CST,2026-06-27 00:09:27 CST
2012-03-16,,,14.470000267028809,2026-06-27 00:09:27 CST,2026-06-27 00:09:27 CST
2012-03-19,,,15.039999961853027,2026-06-27 00:09:27 CST,2026-06-27 00:09:27 CST
2012-03-20,,,15.579999923706055,2026-06-27 00:09:27 CST,2026-06-27 00:09:27 CST
2012-03-21,,,15.130000114440918,2026-06-27 00:09:27 CST,2026-06-27 00:09:27 CST
2012-03-22,,,15.569999694824219,2026-06-27 00:09:27 CST,2026-06-27 00:09:27 CST
2012-03-23,,,14.819999694824219,2026-06-27 00:09:27 CST,2026-06-27 00:09:27 CST
2012-03-26,,,14.260000228881836,2026-06-27 00:09:27 CST,2026-06-27 00:09:27 CST
2012-03-27,,,15.59000015258789,2026-06-27 00:09:27 CST,2026-06-27 00:09:27 CST
2012-03-28,,,15.470000267028809,2026-06-27 00:09:27 CST,2026-06-27 00:09:27 CST
2012-03-29,,,15.479999542236328,2026-06-27 00:09:27 CST,2026-06-27 00:09:27 CST
2012-03-30,,,15.5,2026-06-27 00:09:27 CST,2026-06-27 00:09:27 CST
2012-04-02,,,15.640000343322754,2026-06-27 00:09:27 CST,2026-06-27 00:09:27 CST
2012-04-03,,,15.65999984741211,2026-06-27 00:09:27 CST,2026-06-27 00:09:27 CST
2012-04-04,,,16.440000534057617,2026-06-27 00:09:27 CST,2026-06-27 00:09:27 CST
2012-04-05,,,16.700000762939453,2026-06-27 00:09:27 CST,2026-06-27 00:09:27 CST
2012-04-09,,,18.809999465942383,2026-06-27 00:09:27 CST,2026-06-27 00:09:27 CST
2012-04-10,,,20.389999389648438,2026-06-27 00:09:27 CST,2026-06-27 00:09:27 CST
2012-04-11,,,20.020000457763672,2026-06-27 00:09:27 CST,2026-06-27 00:09:27 CST
2012-04-12,,,17.200000762939453,2026-06-27 00:09:27 CST,2026-06-27 00:09:27 CST
2012-04-13,,,19.549999237060547,2026-06-27 00:09:27 CST,2026-06-27 00:09:27 CST
2012-04-16,,,19.549999237060547,2026-06-27 00:09:27 CST,2026-06-27 00:09:27 CST
2012-04-17,,,18.459999084472656,2026-06-27 00:09:27 CST,2026-06-27 00:09:27 CST
2012-04-18,,,18.639999389648438,2026-06-27 00:09:27 CST,2026-06-27 00:09:27 CST
2012-04-19,,,18.360000610351562,2026-06-27 00:09:27 CST,2026-06-27 00:09:27 CST
2012-04-20,,,17.440000534057617,2026-06-27 00:09:27 CST,2026-06-27 00:09:27 CST
2012-04-23,,,18.969999313354492,2026-06-27 00:09:27 CST,2026-06-27 00:09:27 CST
2012-04-24,,,18.100000381469727,2026-06-27 00:09:27 CST,2026-06-27 00:09:27 CST
2012-04-25,,,16.81999969482422,2026-06-27 00:09:27 CST,2026-06-27 00:09:27 CST
2012-04-26,,,16.239999771118164,2026-06-27 00:09:27 CST,2026-06-27 00:09:27 CST
2012-04-27,,,16.31999969482422,2026-06-27 00:09:27 CST,2026-06-27 00:09:27 CST
2012-04-30,,,17.149999618530273,2026-06-27 00:09:27 CST,2026-06-27 00:09:27 CST
2012-05-01,,,16.600000381469727,2026-06-27 00:09:27 CST,2026-06-27 00:09:27 CST
2012-05-02,,,16.8799991607666,2026-06-27 00:09:27 CST,2026-06-27 00:09:27 CST
2012-05-03,,,17.559999465942383,2026-06-27 00:09:27 CST,2026-06-27 00:09:27 CST
2012-05-04,,,19.15999984741211,2026-06-27 00:09:27 CST,2026-06-27 00:09:27 CST
2012-05-07,,,18.940000534057617,2026-06-27 00:09:27 CST,2026-06-27 00:09:27 CST
2012-05-08,,,19.049999237060547,2026-06-27 00:09:27 CST,2026-06-27 00:09:27 CST
2012-05-09,,,20.079999923706055,2026-06-27 00:09:27 CST,2026-06-27 00:09:27 CST
2012-05-10,,,18.829999923706055,2026-06-27 00:09:27 CST,2026-06-27 00:09:27 CST
2012-05-11,,,19.889999389648438,2026-06-27 00:09:27 CST,2026-06-27 00:09:27 CST
2012-05-14,,,21.8700008392334,2026-06-27 00:09:27 CST,2026-06-27 00:09:27 CST
2012-05-15,,,21.969999313354492,2026-06-27 00:09:27 CST,2026-06-27 00:09:27 CST
2012-05-16,,,22.270000457763672,2026-06-27 00:09:27 CST,2026-06-27 00:09:27 CST
2012-05-17,,,24.489999771118164,2026-06-27 00:09:27 CST,2026-06-27 00:09:27 CST
2012-05-18,,,25.100000381469727,2026-06-27 00:09:27 CST,2026-06-27 00:09:27 CST
2012-05-21,,,22.010000228881836,2026-06-27 00:09:27 CST,2026-06-27 00:09:27 CST
2012-05-22,,,22.479999542236328,2026-06-27 00:09:27 CST,2026-06-27 00:09:27 CST
2012-05-23,,,22.329999923706055,2026-06-27 00:09:27 CST,2026-06-27 00:09:27 CST
2012-05-24,,,21.540000915527344,2026-06-27 00:09:27 CST,2026-06-27 00:09:27 CST
2012-05-25,,,21.760000228881836,2026-06-27 00:09:27 CST,2026-06-27 00:09:27 CST
2012-05-29,,,21.030000686645508,2026-06-27 00:09:27 CST,2026-06-27 00:09:27 CST
2012-05-30,,,24.139999389648438,2026-06-27 00:09:27 CST,2026-06-27 00:09:27 CST
2012-05-31,,,24.059999465942383,2026-06-27 00:09:27 CST,2026-06-27 00:09:27 CST
2012-06-01,,,26.65999984741211,2026-06-27 00:09:27 CST,2026-06-27 00:09:27 CST
2012-06-04,,,26.1200008392334,2026-06-27 00:09:27 CST,2026-06-27 00:09:27 CST
2012-06-05,,,24.68000030517578,2026-06-27 00:09:27 CST,2026-06-27 00:09:27 CST
2012-06-06,,,22.15999984741211,2026-06-27 00:09:27 CST,2026-06-27 00:09:27 CST
2012-06-07,,,21.719999313354492,2026-06-27 00:09:27 CST,2026-06-27 00:09:27 CST
2012-06-08,,,21.229999542236328,2026-06-27 00:09:27 CST,2026-06-27 00:09:27 CST
2012-06-11,,,23.559999465942383,2026-06-27 00:09:27 CST,2026-06-27 00:09:27 CST
2012-06-12,,,22.09000015258789,2026-06-27 00:09:27 CST,2026-06-27 00:09:27 CST
2012-06-13,,,24.270000457763672,2026-06-27 00:09:27 CST,2026-06-27 00:09:27 CST
2012-06-14,,,21.68000030517578,2026-06-27 00:09:27 CST,2026-06-27 00:09:27 CST
2012-06-15,,,21.110000610351562,2026-06-27 00:09:27 CST,2026-06-27 00:09:27 CST
2012-06-18,,,18.31999969482422,2026-06-27 00:09:27 CST,2026-06-27 00:09:27 CST
2012-06-19,,,18.3799991607666,2026-06-27 00:09:27 CST,2026-06-27 00:09:27 CST
2012-06-20,,,17.239999771118164,2026-06-27 00:09:27 CST,2026-06-27 00:09:27 CST
2012-06-21,,,20.079999923706055,2026-06-27 00:09:27 CST,2026-06-27 00:09:27 CST
2012-06-22,,,18.110000610351562,2026-06-27 00:09:27 CST,2026-06-27 00:09:27 CST
2012-06-25,,,20.3799991607666,2026-06-27 00:09:27 CST,2026-06-27 00:09:27 CST
2012-06-26,,,19.719999313354492,2026-06-27 00:09:27 CST,2026-06-27 00:09:27 CST
2012-06-27,,,19.450000762939453,2026-06-27 00:09:27 CST,2026-06-27 00:09:27 CST
2012-06-28,,,19.709999084472656,2026-06-27 00:09:27 CST,2026-06-27 00:09:27 CST
2012-06-29,,,17.079999923706055,2026-06-27 00:09:27 CST,2026-06-27 00:09:27 CST
2012-07-02,,,16.799999237060547,2026-06-27 00:09:27 CST,2026-06-27 00:09:27 CST
2012-07-03,,,16.65999984741211,2026-06-27 00:09:27 CST,2026-06-27 00:09:27 CST
2012-07-05,,,17.5,2026-06-27 00:09:27 CST,2026-06-27 00:09:27 CST
2012-07-06,,,17.100000381469727,2026-06-27 00:09:27 CST,2026-06-27 00:09:27 CST
2012-07-09,,,17.979999542236328,2026-06-27 00:09:27 CST,2026-06-27 00:09:27 CST
2012-07-10,,,18.719999313354492,2026-06-27 00:09:27 CST,2026-06-27 00:09:27 CST
2012-07-11,,,17.950000762939453,2026-06-27 00:09:27 CST,2026-06-27 00:09:27 CST
2012-07-12,,,18.329999923706055,2026-06-27 00:09:27 CST,2026-06-27 00:09:27 CST
2012-07-13,,,16.739999771118164,2026-06-27 00:09:27 CST,2026-06-27 00:09:27 CST
2012-07-16,,,17.110000610351562,2026-06-27 00:09:27 CST,2026-06-27 00:09:27 CST
2012-07-17,,,16.479999542236328,2026-06-27 00:09:27 CST,2026-06-27 00:09:27 CST
2012-07-18,,,16.15999984741211,2026-06-27 00:09:27 CST,2026-06-27 00:09:27 CST
2012-07-19,,,15.449999809265137,2026-06-27 00:09:27 CST,2026-06-27 00:09:27 CST
2012-07-20,,,16.270000457763672,2026-06-27 00:09:27 CST,2026-06-27 00:09:27 CST
2012-07-23,,,18.6200008392334,2026-06-27 00:09:27 CST,2026-06-27 00:09:27 CST
2012-07-24,,,20.469999313354492,2026-06-27 00:09:27 CST,2026-06-27 00:09:27 CST
2012-07-25,,,19.34000015258789,2026-06-27 00:09:27 CST,2026-06-27 00:09:27 CST
2012-07-26,,,17.530000686645508,2026-06-27 00:09:27 CST,2026-06-27 00:09:27 CST
2012-07-27,,,16.700000762939453,2026-06-27 00:09:27 CST,2026-06-27 00:09:27 CST
2012-07-30,,,18.030000686645508,2026-06-27 00:09:27 CST,2026-06-27 00:09:27 CST
2012-07-31,,,18.93000030517578,2026-06-27 00:09:27 CST,2026-06-27 00:09:27 CST
2012-08-01,,,18.959999084472656,2026-06-27 00:09:27 CST,2026-06-27 00:09:27 CST
2012-08-02,,,17.56999969482422,2026-06-27 00:09:27 CST,2026-06-27 00:09:27 CST
2012-08-03,,,15.640000343322754,2026-06-27 00:09:27 CST,2026-06-27 00:09:27 CST
2012-08-06,,,15.949999809265137,2026-06-27 00:09:27 CST,2026-06-27 00:09:27 CST
2012-08-07,,,15.989999771118164,2026-06-27 00:09:27 CST,2026-06-27 00:09:27 CST
2012-08-08,,,15.319999694824219,2026-06-27 00:09:27 CST,2026-06-27 00:09:27 CST
2012-08-09,,,15.279999732971191,2026-06-27 00:09:27 CST,2026-06-27 00:09:27 CST
2012-08-10,,,14.739999771118164,2026-06-27 00:09:27 CST,2026-06-27 00:09:27 CST
2012-08-13,,,13.699999809265137,2026-06-27 00:09:27 CST,2026-06-27 00:09:27 CST
2012-08-14,,,14.850000381469727,2026-06-27 00:09:27 CST,2026-06-27 00:09:27 CST
2012-08-15,,,14.630000114440918,2026-06-27 00:09:27 CST,2026-06-27 00:09:27 CST
2012-08-16,,,14.289999961853027,2026-06-27 00:09:27 CST,2026-06-27 00:09:27 CST
2012-08-17,,,13.449999809265137,2026-06-27 00:09:27 CST,2026-06-27 00:09:27 CST
2012-08-20,,,14.020000457763672,2026-06-27 00:09:27 CST,2026-06-27 00:09:27 CST
2012-08-21,,,15.020000457763672,2026-06-27 00:09:27 CST,2026-06-27 00:09:27 CST
2012-08-22,,,15.109999656677246,2026-06-27 00:09:27 CST,2026-06-27 00:09:27 CST
2012-08-23,,,15.960000038146973,2026-06-27 00:09:27 CST,2026-06-27 00:09:27 CST
2012-08-24,,,15.180000305175781,2026-06-27 00:09:27 CST,2026-06-27 00:09:27 CST
2012-08-27,,,16.350000381469727,2026-06-27 00:09:27 CST,2026-06-27 00:09:27 CST
2012-08-28,,,16.489999771118164,2026-06-27 00:09:27 CST,2026-06-27 00:09:27 CST
2012-08-29,,,17.059999465942383,2026-06-27 00:09:27 CST,2026-06-27 00:09:27 CST
2012-08-30,,,17.829999923706055,2026-06-27 00:09:27 CST,2026-06-27 00:09:27 CST
2012-08-31,,,17.469999313354492,2026-06-27 00:09:27 CST,2026-06-27 00:09:27 CST
2012-09-04,,,17.979999542236328,2026-06-27 00:09:27 CST,2026-06-27 00:09:27 CST
2012-09-05,,,17.739999771118164,2026-06-27 00:09:27 CST,2026-06-27 00:09:27 CST
2012-09-06,,,15.600000381469727,2026-06-27 00:09:27 CST,2026-06-27 00:09:27 CST
2012-09-07,,,14.380000114440918,2026-06-27 00:09:27 CST,2026-06-27 00:09:27 CST
2012-09-10,,,16.280000686645508,2026-06-27 00:09:27 CST,2026-06-27 00:09:27 CST
2012-09-11,,,16.40999984741211,2026-06-27 00:09:27 CST,2026-06-27 00:09:27 CST
2012-09-12,,,15.800000190734863,2026-06-27 00:09:27 CST,2026-06-27 00:09:27 CST
2012-09-13,,,14.050000190734863,2026-06-27 00:09:27 CST,2026-06-27 00:09:27 CST
2012-09-14,,,14.510000228881836,2026-06-27 00:09:27 CST,2026-06-27 00:09:27 CST
2012-09-17,,,14.59000015258789,2026-06-27 00:09:27 CST,2026-06-27 00:09:27 CST
2012-09-18,,,14.180000305175781,2026-06-27 00:09:27 CST,2026-06-27 00:09:27 CST
2012-09-19,,,13.880000114440918,2026-06-27 00:09:27 CST,2026-06-27 00:09:27 CST
2012-09-20,,,14.069999694824219,2026-06-27 00:09:27 CST,2026-06-27 00:09:27 CST
2012-09-21,,,13.979999542236328,2026-06-27 00:09:27 CST,2026-06-27 00:09:27 CST
2012-09-24,,,14.149999618530273,2026-06-27 00:09:27 CST,2026-06-27 00:09:27 CST
2012-09-25,,,15.430000305175781,2026-06-27 00:09:27 CST,2026-06-27 00:09:27 CST
2012-09-26,,,16.809999465942383,2026-06-27 00:09:27 CST,2026-06-27 00:09:27 CST
2012-09-27,,,14.84000015258789,2026-06-27 00:09:27 CST,2026-06-27 00:09:27 CST
2012-09-28,,,15.729999542236328,2026-06-27 00:09:27 CST,2026-06-27 00:09:27 CST
2012-10-01,,,16.31999969482422,2026-06-27 00:09:27 CST,2026-06-27 00:09:27 CST
2012-10-02,,,15.710000038146973,2026-06-27 00:09:27 CST,2026-06-27 00:09:27 CST
2012-10-03,,,15.430000305175781,2026-06-27 00:09:27 CST,2026-06-27 00:09:27 CST
2012-10-04,,,14.550000190734863,2026-06-27 00:09:27 CST,2026-06-27 00:09:27 CST
2012-10-05,,,14.329999923706055,2026-06-27 00:09:27 CST,2026-06-27 00:09:27 CST
2012-10-08,,,15.109999656677246,2026-06-27 00:09:27 CST,2026-06-27 00:09:27 CST
2012-10-09,,,16.3700008392334,2026-06-27 00:09:27 CST,2026-06-27 00:09:27 CST
2012-10-10,,,16.290000915527344,2026-06-27 00:09:27 CST,2026-06-27 00:09:27 CST
2012-10-11,,,15.59000015258789,2026-06-27 00:09:27 CST,2026-06-27 00:09:27 CST
2012-10-12,,,16.139999389648438,2026-06-27 00:09:27 CST,2026-06-27 00:09:27 CST
2012-10-15,,,15.270000457763672,2026-06-27 00:09:27 CST,2026-06-27 00:09:27 CST
2012-10-16,,,15.220000267028809,2026-06-27 00:09:27 CST,2026-06-27 00:09:27 CST
2012-10-17,,,15.069999694824219,2026-06-27 00:09:27 CST,2026-06-27 00:09:27 CST
2012-10-18,,,15.029999732971191,2026-06-27 00:09:27 CST,2026-06-27 00:09:27 CST
2012-10-19,,,17.059999465942383,2026-06-27 00:09:27 CST,2026-06-27 00:09:27 CST
2012-10-22,,,16.6200008392334,2026-06-27 00:09:27 CST,2026-06-27 00:09:27 CST
2012-10-23,,,18.829999923706055,2026-06-27 00:09:27 CST,2026-06-27 00:09:27 CST
2012-10-24,,,18.329999923706055,2026-06-27 00:09:27 CST,2026-06-27 00:09:27 CST
2012-10-25,,,18.1200008392334,2026-06-27 00:09:27 CST,2026-06-27 00:09:27 CST
2012-10-26,,,17.809999465942383,2026-06-27 00:09:27 CST,2026-06-27 00:09:27 CST
2012-10-31,,,18.600000381469727,2026-06-27 00:09:27 CST,2026-06-27 00:09:27 CST
2012-11-01,,,16.690000534057617,2026-06-27 00:09:27 CST,2026-06-27 00:09:27 CST
2012-11-02,,,17.59000015258789,2026-06-27 00:09:27 CST,2026-06-27 00:09:27 CST
2012-11-05,,,18.420000076293945,2026-06-27 00:09:27 CST,2026-06-27 00:09:27 CST
2012-11-06,,,17.579999923706055,2026-06-27 00:09:27 CST,2026-06-27 00:09:27 CST
2012-11-07,,,19.079999923706055,2026-06-27 00:09:27 CST,2026-06-27 00:09:27 CST
2012-11-08,,,18.489999771118164,2026-06-27 00:09:27 CST,2026-06-27 00:09:27 CST
2012-11-09,,,18.610000610351562,2026-06-27 00:09:27 CST,2026-06-27 00:09:27 CST
2012-11-12,,,16.68000030517578,2026-06-27 00:09:27 CST,2026-06-27 00:09:27 CST
2012-11-13,,,16.649999618530273,2026-06-27 00:09:27 CST,2026-06-27 00:09:27 CST
2012-11-14,,,17.920000076293945,2026-06-27 00:09:27 CST,2026-06-27 00:09:27 CST
2012-11-15,,,17.989999771118164,2026-06-27 00:09:27 CST,2026-06-27 00:09:27 CST
2012-11-16,,,16.40999984741211,2026-06-27 00:09:27 CST,2026-06-27 00:09:27 CST
2012-11-19,,,15.239999771118164,2026-06-27 00:09:27 CST,2026-06-27 00:09:27 CST
2012-11-20,,,15.079999923706055,2026-06-27 00:09:27 CST,2026-06-27 00:09:27 CST
2012-11-21,,,15.3100004196167,2026-06-27 00:09:27 CST,2026-06-27 00:09:27 CST
2012-11-23,,,15.140000343322754,2026-06-27 00:09:27 CST,2026-06-27 00:09:27 CST
2012-11-26,,,15.5,2026-06-27 00:09:27 CST,2026-06-27 00:09:27 CST
2012-11-27,,,15.920000076293945,2026-06-27 00:09:27 CST,2026-06-27 00:09:27 CST
2012-11-28,,,15.510000228881836,2026-06-27 00:09:27 CST,2026-06-27 00:09:27 CST
2012-11-29,,,15.0600004196167,2026-06-27 00:09:27 CST,2026-06-27 00:09:27 CST
2012-11-30,,,15.869999885559082,2026-06-27 00:09:27 CST,2026-06-27 00:09:27 CST
2012-12-03,,,16.639999389648438,2026-06-27 00:09:27 CST,2026-06-27 00:09:27 CST
2012-12-04,,,17.1200008392334,2026-06-27 00:09:27 CST,2026-06-27 00:09:27 CST
2012-12-05,,,16.459999084472656,2026-06-27 00:09:27 CST,2026-06-27 00:09:27 CST
2012-12-06,,,16.579999923706055,2026-06-27 00:09:27 CST,2026-06-27 00:09:27 CST
2012-12-07,,,15.899999618530273,2026-06-27 00:09:27 CST,2026-06-27 00:09:27 CST
2012-12-10,,,16.049999237060547,2026-06-27 00:09:27 CST,2026-06-27 00:09:27 CST
2012-12-11,,,15.569999694824219,2026-06-27 00:09:27 CST,2026-06-27 00:09:27 CST
2012-12-12,,,15.949999809265137,2026-06-27 00:09:27 CST,2026-06-27 00:09:27 CST
2012-12-13,,,16.559999465942383,2026-06-27 00:09:27 CST,2026-06-27 00:09:27 CST
2012-12-14,,,17.0,2026-06-27 00:09:27 CST,2026-06-27 00:09:27 CST
2012-12-17,,,16.34000015258789,2026-06-27 00:09:27 CST,2026-06-27 00:09:27 CST
2012-12-18,,,15.569999694824219,2026-06-27 00:09:27 CST,2026-06-27 00:09:27 CST
2012-12-19,,,17.360000610351562,2026-06-27 00:09:27 CST,2026-06-27 00:09:27 CST
2012-12-20,,,17.670000076293945,2026-06-27 00:09:27 CST,2026-06-27 00:09:27 CST
2012-12-21,,,17.84000015258789,2026-06-27 00:09:27 CST,2026-06-27 00:09:27 CST
2012-12-24,,,17.84000015258789,2026-06-27 00:09:27 CST,2026-06-27 00:09:27 CST
2012-12-26,,,19.479999542236328,2026-06-27 00:09:27 CST,2026-06-27 00:09:27 CST
2012-12-27,,,19.469999313354492,2026-06-27 00:09:27 CST,2026-06-27 00:09:27 CST
2012-12-28,,,22.719999313354492,2026-06-27 00:09:27 CST,2026-06-27 00:09:27 CST
2012-12-31,,,18.020000457763672,2026-06-27 00:09:27 CST,2026-06-27 00:09:27 CST
2013-01-02,,,14.680000305175781,2026-06-27 00:09:27 CST,2026-06-27 00:09:27 CST
2013-01-03,,,14.5600004196167,2026-06-27 00:09:27 CST,2026-06-27 00:09:27 CST
2013-01-04,,,13.829999923706055,2026-06-27 00:09:27 CST,2026-06-27 00:09:27 CST
2013-01-07,,,13.789999961853027,2026-06-27 00:09:27 CST,2026-06-27 00:09:27 CST
2013-01-08,,,13.619999885559082,2026-06-27 00:09:27 CST,2026-06-27 00:09:27 CST
2013-01-09,,,13.8100004196167,2026-06-27 00:09:27 CST,2026-06-27 00:09:27 CST
2013-01-10,,,13.489999771118164,2026-06-27 00:09:27 CST,2026-06-27 00:09:27 CST
2013-01-11,,,13.359999656677246,2026-06-27 00:09:27 CST,2026-06-27 00:09:27 CST
2013-01-14,,,13.520000457763672,2026-06-27 00:09:27 CST,2026-06-27 00:09:27 CST
2013-01-15,,,13.550000190734863,2026-06-27 00:09:27 CST,2026-06-27 00:09:27 CST
2013-01-16,,,13.420000076293945,2026-06-27 00:09:27 CST,2026-06-27 00:09:27 CST
2013-01-17,,,13.569999694824219,2026-06-27 00:09:27 CST,2026-06-27 00:09:27 CST
2013-01-18,,,12.460000038146973,2026-06-27 00:09:27 CST,2026-06-27 00:09:27 CST
2013-01-22,,,12.430000305175781,2026-06-27 00:09:27 CST,2026-06-27 00:09:27 CST
2013-01-23,,,12.460000038146973,2026-06-27 00:09:27 CST,2026-06-27 00:09:27 CST
2013-01-24,,,12.6899995803833,2026-06-27 00:09:27 CST,2026-06-27 00:09:27 CST
2013-01-25,,,12.890000343322754,2026-06-27 00:09:27 CST,2026-06-27 00:09:27 CST
2013-01-28,,,13.569999694824219,2026-06-27 00:09:27 CST,2026-06-27 00:09:27 CST
2013-01-29,,,13.3100004196167,2026-06-27 00:09:27 CST,2026-06-27 00:09:27 CST
2013-01-30,,,14.319999694824219,2026-06-27 00:09:27 CST,2026-06-27 00:09:27 CST
2013-01-31,,,14.279999732971191,2026-06-27 00:09:27 CST,2026-06-27 00:09:27 CST
2013-02-01,,,12.899999618530273,2026-06-27 00:09:27 CST,2026-06-27 00:09:27 CST
2013-02-04,,,14.670000076293945,2026-06-27 00:09:27 CST,2026-06-27 00:09:27 CST
2013-02-05,,,13.720000267028809,2026-06-27 00:09:27 CST,2026-06-27 00:09:27 CST
2013-02-06,,,13.40999984741211,2026-06-27 00:09:27 CST,2026-06-27 00:09:27 CST
2013-02-07,,,13.5,2026-06-27 00:09:27 CST,2026-06-27 00:09:27 CST
2013-02-08,,,13.020000457763672,2026-06-27 00:09:27 CST,2026-06-27 00:09:27 CST
2013-02-11,,,12.9399995803833,2026-06-27 00:09:27 CST,2026-06-27 00:09:27 CST
2013-02-12,,,12.640000343322754,2026-06-27 00:09:27 CST,2026-06-27 00:09:27 CST
2013-02-13,,,12.979999542236328,2026-06-27 00:09:27 CST,2026-06-27 00:09:27 CST
2013-02-14,,,12.65999984741211,2026-06-27 00:09:27 CST,2026-06-27 00:09:27 CST
2013-02-15,,,12.460000038146973,2026-06-27 00:09:27 CST,2026-06-27 00:09:27 CST
2013-02-19,,,12.3100004196167,2026-06-27 00:09:27 CST,2026-06-27 00:09:27 CST
2013-02-20,,,14.680000305175781,2026-06-27 00:09:27 CST,2026-06-27 00:09:27 CST
2013-02-21,,,15.220000267028809,2026-06-27 00:09:27 CST,2026-06-27 00:09:27 CST
2013-02-22,,,14.170000076293945,2026-06-27 00:09:27 CST,2026-06-27 00:09:27 CST
2013-02-25,,,18.989999771118164,2026-06-27 00:09:27 CST,2026-06-27 00:09:27 CST
2013-02-26,,,16.8700008392334,2026-06-27 00:09:27 CST,2026-06-27 00:09:27 CST
2013-02-27,,,14.729999542236328,2026-06-27 00:09:27 CST,2026-06-27 00:09:27 CST
2013-02-28,,,15.510000228881836,2026-06-27 00:09:27 CST,2026-06-27 00:09:27 CST
2013-03-01,,,15.359999656677246,2026-06-27 00:09:27 CST,2026-06-27 00:09:27 CST
2013-03-04,,,14.010000228881836,2026-06-27 00:09:27 CST,2026-06-27 00:09:27 CST
2013-03-05,,,13.479999542236328,2026-06-27 00:09:27 CST,2026-06-27 00:09:27 CST
2013-03-06,,,13.529999732971191,2026-06-27 00:09:27 CST,2026-06-27 00:09:27 CST
2013-03-07,,,13.0600004196167,2026-06-27 00:09:27 CST,2026-06-27 00:09:27 CST
2013-03-08,,,12.59000015258789,2026-06-27 00:09:27 CST,2026-06-27 00:09:27 CST
2013-03-11,,,11.5600004196167,2026-06-27 00:09:27 CST,2026-06-27 00:09:27 CST
2013-03-12,,,12.270000457763672,2026-06-27 00:09:27 CST,2026-06-27 00:09:27 CST
2013-03-13,,,11.829999923706055,2026-06-27 00:09:27 CST,2026-06-27 00:09:27 CST
2013-03-14,,,11.300000190734863,2026-06-27 00:09:27 CST,2026-06-27 00:09:27 CST
2013-03-15,,,11.300000190734863,2026-06-27 00:09:27 CST,2026-06-27 00:09:27 CST
2013-03-18,,,13.359999656677246,2026-06-27 00:09:27 CST,2026-06-27 00:09:27 CST
2013-03-19,,,14.390000343322754,2026-06-27 00:09:27 CST,2026-06-27 00:09:27 CST
2013-03-20,,,12.670000076293945,2026-06-27 00:09:27 CST,2026-06-27 00:09:27 CST
2013-03-21,,,13.989999771118164,2026-06-27 00:09:27 CST,2026-06-27 00:09:27 CST
2013-03-22,,,13.569999694824219,2026-06-27 00:09:27 CST,2026-06-27 00:09:27 CST
2013-03-25,,,13.739999771118164,2026-06-27 00:09:27 CST,2026-06-27 00:09:27 CST
2013-03-26,,,12.770000457763672,2026-06-27 00:09:27 CST,2026-06-27 00:09:27 CST
2013-03-27,,,13.149999618530273,2026-06-27 00:09:27 CST,2026-06-27 00:09:27 CST
2013-03-28,,,12.699999809265137,2026-06-27 00:09:27 CST,2026-06-27 00:09:27 CST
2013-04-01,,,13.579999923706055,2026-06-27 00:09:27 CST,2026-06-27 00:09:27 CST
2013-04-02,,,12.779999732971191,2026-06-27 00:09:27 CST,2026-06-27 00:09:27 CST
2013-04-03,,,14.210000038146973,2026-06-27 00:09:27 CST,2026-06-27 00:09:27 CST
2013-04-04,,,13.890000343322754,2026-06-27 00:09:27 CST,2026-06-27 00:09:27 CST
2013-04-05,,,13.920000076293945,2026-06-27 00:09:27 CST,2026-06-27 00:09:27 CST
2013-04-08,,,13.1899995803833,2026-06-27 00:09:27 CST,2026-06-27 00:09:27 CST
2013-04-09,,,12.84000015258789,2026-06-27 00:09:27 CST,2026-06-27 00:09:27 CST
2013-04-10,,,12.359999656677246,2026-06-27 00:09:27 CST,2026-06-27 00:09:27 CST
2013-04-11,,,12.239999771118164,2026-06-27 00:09:27 CST,2026-06-27 00:09:27 CST
2013-04-12,,,12.0600004196167,2026-06-27 00:09:27 CST,2026-06-27 00:09:27 CST
2013-04-15,,,17.270000457763672,2026-06-27 00:09:27 CST,2026-06-27 00:09:27 CST
2013-04-16,,,13.960000038146973,2026-06-27 00:09:27 CST,2026-06-27 00:09:27 CST
2013-04-17,,,16.510000228881836,2026-06-27 00:09:27 CST,2026-06-27 00:09:27 CST
2013-04-18,,,17.559999465942383,2026-06-27 00:09:27 CST,2026-06-27 00:09:27 CST
2013-04-19,,,14.970000267028809,2026-06-27 00:09:27 CST,2026-06-27 00:09:27 CST
2013-04-22,,,14.390000343322754,2026-06-27 00:09:27 CST,2026-06-27 00:09:27 CST
2013-04-23,,,13.479999542236328,2026-06-27 00:09:27 CST,2026-06-27 00:09:27 CST
2013-04-24,,,13.609999656677246,2026-06-27 00:09:27 CST,2026-06-27 00:09:27 CST
2013-04-25,,,13.619999885559082,2026-06-27 00:09:27 CST,2026-06-27 00:09:27 CST
2013-04-26,,,13.609999656677246,2026-06-27 00:09:27 CST,2026-06-27 00:09:27 CST
2013-04-29,,,13.710000038146973,2026-06-27 00:09:27 CST,2026-06-27 00:09:27 CST
2013-04-30,,,13.520000457763672,2026-06-27 00:09:27 CST,2026-06-27 00:09:27 CST
2013-05-01,,,14.489999771118164,2026-06-27 00:09:27 CST,2026-06-27 00:09:27 CST
2013-05-02,,,13.59000015258789,2026-06-27 00:09:27 CST,2026-06-27 00:09:27 CST
2013-05-03,,,12.850000381469727,2026-06-27 00:09:27 CST,2026-06-27 00:09:27 CST
2013-05-06,,,12.65999984741211,2026-06-27 00:09:27 CST,2026-06-27 00:09:27 CST
2013-05-07,,,12.829999923706055,2026-06-27 00:09:27 CST,2026-06-27 00:09:27 CST
2013-05-08,,,12.65999984741211,2026-06-27 00:09:27 CST,2026-06-27 00:09:27 CST
2013-05-09,,,13.130000114440918,2026-06-27 00:09:27 CST,2026-06-27 00:09:27 CST
2013-05-10,,,12.59000015258789,2026-06-27 00:09:27 CST,2026-06-27 00:09:27 CST
2013-05-13,,,12.550000190734863,2026-06-27 00:09:27 CST,2026-06-27 00:09:27 CST
2013-05-14,,,12.770000457763672,2026-06-27 00:09:27 CST,2026-06-27 00:09:27 CST
2013-05-15,,,12.8100004196167,2026-06-27 00:09:27 CST,2026-06-27 00:09:27 CST
2013-05-16,,,13.069999694824219,2026-06-27 00:09:27 CST,2026-06-27 00:09:27 CST
2013-05-17,,,12.449999809265137,2026-06-27 00:09:27 CST,2026-06-27 00:09:27 CST
2013-05-20,,,13.020000457763672,2026-06-27 00:09:27 CST,2026-06-27 00:09:27 CST
2013-05-21,,,13.369999885559082,2026-06-27 00:09:27 CST,2026-06-27 00:09:27 CST
2013-05-22,,,13.819999694824219,2026-06-27 00:09:27 CST,2026-06-27 00:09:27 CST
2013-05-23,,,14.069999694824219,2026-06-27 00:09:27 CST,2026-06-27 00:09:27 CST
2013-05-24,,,13.989999771118164,2026-06-27 00:09:27 CST,2026-06-27 00:09:27 CST
2013-05-28,,,14.479999542236328,2026-06-27 00:09:27 CST,2026-06-27 00:09:27 CST
2013-05-29,,,14.829999923706055,2026-06-27 00:09:27 CST,2026-06-27 00:09:27 CST
2013-05-30,,,14.529999732971191,2026-06-27 00:09:27 CST,2026-06-27 00:09:27 CST
2013-05-31,,,16.299999237060547,2026-06-27 00:09:27 CST,2026-06-27 00:09:27 CST
2013-06-03,,,16.280000686645508,2026-06-27 00:09:27 CST,2026-06-27 00:09:27 CST
2013-06-04,,,16.270000457763672,2026-06-27 00:09:27 CST,2026-06-27 00:09:27 CST
2013-06-05,,,17.5,2026-06-27 00:09:27 CST,2026-06-27 00:09:27 CST
2013-06-06,,,16.6299991607666,2026-06-27 00:09:27 CST,2026-06-27 00:09:27 CST
2013-06-07,,,15.140000343322754,2026-06-27 00:09:27 CST,2026-06-27 00:09:27 CST
2013-06-10,,,15.4399995803833,2026-06-27 00:09:27 CST,2026-06-27 00:09:27 CST
2013-06-11,,,17.06999969482422,2026-06-27 00:09:27 CST,2026-06-27 00:09:27 CST
2013-06-12,,,18.59000015258789,2026-06-27 00:09:27 CST,2026-06-27 00:09:27 CST
2013-06-13,,,16.40999984741211,2026-06-27 00:09:27 CST,2026-06-27 00:09:27 CST
2013-06-14,,,17.149999618530273,2026-06-27 00:09:27 CST,2026-06-27 00:09:27 CST
2013-06-17,,,16.799999237060547,2026-06-27 00:09:27 CST,2026-06-27 00:09:27 CST
2013-06-18,,,16.610000610351562,2026-06-27 00:09:27 CST,2026-06-27 00:09:27 CST
2013-06-19,,,16.639999389648438,2026-06-27 00:09:27 CST,2026-06-27 00:09:27 CST
2013-06-20,,,20.489999771118164,2026-06-27 00:09:27 CST,2026-06-27 00:09:27 CST
2013-06-21,,,18.899999618530273,2026-06-27 00:09:27 CST,2026-06-27 00:09:27 CST
2013-06-24,,,20.110000610351562,2026-06-27 00:09:27 CST,2026-06-27 00:09:27 CST
2013-06-25,,,18.469999313354492,2026-06-27 00:09:27 CST,2026-06-27 00:09:27 CST
2013-06-26,,,17.209999084472656,2026-06-27 00:09:27 CST,2026-06-27 00:09:27 CST
2013-06-27,,,16.860000610351562,2026-06-27 00:09:27 CST,2026-06-27 00:09:27 CST
2013-06-28,,,16.860000610351562,2026-06-27 00:09:27 CST,2026-06-27 00:09:27 CST
2013-07-01,,,16.3700008392334,2026-06-27 00:09:27 CST,2026-06-27 00:09:27 CST
2013-07-02,,,16.440000534057617,2026-06-27 00:09:27 CST,2026-06-27 00:09:27 CST
2013-07-03,,,16.200000762939453,2026-06-27 00:09:27 CST,2026-06-27 00:09:27 CST
2013-07-05,,,14.890000343322754,2026-06-27 00:09:27 CST,2026-06-27 00:09:27 CST
2013-07-08,,,14.779999732971191,2026-06-27 00:09:27 CST,2026-06-27 00:09:27 CST
2013-07-09,,,14.350000381469727,2026-06-27 00:09:27 CST,2026-06-27 00:09:27 CST
2013-07-10,,,14.210000038146973,2026-06-27 00:09:27 CST,2026-06-27 00:09:27 CST
2013-07-11,,,14.010000228881836,2026-06-27 00:09:27 CST,2026-06-27 00:09:27 CST
2013-07-12,,,13.84000015258789,2026-06-27 00:09:27 CST,2026-06-27 00:09:27 CST
2013-07-15,,,13.789999961853027,2026-06-27 00:09:27 CST,2026-06-27 00:09:27 CST
2013-07-16,,,14.420000076293945,2026-06-27 00:09:27 CST,2026-06-27 00:09:27 CST
2013-07-17,,,13.779999732971191,2026-06-27 00:09:27 CST,2026-06-27 00:09:27 CST
2013-07-18,,,13.770000457763672,2026-06-27 00:09:27 CST,2026-06-27 00:09:27 CST
2013-07-19,,,12.539999961853027,2026-06-27 00:09:27 CST,2026-06-27 00:09:27 CST
2013-07-22,,,12.289999961853027,2026-06-27 00:09:27 CST,2026-06-27 00:09:27 CST
2013-07-23,,,12.65999984741211,2026-06-27 00:09:27 CST,2026-06-27 00:09:27 CST
2013-07-24,,,13.180000305175781,2026-06-27 00:09:27 CST,2026-06-27 00:09:27 CST
2013-07-25,,,12.970000267028809,2026-06-27 00:09:27 CST,2026-06-27 00:09:27 CST
2013-07-26,,,12.720000267028809,2026-06-27 00:09:27 CST,2026-06-27 00:09:27 CST
2013-07-29,,,13.390000343322754,2026-06-27 00:09:27 CST,2026-06-27 00:09:27 CST
2013-07-30,,,13.390000343322754,2026-06-27 00:09:27 CST,2026-06-27 00:09:27 CST
2013-07-31,,,13.449999809265137,2026-06-27 00:09:27 CST,2026-06-27 00:09:27 CST
2013-08-01,,,12.9399995803833,2026-06-27 00:09:27 CST,2026-06-27 00:09:27 CST
2013-08-02,,,11.979999542236328,2026-06-27 00:09:27 CST,2026-06-27 00:09:27 CST
2013-08-05,,,11.84000015258789,2026-06-27 00:09:27 CST,2026-06-27 00:09:27 CST
2013-08-06,,,12.720000267028809,2026-06-27 00:09:27 CST,2026-06-27 00:09:27 CST
2013-08-07,,,12.979999542236328,2026-06-27 00:09:27 CST,2026-06-27 00:09:27 CST
2013-08-08,,,12.729999542236328,2026-06-27 00:09:27 CST,2026-06-27 00:09:27 CST
2013-08-09,,,13.40999984741211,2026-06-27 00:09:27 CST,2026-06-27 00:09:27 CST
2013-08-12,,,12.8100004196167,2026-06-27 00:09:27 CST,2026-06-27 00:09:27 CST
2013-08-13,,,12.3100004196167,2026-06-27 00:09:27 CST,2026-06-27 00:09:27 CST
2013-08-14,,,13.039999961853027,2026-06-27 00:09:27 CST,2026-06-27 00:09:27 CST
2013-08-15,,,14.729999542236328,2026-06-27 00:09:27 CST,2026-06-27 00:09:27 CST
2013-08-16,,,14.369999885559082,2026-06-27 00:09:27 CST,2026-06-27 00:09:27 CST
2013-08-19,,,15.100000381469727,2026-06-27 00:09:27 CST,2026-06-27 00:09:27 CST
2013-08-20,,,14.90999984741211,2026-06-27 00:09:27 CST,2026-06-27 00:09:27 CST
2013-08-21,,,15.9399995803833,2026-06-27 00:09:27 CST,2026-06-27 00:09:27 CST
2013-08-22,,,14.760000228881836,2026-06-27 00:09:27 CST,2026-06-27 00:09:27 CST
2013-08-23,,,13.979999542236328,2026-06-27 00:09:27 CST,2026-06-27 00:09:27 CST
2013-08-26,,,14.989999771118164,2026-06-27 00:09:27 CST,2026-06-27 00:09:27 CST
2013-08-27,,,16.770000457763672,2026-06-27 00:09:27 CST,2026-06-27 00:09:27 CST
2013-08-28,,,16.489999771118164,2026-06-27 00:09:27 CST,2026-06-27 00:09:27 CST
2013-08-29,,,16.809999465942383,2026-06-27 00:09:27 CST,2026-06-27 00:09:27 CST
2013-08-30,,,17.010000228881836,2026-06-27 00:09:27 CST,2026-06-27 00:09:27 CST
2013-09-03,,,16.610000610351562,2026-06-27 00:09:27 CST,2026-06-27 00:09:27 CST
2013-09-04,,,15.880000114440918,2026-06-27 00:09:27 CST,2026-06-27 00:09:27 CST
2013-09-05,,,15.770000457763672,2026-06-27 00:09:27 CST,2026-06-27 00:09:27 CST
2013-09-06,,,15.850000381469727,2026-06-27 00:09:27 CST,2026-06-27 00:09:27 CST
2013-09-09,,,15.630000114440918,2026-06-27 00:09:27 CST,2026-06-27 00:09:27 CST
2013-09-10,,,14.529999732971191,2026-06-27 00:09:27 CST,2026-06-27 00:09:27 CST
2013-09-11,,,13.819999694824219,2026-06-27 00:09:27 CST,2026-06-27 00:09:27 CST
2013-09-12,,,14.289999961853027,2026-06-27 00:09:27 CST,2026-06-27 00:09:27 CST
2013-09-13,,,14.15999984741211,2026-06-27 00:09:27 CST,2026-06-27 00:09:27 CST
2013-09-16,,,14.380000114440918,2026-06-27 00:09:27 CST,2026-06-27 00:09:27 CST
2013-09-17,,,14.529999732971191,2026-06-27 00:09:27 CST,2026-06-27 00:09:27 CST
2013-09-18,,,13.59000015258789,2026-06-27 00:09:27 CST,2026-06-27 00:09:27 CST
2013-09-19,,,13.15999984741211,2026-06-27 00:09:27 CST,2026-06-27 00:09:27 CST
2013-09-20,,,13.119999885559082,2026-06-27 00:09:27 CST,2026-06-27 00:09:27 CST
2013-09-23,,,14.3100004196167,2026-06-27 00:09:27 CST,2026-06-27 00:09:27 CST
2013-09-24,,,14.079999923706055,2026-06-27 00:09:27 CST,2026-06-27 00:09:27 CST
2013-09-25,,,14.010000228881836,2026-06-27 00:09:27 CST,2026-06-27 00:09:27 CST
2013-09-26,,,14.0600004196167,2026-06-27 00:09:27 CST,2026-06-27 00:09:27 CST
2013-09-27,,,15.460000038146973,2026-06-27 00:09:27 CST,2026-06-27 00:09:27 CST
2013-09-30,,,16.600000381469727,2026-06-27 00:09:27 CST,2026-06-27 00:09:27 CST
2013-10-01,,,15.539999961853027,2026-06-27 00:09:27 CST,2026-06-27 00:09:27 CST
2013-10-02,,,16.600000381469727,2026-06-27 00:09:27 CST,2026-06-27 00:09:27 CST
2013-10-03,,,17.670000076293945,2026-06-27 00:09:27 CST,2026-06-27 00:09:27 CST
2013-10-04,,,16.739999771118164,2026-06-27 00:09:27 CST,2026-06-27 00:09:27 CST
2013-10-07,,,19.40999984741211,2026-06-27 00:09:27 CST,2026-06-27 00:09:27 CST
2013-10-08,,,20.34000015258789,2026-06-27 00:09:27 CST,2026-06-27 00:09:27 CST
2013-10-09,,,19.600000381469727,2026-06-27 00:09:27 CST,2026-06-27 00:09:27 CST
2013-10-10,,,16.479999542236328,2026-06-27 00:09:27 CST,2026-06-27 00:09:27 CST
2013-10-11,,,15.720000267028809,2026-06-27 00:09:27 CST,2026-06-27 00:09:27 CST
2013-10-14,,,16.06999969482422,2026-06-27 00:09:27 CST,2026-06-27 00:09:27 CST
2013-10-15,,,18.65999984741211,2026-06-27 00:09:27 CST,2026-06-27 00:09:27 CST
2013-10-16,,,14.710000038146973,2026-06-27 00:09:27 CST,2026-06-27 00:09:27 CST
2013-10-17,,,13.479999542236328,2026-06-27 00:09:27 CST,2026-06-27 00:09:27 CST
2013-10-18,,,13.039999961853027,2026-06-27 00:09:27 CST,2026-06-27 00:09:27 CST
2013-10-21,,,13.15999984741211,2026-06-27 00:09:27 CST,2026-06-27 00:09:27 CST
2013-10-22,,,13.329999923706055,2026-06-27 00:09:27 CST,2026-06-27 00:09:27 CST
2013-10-23,,,13.420000076293945,2026-06-27 00:09:27 CST,2026-06-27 00:09:27 CST
2013-10-24,,,13.199999809265137,2026-06-27 00:09:27 CST,2026-06-27 00:09:27 CST
2013-10-25,,,13.09000015258789,2026-06-27 00:09:27 CST,2026-06-27 00:09:27 CST
2013-10-28,,,13.3100004196167,2026-06-27 00:09:27 CST,2026-06-27 00:09:27 CST
2013-10-29,,,13.40999984741211,2026-06-27 00:09:27 CST,2026-06-27 00:09:27 CST
2013-10-30,,,13.649999618530273,2026-06-27 00:09:27 CST,2026-06-27 00:09:27 CST
2013-10-31,,,13.75,2026-06-27 00:09:27 CST,2026-06-27 00:09:27 CST
2013-11-01,,,13.279999732971191,2026-06-27 00:09:27 CST,2026-06-27 00:09:27 CST
2013-11-04,,,12.930000305175781,2026-06-27 00:09:27 CST,2026-06-27 00:09:27 CST
2013-11-05,,,13.270000457763672,2026-06-27 00:09:27 CST,2026-06-27 00:09:27 CST
2013-11-06,,,12.670000076293945,2026-06-27 00:09:27 CST,2026-06-27 00:09:27 CST
2013-11-07,,,13.90999984741211,2026-06-27 00:09:27 CST,2026-06-27 00:09:27 CST
2013-11-08,,,12.899999618530273,2026-06-27 00:09:27 CST,2026-06-27 00:09:27 CST
2013-11-11,,,12.529999732971191,2026-06-27 00:09:27 CST,2026-06-27 00:09:27 CST
2013-11-12,,,12.819999694824219,2026-06-27 00:09:27 CST,2026-06-27 00:09:27 CST
2013-11-13,,,12.520000457763672,2026-06-27 00:09:27 CST,2026-06-27 00:09:27 CST
2013-11-14,,,12.369999885559082,2026-06-27 00:09:27 CST,2026-06-27 00:09:27 CST
2013-11-15,,,12.1899995803833,2026-06-27 00:09:27 CST,2026-06-27 00:09:27 CST
2013-11-18,,,13.100000381469727,2026-06-27 00:09:27 CST,2026-06-27 00:09:27 CST
2013-11-19,,,13.390000343322754,2026-06-27 00:09:27 CST,2026-06-27 00:09:27 CST
2013-11-20,,,13.399999618530273,2026-06-27 00:09:27 CST,2026-06-27 00:09:27 CST
2013-11-21,,,12.65999984741211,2026-06-27 00:09:27 CST,2026-06-27 00:09:27 CST
2013-11-22,,,12.260000228881836,2026-06-27 00:09:27 CST,2026-06-27 00:09:27 CST
2013-11-25,,,12.789999961853027,2026-06-27 00:09:27 CST,2026-06-27 00:09:27 CST
2013-11-26,,,12.8100004196167,2026-06-27 00:09:27 CST,2026-06-27 00:09:27 CST
2013-11-27,,,12.979999542236328,2026-06-27 00:09:27 CST,2026-06-27 00:09:27 CST
2013-11-29,,,13.699999809265137,2026-06-27 00:09:27 CST,2026-06-27 00:09:27 CST
2013-12-02,,,14.229999542236328,2026-06-27 00:09:27 CST,2026-06-27 00:09:27 CST
2013-12-03,,,14.550000190734863,2026-06-27 00:09:27 CST,2026-06-27 00:09:27 CST
2013-12-04,,,14.699999809265137,2026-06-27 00:09:27 CST,2026-06-27 00:09:27 CST
2013-12-05,,,15.079999923706055,2026-06-27 00:09:27 CST,2026-06-27 00:09:27 CST
2013-12-06,,,13.789999961853027,2026-06-27 00:09:27 CST,2026-06-27 00:09:27 CST
2013-12-09,,,13.489999771118164,2026-06-27 00:09:27 CST,2026-06-27 00:09:27 CST
2013-12-10,,,13.90999984741211,2026-06-27 00:09:27 CST,2026-06-27 00:09:27 CST
2013-12-11,,,15.420000076293945,2026-06-27 00:09:27 CST,2026-06-27 00:09:27 CST
2013-12-12,,,15.539999961853027,2026-06-27 00:09:27 CST,2026-06-27 00:09:27 CST
2013-12-13,,,15.760000228881836,2026-06-27 00:09:27 CST,2026-06-27 00:09:27 CST
2013-12-16,,,16.030000686645508,2026-06-27 00:09:27 CST,2026-06-27 00:09:27 CST
2013-12-17,,,16.209999084472656,2026-06-27 00:09:27 CST,2026-06-27 00:09:27 CST
2013-12-18,,,13.800000190734863,2026-06-27 00:09:27 CST,2026-06-27 00:09:27 CST
2013-12-19,,,14.149999618530273,2026-06-27 00:09:27 CST,2026-06-27 00:09:27 CST
2013-12-20,,,13.789999961853027,2026-06-27 00:09:27 CST,2026-06-27 00:09:27 CST
2013-12-23,,,13.039999961853027,2026-06-27 00:09:27 CST,2026-06-27 00:09:27 CST
2013-12-24,,,12.479999542236328,2026-06-27 00:09:27 CST,2026-06-27 00:09:27 CST
2013-12-26,,,12.329999923706055,2026-06-27 00:09:27 CST,2026-06-27 00:09:27 CST
2013-12-27,,,12.460000038146973,2026-06-27 00:09:27 CST,2026-06-27 00:09:27 CST
2013-12-30,,,13.5600004196167,2026-06-27 00:09:27 CST,2026-06-27 00:09:27 CST
2013-12-31,,,13.720000267028809,2026-06-27 00:09:27 CST,2026-06-27 00:09:27 CST
2014-01-02,,,14.229999542236328,2026-06-27 00:09:27 CST,2026-06-27 00:09:27 CST
2014-01-03,,,13.760000228881836,2026-06-27 00:09:27 CST,2026-06-27 00:09:27 CST
2014-01-06,,,13.550000190734863,2026-06-27 00:09:27 CST,2026-06-27 00:09:27 CST
2014-01-07,,,12.920000076293945,2026-06-27 00:09:27 CST,2026-06-27 00:09:27 CST
2014-01-08,,,12.869999885559082,2026-06-27 00:09:27 CST,2026-06-27 00:09:27 CST
2014-01-09,,,12.890000343322754,2026-06-27 00:09:27 CST,2026-06-27 00:09:27 CST
2014-01-10,,,12.140000343322754,2026-06-27 00:09:27 CST,2026-06-27 00:09:27 CST
2014-01-13,,,13.279999732971191,2026-06-27 00:09:27 CST,2026-06-27 00:09:27 CST
2014-01-14,,,12.279999732971191,2026-06-27 00:09:27 CST,2026-06-27 00:09:27 CST
2014-01-15,,,12.279999732971191,2026-06-27 00:09:27 CST,2026-06-27 00:09:27 CST
2014-01-16,,,12.529999732971191,2026-06-27 00:09:27 CST,2026-06-27 00:09:27 CST
2014-01-17,,,12.4399995803833,2026-06-27 00:09:27 CST,2026-06-27 00:09:27 CST
2014-01-21,,,12.869999885559082,2026-06-27 00:09:27 CST,2026-06-27 00:09:27 CST
2014-01-22,,,12.84000015258789,2026-06-27 00:09:27 CST,2026-06-27 00:09:27 CST
2014-01-23,,,13.770000457763672,2026-06-27 00:09:27 CST,2026-06-27 00:09:27 CST
2014-01-24,,,18.139999389648438,2026-06-27 00:09:27 CST,2026-06-27 00:09:27 CST
2014-01-27,,,17.420000076293945,2026-06-27 00:09:27 CST,2026-06-27 00:09:27 CST
2014-01-28,,,15.800000190734863,2026-06-27 00:09:27 CST,2026-06-27 00:09:27 CST
2014-01-29,,,17.350000381469727,2026-06-27 00:09:27 CST,2026-06-27 00:09:27 CST
2014-01-30,,,17.290000915527344,2026-06-27 00:09:27 CST,2026-06-27 00:09:27 CST
2014-01-31,,,18.40999984741211,2026-06-27 00:09:27 CST,2026-06-27 00:09:27 CST
2014-02-03,,,21.440000534057617,2026-06-27 00:09:27 CST,2026-06-27 00:09:27 CST
2014-02-04,,,19.110000610351562,2026-06-27 00:09:27 CST,2026-06-27 00:09:27 CST
2014-02-05,,,19.950000762939453,2026-06-27 00:09:27 CST,2026-06-27 00:09:27 CST
2014-02-06,,,17.229999542236328,2026-06-27 00:09:27 CST,2026-06-27 00:09:27 CST
2014-02-07,,,15.289999961853027,2026-06-27 00:09:27 CST,2026-06-27 00:09:27 CST
2014-02-10,,,15.260000228881836,2026-06-27 00:09:27 CST,2026-06-27 00:09:27 CST
2014-02-11,,,14.510000228881836,2026-06-27 00:09:27 CST,2026-06-27 00:09:27 CST
2014-02-12,,,14.300000190734863,2026-06-27 00:09:27 CST,2026-06-27 00:09:27 CST
2014-02-13,,,14.140000343322754,2026-06-27 00:09:27 CST,2026-06-27 00:09:27 CST
2014-02-14,,,13.569999694824219,2026-06-27 00:09:27 CST,2026-06-27 00:09:27 CST
2014-02-18,,,13.869999885559082,2026-06-27 00:09:27 CST,2026-06-27 00:09:27 CST
2014-02-19,,,15.5,2026-06-27 00:09:27 CST,2026-06-27 00:09:27 CST
2014-02-20,,,14.789999961853027,2026-06-27 00:09:27 CST,2026-06-27 00:09:27 CST
2014-02-21,,,14.680000305175781,2026-06-27 00:09:27 CST,2026-06-27 00:09:27 CST
2014-02-24,,,14.229999542236328,2026-06-27 00:09:27 CST,2026-06-27 00:09:27 CST
2014-02-25,,,13.670000076293945,2026-06-27 00:09:27 CST,2026-06-27 00:09:27 CST
2014-02-26,,,14.350000381469727,2026-06-27 00:09:27 CST,2026-06-27 00:09:27 CST
2014-02-27,,,14.039999961853027,2026-06-27 00:09:27 CST,2026-06-27 00:09:27 CST
2014-02-28,,,14.0,2026-06-27 00:09:27 CST,2026-06-27 00:09:27 CST
2014-03-03,,,16.0,2026-06-27 00:09:27 CST,2026-06-27 00:09:27 CST
2014-03-04,,,14.100000381469727,2026-06-27 00:09:27 CST,2026-06-27 00:09:27 CST
2014-03-05,,,13.890000343322754,2026-06-27 00:09:27 CST,2026-06-27 00:09:27 CST
2014-03-06,,,14.210000038146973,2026-06-27 00:09:27 CST,2026-06-27 00:09:27 CST
2014-03-07,,,14.109999656677246,2026-06-27 00:09:27 CST,2026-06-27 00:09:27 CST
2014-03-10,,,14.199999809265137,2026-06-27 00:09:27 CST,2026-06-27 00:09:27 CST
2014-03-11,,,14.800000190734863,2026-06-27 00:09:27 CST,2026-06-27 00:09:27 CST
2014-03-12,,,14.470000267028809,2026-06-27 00:09:27 CST,2026-06-27 00:09:27 CST
2014-03-13,,,16.219999313354492,2026-06-27 00:09:27 CST,2026-06-27 00:09:27 CST
2014-03-14,,,17.81999969482422,2026-06-27 00:09:27 CST,2026-06-27 00:09:27 CST
2014-03-17,,,15.640000343322754,2026-06-27 00:09:27 CST,2026-06-27 00:09:27 CST
2014-03-18,,,14.520000457763672,2026-06-27 00:09:27 CST,2026-06-27 00:09:27 CST
2014-03-19,,,15.119999885559082,2026-06-27 00:09:27 CST,2026-06-27 00:09:27 CST
2014-03-20,,,14.520000457763672,2026-06-27 00:09:27 CST,2026-06-27 00:09:27 CST
2014-03-21,,,15.0,2026-06-27 00:09:27 CST,2026-06-27 00:09:27 CST
2014-03-24,,,15.09000015258789,2026-06-27 00:09:27 CST,2026-06-27 00:09:27 CST
2014-03-25,,,14.020000457763672,2026-06-27 00:09:27 CST,2026-06-27 00:09:27 CST
2014-03-26,,,14.930000305175781,2026-06-27 00:09:27 CST,2026-06-27 00:09:27 CST
2014-03-27,,,14.619999885559082,2026-06-27 00:09:27 CST,2026-06-27 00:09:27 CST
2014-03-28,,,14.40999984741211,2026-06-27 00:09:27 CST,2026-06-27 00:09:27 CST
2014-03-31,,,13.880000114440918,2026-06-27 00:09:27 CST,2026-06-27 00:09:27 CST
2014-04-01,,,13.100000381469727,2026-06-27 00:09:27 CST,2026-06-27 00:09:27 CST
2014-04-02,,,13.09000015258789,2026-06-27 00:09:27 CST,2026-06-27 00:09:27 CST
2014-04-03,,,13.369999885559082,2026-06-27 00:09:27 CST,2026-06-27 00:09:27 CST
2014-04-04,,,13.960000038146973,2026-06-27 00:09:27 CST,2026-06-27 00:09:27 CST
2014-04-07,,,15.569999694824219,2026-06-27 00:09:27 CST,2026-06-27 00:09:27 CST
2014-04-08,,,14.890000343322754,2026-06-27 00:09:27 CST,2026-06-27 00:09:27 CST
2014-04-09,,,13.819999694824219,2026-06-27 00:09:27 CST,2026-06-27 00:09:27 CST
2014-04-10,,,15.890000343322754,2026-06-27 00:09:27 CST,2026-06-27 00:09:27 CST
2014-04-11,,,17.030000686645508,2026-06-27 00:09:27 CST,2026-06-27 00:09:27 CST
2014-04-14,,,16.110000610351562,2026-06-27 00:09:27 CST,2026-06-27 00:09:27 CST
2014-04-15,,,15.609999656677246,2026-06-27 00:09:27 CST,2026-06-27 00:09:27 CST
2014-04-16,,,14.180000305175781,2026-06-27 00:09:27 CST,2026-06-27 00:09:27 CST
2014-04-17,,,13.359999656677246,2026-06-27 00:09:27 CST,2026-06-27 00:09:27 CST
2014-04-21,,,13.25,2026-06-27 00:09:27 CST,2026-06-27 00:09:27 CST
2014-04-22,,,13.1899995803833,2026-06-27 00:09:27 CST,2026-06-27 00:09:27 CST
2014-04-23,,,13.270000457763672,2026-06-27 00:09:27 CST,2026-06-27 00:09:27 CST
2014-04-24,,,13.319999694824219,2026-06-27 00:09:27 CST,2026-06-27 00:09:27 CST
2014-04-25,,,14.0600004196167,2026-06-27 00:09:27 CST,2026-06-27 00:09:27 CST
2014-04-28,,,13.970000267028809,2026-06-27 00:09:27 CST,2026-06-27 00:09:27 CST
2014-04-29,,,13.710000038146973,2026-06-27 00:09:27 CST,2026-06-27 00:09:27 CST
2014-04-30,,,13.40999984741211,2026-06-27 00:09:27 CST,2026-06-27 00:09:27 CST
2014-05-01,,,13.25,2026-06-27 00:09:27 CST,2026-06-27 00:09:27 CST
2014-05-02,,,12.90999984741211,2026-06-27 00:09:27 CST,2026-06-27 00:09:27 CST
2014-05-05,,,13.289999961853027,2026-06-27 00:09:27 CST,2026-06-27 00:09:27 CST
2014-05-06,,,13.800000190734863,2026-06-27 00:09:27 CST,2026-06-27 00:09:27 CST
2014-05-07,,,13.399999618530273,2026-06-27 00:09:27 CST,2026-06-27 00:09:27 CST
2014-05-08,,,13.430000305175781,2026-06-27 00:09:27 CST,2026-06-27 00:09:27 CST
2014-05-09,,,12.920000076293945,2026-06-27 00:09:27 CST,2026-06-27 00:09:27 CST
2014-05-12,,,12.229999542236328,2026-06-27 00:09:27 CST,2026-06-27 00:09:27 CST
2014-05-13,,,12.130000114440918,2026-06-27 00:09:27 CST,2026-06-27 00:09:27 CST
2014-05-14,,,12.170000076293945,2026-06-27 00:09:27 CST,2026-06-27 00:09:27 CST
2014-05-15,,,13.170000076293945,2026-06-27 00:09:27 CST,2026-06-27 00:09:27 CST
2014-05-16,,,12.4399995803833,2026-06-27 00:09:27 CST,2026-06-27 00:09:27 CST
2014-05-19,,,12.420000076293945,2026-06-27 00:09:27 CST,2026-06-27 00:09:27 CST
2014-05-20,,,12.960000038146973,2026-06-27 00:09:27 CST,2026-06-27 00:09:27 CST
2014-05-21,,,11.90999984741211,2026-06-27 00:09:27 CST,2026-06-27 00:09:27 CST
2014-05-22,,,12.029999732971191,2026-06-27 00:09:27 CST,2026-06-27 00:09:27 CST
2014-05-23,,,11.359999656677246,2026-06-27 00:09:27 CST,2026-06-27 00:09:27 CST
2014-05-27,,,11.510000228881836,2026-06-27 00:09:27 CST,2026-06-27 00:09:27 CST
2014-05-28,,,11.680000305175781,2026-06-27 00:09:27 CST,2026-06-27 00:09:27 CST
2014-05-29,,,11.569999694824219,2026-06-27 00:09:27 CST,2026-06-27 00:09:27 CST
2014-05-30,,,11.399999618530273,2026-06-27 00:09:27 CST,2026-06-27 00:09:27 CST
2014-06-02,,,11.579999923706055,2026-06-27 00:09:27 CST,2026-06-27 00:09:27 CST
2014-06-03,,,11.869999885559082,2026-06-27 00:09:27 CST,2026-06-27 00:09:27 CST
2014-06-04,,,12.079999923706055,2026-06-27 00:09:27 CST,2026-06-27 00:09:27 CST
2014-06-05,,,11.680000305175781,2026-06-27 00:09:27 CST,2026-06-27 00:09:27 CST
2014-06-06,,,10.729999542236328,2026-06-27 00:09:27 CST,2026-06-27 00:09:27 CST
2014-06-09,,,11.149999618530273,2026-06-27 00:09:27 CST,2026-06-27 00:09:27 CST
2014-06-10,,,10.989999771118164,2026-06-27 00:09:27 CST,2026-06-27 00:09:27 CST
2014-06-11,,,11.600000381469727,2026-06-27 00:09:27 CST,2026-06-27 00:09:27 CST
2014-06-12,,,12.5600004196167,2026-06-27 00:09:27 CST,2026-06-27 00:09:27 CST
2014-06-13,,,12.180000305175781,2026-06-27 00:09:27 CST,2026-06-27 00:09:27 CST
2014-06-16,,,12.649999618530273,2026-06-27 00:09:27 CST,2026-06-27 00:09:27 CST
2014-06-17,,,12.0600004196167,2026-06-27 00:09:27 CST,2026-06-27 00:09:27 CST
2014-06-18,,,10.609999656677246,2026-06-27 00:09:27 CST,2026-06-27 00:09:27 CST
2014-06-19,,,10.619999885559082,2026-06-27 00:09:27 CST,2026-06-27 00:09:27 CST
2014-06-20,,,10.850000381469727,2026-06-27 00:09:27 CST,2026-06-27 00:09:27 CST
2014-06-23,,,10.979999542236328,2026-06-27 00:09:27 CST,2026-06-27 00:09:27 CST
2014-06-24,,,12.130000114440918,2026-06-27 00:09:27 CST,2026-06-27 00:09:27 CST
2014-06-25,,,11.59000015258789,2026-06-27 00:09:27 CST,2026-06-27 00:09:27 CST
2014-06-26,,,11.630000114440918,2026-06-27 00:09:27 CST,2026-06-27 00:09:27 CST
2014-06-27,,,11.260000228881836,2026-06-27 00:09:27 CST,2026-06-27 00:09:27 CST
2014-06-30,,,11.569999694824219,2026-06-27 00:09:27 CST,2026-06-27 00:09:27 CST
2014-07-01,,,11.149999618530273,2026-06-27 00:09:27 CST,2026-06-27 00:09:27 CST
2014-07-02,,,10.819999694824219,2026-06-27 00:09:27 CST,2026-06-27 00:09:27 CST
2014-07-03,,,10.319999694824219,2026-06-27 00:09:27 CST,2026-06-27 00:09:27 CST
2014-07-07,,,11.329999923706055,2026-06-27 00:09:27 CST,2026-06-27 00:09:27 CST
2014-07-08,,,11.979999542236328,2026-06-27 00:09:27 CST,2026-06-27 00:09:27 CST
2014-07-09,,,11.649999618530273,2026-06-27 00:09:27 CST,2026-06-27 00:09:27 CST
2014-07-10,,,12.59000015258789,2026-06-27 00:09:27 CST,2026-06-27 00:09:27 CST
2014-07-11,,,12.079999923706055,2026-06-27 00:09:27 CST,2026-06-27 00:09:27 CST
2014-07-14,,,11.819999694824219,2026-06-27 00:09:27 CST,2026-06-27 00:09:27 CST
2014-07-15,,,11.960000038146973,2026-06-27 00:09:27 CST,2026-06-27 00:09:27 CST
2014-07-16,,,11.0,2026-06-27 00:09:27 CST,2026-06-27 00:09:27 CST
2014-07-17,,,14.539999961853027,2026-06-27 00:09:27 CST,2026-06-27 00:09:27 CST
2014-07-18,,,12.0600004196167,2026-06-27 00:09:27 CST,2026-06-27 00:09:27 CST
2014-07-21,,,12.8100004196167,2026-06-27 00:09:27 CST,2026-06-27 00:09:27 CST
2014-07-22,,,12.239999771118164,2026-06-27 00:09:27 CST,2026-06-27 00:09:27 CST
2014-07-23,,,11.520000457763672,2026-06-27 00:09:27 CST,2026-06-27 00:09:27 CST
2014-07-24,,,11.84000015258789,2026-06-27 00:09:27 CST,2026-06-27 00:09:27 CST
2014-07-25,,,12.6899995803833,2026-06-27 00:09:27 CST,2026-06-27 00:09:27 CST
2014-07-28,,,12.5600004196167,2026-06-27 00:09:27 CST,2026-06-27 00:09:27 CST
2014-07-29,,,13.279999732971191,2026-06-27 00:09:27 CST,2026-06-27 00:09:27 CST
2014-07-30,,,13.329999923706055,2026-06-27 00:09:27 CST,2026-06-27 00:09:27 CST
2014-07-31,,,16.950000762939453,2026-06-27 00:09:27 CST,2026-06-27 00:09:27 CST
2014-08-01,,,17.030000686645508,2026-06-27 00:09:27 CST,2026-06-27 00:09:27 CST
2014-08-04,,,15.119999885559082,2026-06-27 00:09:27 CST,2026-06-27 00:09:27 CST
2014-08-05,,,16.8700008392334,2026-06-27 00:09:27 CST,2026-06-27 00:09:27 CST
2014-08-06,,,16.3700008392334,2026-06-27 00:09:27 CST,2026-06-27 00:09:27 CST
2014-08-07,,,16.65999984741211,2026-06-27 00:09:27 CST,2026-06-27 00:09:27 CST
2014-08-08,,,15.770000457763672,2026-06-27 00:09:27 CST,2026-06-27 00:09:27 CST
2014-08-11,,,14.229999542236328,2026-06-27 00:09:27 CST,2026-06-27 00:09:27 CST
2014-08-12,,,14.130000114440918,2026-06-27 00:09:27 CST,2026-06-27 00:09:27 CST
2014-08-13,,,12.899999618530273,2026-06-27 00:09:27 CST,2026-06-27 00:09:27 CST
2014-08-14,,,12.420000076293945,2026-06-27 00:09:27 CST,2026-06-27 00:09:27 CST
2014-08-15,,,13.149999618530273,2026-06-27 00:09:27 CST,2026-06-27 00:09:27 CST
2014-08-18,,,12.319999694824219,2026-06-27 00:09:27 CST,2026-06-27 00:09:27 CST
2014-08-19,,,12.210000038146973,2026-06-27 00:09:27 CST,2026-06-27 00:09:27 CST
2014-08-20,,,11.779999732971191,2026-06-27 00:09:27 CST,2026-06-27 00:09:27 CST
2014-08-21,,,11.760000228881836,2026-06-27 00:09:27 CST,2026-06-27 00:09:27 CST
2014-08-22,,,11.470000267028809,2026-06-27 00:09:27 CST,2026-06-27 00:09:27 CST
2014-08-25,,,11.699999809265137,2026-06-27 00:09:27 CST,2026-06-27 00:09:27 CST
2014-08-26,,,11.630000114440918,2026-06-27 00:09:27 CST,2026-06-27 00:09:27 CST
2014-08-27,,,11.779999732971191,2026-06-27 00:09:27 CST,2026-06-27 00:09:27 CST
2014-08-28,,,12.050000190734863,2026-06-27 00:09:27 CST,2026-06-27 00:09:27 CST
2014-08-29,,,12.09000015258789,2026-06-27 00:09:27 CST,2026-06-27 00:09:27 CST
2014-09-02,,,12.25,2026-06-27 00:09:27 CST,2026-06-27 00:09:27 CST
2014-09-03,,,12.359999656677246,2026-06-27 00:09:27 CST,2026-06-27 00:09:27 CST
2014-09-04,,,12.640000343322754,2026-06-27 00:09:27 CST,2026-06-27 00:09:27 CST
2014-09-05,,,12.09000015258789,2026-06-27 00:09:27 CST,2026-06-27 00:09:27 CST
2014-09-08,,,12.65999984741211,2026-06-27 00:09:27 CST,2026-06-27 00:09:27 CST
2014-09-09,,,13.5,2026-06-27 00:09:27 CST,2026-06-27 00:09:27 CST
2014-09-10,,,12.880000114440918,2026-06-27 00:09:27 CST,2026-06-27 00:09:27 CST
2014-09-11,,,12.800000190734863,2026-06-27 00:09:27 CST,2026-06-27 00:09:27 CST
2014-09-12,,,13.3100004196167,2026-06-27 00:09:27 CST,2026-06-27 00:09:27 CST
2014-09-15,,,14.119999885559082,2026-06-27 00:09:27 CST,2026-06-27 00:09:27 CST
2014-09-16,,,12.729999542236328,2026-06-27 00:09:27 CST,2026-06-27 00:09:27 CST
2014-09-17,,,12.649999618530273,2026-06-27 00:09:27 CST,2026-06-27 00:09:27 CST
2014-09-18,,,12.029999732971191,2026-06-27 00:09:27 CST,2026-06-27 00:09:27 CST
2014-09-19,,,12.109999656677246,2026-06-27 00:09:27 CST,2026-06-27 00:09:27 CST
2014-09-22,,,13.6899995803833,2026-06-27 00:09:27 CST,2026-06-27 00:09:27 CST
2014-09-23,,,14.930000305175781,2026-06-27 00:09:27 CST,2026-06-27 00:09:27 CST
2014-09-24,,,13.270000457763672,2026-06-27 00:09:27 CST,2026-06-27 00:09:27 CST
2014-09-25,,,15.640000343322754,2026-06-27 00:09:27 CST,2026-06-27 00:09:27 CST
2014-09-26,,,14.850000381469727,2026-06-27 00:09:27 CST,2026-06-27 00:09:27 CST
2014-09-29,,,15.979999542236328,2026-06-27 00:09:27 CST,2026-06-27 00:09:27 CST
2014-09-30,,,16.309999465942383,2026-06-27 00:09:27 CST,2026-06-27 00:09:27 CST
2014-10-01,,,16.709999084472656,2026-06-27 00:09:27 CST,2026-06-27 00:09:27 CST
2014-10-02,,,16.15999984741211,2026-06-27 00:09:27 CST,2026-06-27 00:09:27 CST
2014-10-03,,,14.550000190734863,2026-06-27 00:09:27 CST,2026-06-27 00:09:27 CST
2014-10-06,,,15.460000038146973,2026-06-27 00:09:27 CST,2026-06-27 00:09:27 CST
2014-10-07,,,17.200000762939453,2026-06-27 00:09:27 CST,2026-06-27 00:09:27 CST
2014-10-08,,,15.109999656677246,2026-06-27 00:09:27 CST,2026-06-27 00:09:27 CST
2014-10-09,,,18.760000228881836,2026-06-27 00:09:27 CST,2026-06-27 00:09:27 CST
2014-10-10,,,21.239999771118164,2026-06-27 00:09:27 CST,2026-06-27 00:09:27 CST
2014-10-13,,,24.639999389648438,2026-06-27 00:09:27 CST,2026-06-27 00:09:27 CST
2014-10-14,,,22.790000915527344,2026-06-27 00:09:27 CST,2026-06-27 00:09:27 CST
2014-10-15,,,25.270000457763672,2026-06-27 00:09:27 CST,2026-06-27 00:09:27 CST
2014-10-16,,,25.200000762939453,2026-06-27 00:09:27 CST,2026-06-27 00:09:27 CST
2014-10-17,,,21.989999771118164,2026-06-27 00:09:27 CST,2026-06-27 00:09:27 CST
2014-10-20,,,18.56999969482422,2026-06-27 00:09:27 CST,2026-06-27 00:09:27 CST
2014-10-21,,,16.079999923706055,2026-06-27 00:09:27 CST,2026-06-27 00:09:27 CST
2014-10-22,,,17.8700008392334,2026-06-27 00:09:27 CST,2026-06-27 00:09:27 CST
2014-10-23,,,16.530000686645508,2026-06-27 00:09:27 CST,2026-06-27 00:09:27 CST
2014-10-24,,,16.110000610351562,2026-06-27 00:09:27 CST,2026-06-27 00:09:27 CST
2014-10-27,,,16.040000915527344,2026-06-27 00:09:27 CST,2026-06-27 00:09:27 CST
2014-10-28,,,14.390000343322754,2026-06-27 00:09:27 CST,2026-06-27 00:09:27 CST
2014-10-29,,,15.149999618530273,2026-06-27 00:09:27 CST,2026-06-27 00:09:27 CST
2014-10-30,,,14.520000457763672,2026-06-27 00:09:27 CST,2026-06-27 00:09:27 CST
2014-10-31,,,14.029999732971191,2026-06-27 00:09:27 CST,2026-06-27 00:09:27 CST
2014-11-03,,,14.729999542236328,2026-06-27 00:09:27 CST,2026-06-27 00:09:27 CST
2014-11-04,,,14.890000343322754,2026-06-27 00:09:27 CST,2026-06-27 00:09:27 CST
2014-11-05,,,14.170000076293945,2026-06-27 00:09:27 CST,2026-06-27 00:09:27 CST
2014-11-06,,,13.670000076293945,2026-06-27 00:09:27 CST,2026-06-27 00:09:27 CST
2014-11-07,,,13.119999885559082,2026-06-27 00:09:27 CST,2026-06-27 00:09:27 CST
2014-11-10,,,12.670000076293945,2026-06-27 00:09:27 CST,2026-06-27 00:09:27 CST
2014-11-11,,,12.920000076293945,2026-06-27 00:09:27 CST,2026-06-27 00:09:27 CST
2014-11-12,,,13.020000457763672,2026-06-27 00:09:27 CST,2026-06-27 00:09:27 CST
2014-11-13,,,13.789999961853027,2026-06-27 00:09:27 CST,2026-06-27 00:09:27 CST
2014-11-14,,,13.3100004196167,2026-06-27 00:09:27 CST,2026-06-27 00:09:27 CST
2014-11-17,,,13.989999771118164,2026-06-27 00:09:27 CST,2026-06-27 00:09:27 CST
2014-11-18,,,13.859999656677246,2026-06-27 00:09:27 CST,2026-06-27 00:09:27 CST
2014-11-19,,,13.960000038146973,2026-06-27 00:09:27 CST,2026-06-27 00:09:27 CST
2014-11-20,,,13.579999923706055,2026-06-27 00:09:27 CST,2026-06-27 00:09:27 CST
2014-11-21,,,12.899999618530273,2026-06-27 00:09:27 CST,2026-06-27 00:09:27 CST
2014-11-24,,,12.619999885559082,2026-06-27 00:09:27 CST,2026-06-27 00:09:27 CST
2014-11-25,,,12.25,2026-06-27 00:09:27 CST,2026-06-27 00:09:27 CST
2014-11-26,,,12.069999694824219,2026-06-27 00:09:27 CST,2026-06-27 00:09:27 CST
2014-11-28,,,13.329999923706055,2026-06-27 00:09:27 CST,2026-06-27 00:09:27 CST
2014-12-01,,,14.15999984741211,2026-06-27 00:09:27 CST,2026-06-27 00:09:27 CST
2014-12-02,,,12.850000381469727,2026-06-27 00:09:27 CST,2026-06-27 00:09:27 CST
2014-12-03,,,12.5,2026-06-27 00:09:27 CST,2026-06-27 00:09:27 CST
2014-12-04,,,12.380000114440918,2026-06-27 00:09:27 CST,2026-06-27 00:09:27 CST
2014-12-05,,,11.890000343322754,2026-06-27 00:09:27 CST,2026-06-27 00:09:27 CST
2014-12-08,,,14.210000038146973,2026-06-27 00:09:27 CST,2026-06-27 00:09:27 CST
2014-12-09,,,15.350000381469727,2026-06-27 00:09:27 CST,2026-06-27 00:09:27 CST
2014-12-10,,,18.530000686645508,2026-06-27 00:09:27 CST,2026-06-27 00:09:27 CST
2014-12-11,,,20.079999923706055,2026-06-27 00:09:27 CST,2026-06-27 00:09:27 CST
2014-12-12,,,21.079999923706055,2026-06-27 00:09:27 CST,2026-06-27 00:09:27 CST
2014-12-15,,,20.420000076293945,2026-06-27 00:09:27 CST,2026-06-27 00:09:27 CST
2014-12-16,,,23.56999969482422,2026-06-27 00:09:27 CST,2026-06-27 00:09:27 CST
2014-12-17,,,19.440000534057617,2026-06-27 00:09:27 CST,2026-06-27 00:09:27 CST
2014-12-18,,,16.809999465942383,2026-06-27 00:09:27 CST,2026-06-27 00:09:27 CST
2014-12-19,,,16.489999771118164,2026-06-27 00:09:27 CST,2026-06-27 00:09:27 CST
2014-12-22,,,15.25,2026-06-27 00:09:27 CST,2026-06-27 00:09:27 CST
2014-12-23,,,14.800000190734863,2026-06-27 00:09:27 CST,2026-06-27 00:09:27 CST
2014-12-24,,,14.369999885559082,2026-06-27 00:09:27 CST,2026-06-27 00:09:27 CST
2014-12-26,,,14.5,2026-06-27 00:09:27 CST,2026-06-27 00:09:27 CST
2014-12-29,,,15.0600004196167,2026-06-27 00:09:27 CST,2026-06-27 00:09:27 CST
2014-12-30,,,15.920000076293945,2026-06-27 00:09:27 CST,2026-06-27 00:09:27 CST
2014-12-31,,,19.200000762939453,2026-06-27 00:09:27 CST,2026-06-27 00:09:27 CST
2015-01-02,,,17.790000915527344,2026-06-27 00:09:27 CST,2026-06-27 00:09:27 CST
2015-01-05,,,19.920000076293945,2026-06-27 00:09:27 CST,2026-06-27 00:09:27 CST
2015-01-06,,,21.1200008392334,2026-06-27 00:09:27 CST,2026-06-27 00:09:27 CST
2015-01-07,,,19.309999465942383,2026-06-27 00:09:27 CST,2026-06-27 00:09:27 CST
2015-01-08,,,17.010000228881836,2026-06-27 00:09:27 CST,2026-06-27 00:09:27 CST
2015-01-09,,,17.549999237060547,2026-06-27 00:09:27 CST,2026-06-27 00:09:27 CST
2015-01-12,,,19.600000381469727,2026-06-27 00:09:27 CST,2026-06-27 00:09:27 CST
2015-01-13,,,20.559999465942383,2026-06-27 00:09:27 CST,2026-06-27 00:09:27 CST
2015-01-14,,,21.479999542236328,2026-06-27 00:09:27 CST,2026-06-27 00:09:27 CST
2015-01-15,,,22.389999389648438,2026-06-27 00:09:27 CST,2026-06-27 00:09:27 CST
2015-01-16,,,20.950000762939453,2026-06-27 00:09:27 CST,2026-06-27 00:09:27 CST
2015-01-20,,,19.889999389648438,2026-06-27 00:09:27 CST,2026-06-27 00:09:27 CST
2015-01-21,,,18.850000381469727,2026-06-27 00:09:27 CST,2026-06-27 00:09:27 CST
2015-01-22,,,16.399999618530273,2026-06-27 00:09:27 CST,2026-06-27 00:09:27 CST
2015-01-23,,,16.65999984741211,2026-06-27 00:09:27 CST,2026-06-27 00:09:27 CST
2015-01-26,,,15.520000457763672,2026-06-27 00:09:27 CST,2026-06-27 00:09:27 CST
2015-01-27,,,17.219999313354492,2026-06-27 00:09:27 CST,2026-06-27 00:09:27 CST
2015-01-28,,,20.440000534057617,2026-06-27 00:09:27 CST,2026-06-27 00:09:27 CST
2015-01-29,,,18.760000228881836,2026-06-27 00:09:27 CST,2026-06-27 00:09:27 CST
2015-01-30,,,20.969999313354492,2026-06-27 00:09:27 CST,2026-06-27 00:09:27 CST
2015-02-02,,,19.43000030517578,2026-06-27 00:09:27 CST,2026-06-27 00:09:27 CST
2015-02-03,,,17.329999923706055,2026-06-27 00:09:27 CST,2026-06-27 00:09:27 CST
2015-02-04,,,18.329999923706055,2026-06-27 00:09:27 CST,2026-06-27 00:09:27 CST
2015-02-05,,,16.850000381469727,2026-06-27 00:09:27 CST,2026-06-27 00:09:27 CST
2015-02-06,,,17.290000915527344,2026-06-27 00:09:27 CST,2026-06-27 00:09:27 CST
2015-02-09,,,18.549999237060547,2026-06-27 00:09:27 CST,2026-06-27 00:09:27 CST
2015-02-10,,,17.229999542236328,2026-06-27 00:09:27 CST,2026-06-27 00:09:27 CST
2015-02-11,,,16.959999084472656,2026-06-27 00:09:27 CST,2026-06-27 00:09:27 CST
2015-02-12,,,15.34000015258789,2026-06-27 00:09:27 CST,2026-06-27 00:09:27 CST
2015-02-13,,,14.6899995803833,2026-06-27 00:09:27 CST,2026-06-27 00:09:27 CST
2015-02-17,,,15.800000190734863,2026-06-27 00:09:27 CST,2026-06-27 00:09:27 CST
2015-02-18,,,15.449999809265137,2026-06-27 00:09:27 CST,2026-06-27 00:09:27 CST
2015-02-19,,,15.289999961853027,2026-06-27 00:09:27 CST,2026-06-27 00:09:27 CST
2015-02-20,,,14.300000190734863,2026-06-27 00:09:27 CST,2026-06-27 00:09:27 CST
2015-02-23,,,14.5600004196167,2026-06-27 00:09:27 CST,2026-06-27 00:09:27 CST
2015-02-24,,,13.6899995803833,2026-06-27 00:09:27 CST,2026-06-27 00:09:27 CST
2015-02-25,,,13.84000015258789,2026-06-27 00:09:27 CST,2026-06-27 00:09:27 CST
2015-02-26,,,13.90999984741211,2026-06-27 00:09:27 CST,2026-06-27 00:09:27 CST
2015-02-27,,,13.34000015258789,2026-06-27 00:09:27 CST,2026-06-27 00:09:27 CST
2015-03-02,,,13.039999961853027,2026-06-27 00:09:27 CST,2026-06-27 00:09:27 CST
2015-03-03,,,13.859999656677246,2026-06-27 00:09:27 CST,2026-06-27 00:09:27 CST
2015-03-04,,,14.229999542236328,2026-06-27 00:09:27 CST,2026-06-27 00:09:27 CST
2015-03-05,,,14.039999961853027,2026-06-27 00:09:27 CST,2026-06-27 00:09:27 CST
2015-03-06,,,15.199999809265137,2026-06-27 00:09:27 CST,2026-06-27 00:09:27 CST
2015-03-09,,,15.0600004196167,2026-06-27 00:09:27 CST,2026-06-27 00:09:27 CST
2015-03-10,,,16.690000534057617,2026-06-27 00:09:27 CST,2026-06-27 00:09:27 CST
2015-03-11,,,16.8700008392334,2026-06-27 00:09:27 CST,2026-06-27 00:09:27 CST
2015-03-12,,,15.420000076293945,2026-06-27 00:09:27 CST,2026-06-27 00:09:27 CST
2015-03-13,,,16.0,2026-06-27 00:09:27 CST,2026-06-27 00:09:27 CST
2015-03-16,,,15.609999656677246,2026-06-27 00:09:27 CST,2026-06-27 00:09:27 CST
2015-03-17,,,15.65999984741211,2026-06-27 00:09:27 CST,2026-06-27 00:09:27 CST
2015-03-18,,,13.970000267028809,2026-06-27 00:09:27 CST,2026-06-27 00:09:27 CST
2015-03-19,,,14.069999694824219,2026-06-27 00:09:27 CST,2026-06-27 00:09:27 CST
2015-03-20,,,13.020000457763672,2026-06-27 00:09:27 CST,2026-06-27 00:09:27 CST
2015-03-23,,,13.40999984741211,2026-06-27 00:09:27 CST,2026-06-27 00:09:27 CST
2015-03-24,,,13.619999885559082,2026-06-27 00:09:27 CST,2026-06-27 00:09:27 CST
2015-03-25,,,15.4399995803833,2026-06-27 00:09:27 CST,2026-06-27 00:09:27 CST
2015-03-26,,,15.800000190734863,2026-06-27 00:09:27 CST,2026-06-27 00:09:27 CST
2015-03-27,,,15.069999694824219,2026-06-27 00:09:27 CST,2026-06-27 00:09:27 CST
2015-03-30,,,14.510000228881836,2026-06-27 00:09:27 CST,2026-06-27 00:09:27 CST
2015-03-31,,,15.289999961853027,2026-06-27 00:09:27 CST,2026-06-27 00:09:27 CST
2015-04-01,,,15.109999656677246,2026-06-27 00:09:27 CST,2026-06-27 00:09:27 CST
2015-04-02,,,14.670000076293945,2026-06-27 00:09:27 CST,2026-06-27 00:09:27 CST
2015-04-06,,,14.739999771118164,2026-06-27 00:09:27 CST,2026-06-27 00:09:27 CST
2015-04-07,,,14.779999732971191,2026-06-27 00:09:27 CST,2026-06-27 00:09:27 CST
2015-04-08,,,13.979999542236328,2026-06-27 00:09:27 CST,2026-06-27 00:09:27 CST
2015-04-09,,,13.09000015258789,2026-06-27 00:09:27 CST,2026-06-27 00:09:27 CST
2015-04-10,,,12.579999923706055,2026-06-27 00:09:27 CST,2026-06-27 00:09:27 CST
2015-04-13,,,13.9399995803833,2026-06-27 00:09:27 CST,2026-06-27 00:09:27 CST
2015-04-14,,,13.670000076293945,2026-06-27 00:09:27 CST,2026-06-27 00:09:27 CST
2015-04-15,,,12.84000015258789,2026-06-27 00:09:27 CST,2026-06-27 00:09:27 CST
2015-04-16,,,12.600000381469727,2026-06-27 00:09:27 CST,2026-06-27 00:09:27 CST
2015-04-17,,,13.890000343322754,2026-06-27 00:09:27 CST,2026-06-27 00:09:27 CST
2015-04-20,,,13.300000190734863,2026-06-27 00:09:27 CST,2026-06-27 00:09:27 CST
2015-04-21,,,13.25,2026-06-27 00:09:27 CST,2026-06-27 00:09:27 CST
2015-04-22,,,12.710000038146973,2026-06-27 00:09:27 CST,2026-06-27 00:09:27 CST
2015-04-23,,,12.479999542236328,2026-06-27 00:09:27 CST,2026-06-27 00:09:27 CST
2015-04-24,,,12.289999961853027,2026-06-27 00:09:27 CST,2026-06-27 00:09:27 CST
2015-04-27,,,13.119999885559082,2026-06-27 00:09:27 CST,2026-06-27 00:09:27 CST
2015-04-28,,,12.40999984741211,2026-06-27 00:09:27 CST,2026-06-27 00:09:27 CST
2015-04-29,,,13.390000343322754,2026-06-27 00:09:27 CST,2026-06-27 00:09:27 CST
2015-04-30,,,14.550000190734863,2026-06-27 00:09:27 CST,2026-06-27 00:09:27 CST
2015-05-01,,,12.699999809265137,2026-06-27 00:09:27 CST,2026-06-27 00:09:27 CST
2015-05-04,,,12.850000381469727,2026-06-27 00:09:27 CST,2026-06-27 00:09:27 CST
2015-05-05,,,14.3100004196167,2026-06-27 00:09:27 CST,2026-06-27 00:09:27 CST
2015-05-06,,,15.149999618530273,2026-06-27 00:09:27 CST,2026-06-27 00:09:27 CST
2015-05-07,,,15.130000114440918,2026-06-27 00:09:27 CST,2026-06-27 00:09:27 CST
2015-05-08,,,12.859999656677246,2026-06-27 00:09:27 CST,2026-06-27 00:09:27 CST
2015-05-11,,,13.850000381469727,2026-06-27 00:09:27 CST,2026-06-27 00:09:27 CST
2015-05-12,,,13.859999656677246,2026-06-27 00:09:27 CST,2026-06-27 00:09:27 CST
2015-05-13,,,13.760000228881836,2026-06-27 00:09:27 CST,2026-06-27 00:09:27 CST
2015-05-14,,,12.739999771118164,2026-06-27 00:09:27 CST,2026-06-27 00:09:27 CST
2015-05-15,,,12.380000114440918,2026-06-27 00:09:27 CST,2026-06-27 00:09:27 CST
2015-05-18,,,12.729999542236328,2026-06-27 00:09:27 CST,2026-06-27 00:09:27 CST
2015-05-19,,,12.850000381469727,2026-06-27 00:09:27 CST,2026-06-27 00:09:27 CST
2015-05-20,,,12.880000114440918,2026-06-27 00:09:27 CST,2026-06-27 00:09:27 CST
2015-05-21,,,12.109999656677246,2026-06-27 00:09:27 CST,2026-06-27 00:09:27 CST
2015-05-22,,,12.130000114440918,2026-06-27 00:09:27 CST,2026-06-27 00:09:27 CST
2015-05-26,,,14.0600004196167,2026-06-27 00:09:27 CST,2026-06-27 00:09:27 CST
2015-05-27,,,13.270000457763672,2026-06-27 00:09:27 CST,2026-06-27 00:09:27 CST
2015-05-28,,,13.3100004196167,2026-06-27 00:09:27 CST,2026-06-27 00:09:27 CST
2015-05-29,,,13.84000015258789,2026-06-27 00:09:27 CST,2026-06-27 00:09:27 CST
2015-06-01,,,13.970000267028809,2026-06-27 00:09:27 CST,2026-06-27 00:09:27 CST
2015-06-02,,,14.239999771118164,2026-06-27 00:09:27 CST,2026-06-27 00:09:27 CST
2015-06-03,,,13.65999984741211,2026-06-27 00:09:27 CST,2026-06-27 00:09:27 CST
2015-06-04,,,14.710000038146973,2026-06-27 00:09:27 CST,2026-06-27 00:09:27 CST
2015-06-05,,,14.210000038146973,2026-06-27 00:09:27 CST,2026-06-27 00:09:27 CST
2015-06-08,,,15.289999961853027,2026-06-27 00:09:27 CST,2026-06-27 00:09:27 CST
2015-06-09,,,14.470000267028809,2026-06-27 00:09:27 CST,2026-06-27 00:09:27 CST
2015-06-10,,,13.220000267028809,2026-06-27 00:09:27 CST,2026-06-27 00:09:27 CST
2015-06-11,,,12.850000381469727,2026-06-27 00:09:27 CST,2026-06-27 00:09:27 CST
2015-06-12,,,13.779999732971191,2026-06-27 00:09:27 CST,2026-06-27 00:09:27 CST
2015-06-15,,,15.390000343322754,2026-06-27 00:09:27 CST,2026-06-27 00:09:27 CST
2015-06-16,,,14.8100004196167,2026-06-27 00:09:27 CST,2026-06-27 00:09:27 CST
2015-06-17,,,14.5,2026-06-27 00:09:27 CST,2026-06-27 00:09:27 CST
2015-06-18,,,13.1899995803833,2026-06-27 00:09:27 CST,2026-06-27 00:09:27 CST
2015-06-19,,,13.960000038146973,2026-06-27 00:09:27 CST,2026-06-27 00:09:27 CST
2015-06-22,,,12.739999771118164,2026-06-27 00:09:27 CST,2026-06-27 00:09:27 CST
2015-06-23,,,12.109999656677246,2026-06-27 00:09:27 CST,2026-06-27 00:09:27 CST
2015-06-24,,,13.260000228881836,2026-06-27 00:09:27 CST,2026-06-27 00:09:27 CST
2015-06-25,,,14.010000228881836,2026-06-27 00:09:27 CST,2026-06-27 00:09:27 CST
2015-06-26,,,14.020000457763672,2026-06-27 00:09:27 CST,2026-06-27 00:09:27 CST
2015-06-29,,,18.850000381469727,2026-06-27 00:09:27 CST,2026-06-27 00:09:27 CST
2015-06-30,,,18.229999542236328,2026-06-27 00:09:27 CST,2026-06-27 00:09:27 CST
2015-07-01,,,16.09000015258789,2026-06-27 00:09:27 CST,2026-06-27 00:09:27 CST
2015-07-02,,,16.790000915527344,2026-06-27 00:09:27 CST,2026-06-27 00:09:27 CST
2015-07-06,,,17.010000228881836,2026-06-27 00:09:27 CST,2026-06-27 00:09:27 CST
2015-07-07,,,16.09000015258789,2026-06-27 00:09:27 CST,2026-06-27 00:09:27 CST
2015-07-08,,,19.65999984741211,2026-06-27 00:09:27 CST,2026-06-27 00:09:27 CST
2015-07-09,,,19.969999313354492,2026-06-27 00:09:27 CST,2026-06-27 00:09:27 CST
2015-07-10,,,16.829999923706055,2026-06-27 00:09:27 CST,2026-06-27 00:09:27 CST
2015-07-13,,,13.899999618530273,2026-06-27 00:09:27 CST,2026-06-27 00:09:27 CST
2015-07-14,,,13.369999885559082,2026-06-27 00:09:27 CST,2026-06-27 00:09:27 CST
2015-07-15,,,13.229999542236328,2026-06-27 00:09:27 CST,2026-06-27 00:09:27 CST
2015-07-16,,,12.109999656677246,2026-06-27 00:09:27 CST,2026-06-27 00:09:27 CST
2015-07-17,,,11.949999809265137,2026-06-27 00:09:27 CST,2026-06-27 00:09:27 CST
2015-07-20,,,12.25,2026-06-27 00:09:27 CST,2026-06-27 00:09:27 CST
2015-07-21,,,12.220000267028809,2026-06-27 00:09:27 CST,2026-06-27 00:09:27 CST
2015-07-22,,,12.119999885559082,2026-06-27 00:09:27 CST,2026-06-27 00:09:27 CST
2015-07-23,,,12.640000343322754,2026-06-27 00:09:27 CST,2026-06-27 00:09:27 CST
2015-07-24,,,13.739999771118164,2026-06-27 00:09:27 CST,2026-06-27 00:09:27 CST
2015-07-27,,,15.600000381469727,2026-06-27 00:09:27 CST,2026-06-27 00:09:27 CST
2015-07-28,,,13.4399995803833,2026-06-27 00:09:27 CST,2026-06-27 00:09:27 CST
2015-07-29,,,12.5,2026-06-27 00:09:27 CST,2026-06-27 00:09:27 CST
2015-07-30,,,12.130000114440918,2026-06-27 00:09:27 CST,2026-06-27 00:09:27 CST
2015-07-31,,,12.119999885559082,2026-06-27 00:09:27 CST,2026-06-27 00:09:27 CST
2015-08-03,,,12.5600004196167,2026-06-27 00:09:27 CST,2026-06-27 00:09:27 CST
2015-08-04,,,13.0,2026-06-27 00:09:27 CST,2026-06-27 00:09:27 CST
2015-08-05,,,12.510000228881836,2026-06-27 00:09:27 CST,2026-06-27 00:09:27 CST
2015-08-06,,,13.770000457763672,2026-06-27 00:09:27 CST,2026-06-27 00:09:27 CST
2015-08-07,,,13.390000343322754,2026-06-27 00:09:27 CST,2026-06-27 00:09:27 CST
2015-08-10,,,12.229999542236328,2026-06-27 00:09:27 CST,2026-06-27 00:09:27 CST
2015-08-11,,,13.710000038146973,2026-06-27 00:09:27 CST,2026-06-27 00:09:27 CST
2015-08-12,,,13.609999656677246,2026-06-27 00:09:27 CST,2026-06-27 00:09:27 CST
2015-08-13,,,13.489999771118164,2026-06-27 00:09:27 CST,2026-06-27 00:09:27 CST
2015-08-14,,,12.829999923706055,2026-06-27 00:09:27 CST,2026-06-27 00:09:27 CST
2015-08-17,,,13.020000457763672,2026-06-27 00:09:27 CST,2026-06-27 00:09:27 CST
2015-08-18,,,13.789999961853027,2026-06-27 00:09:27 CST,2026-06-27 00:09:27 CST
2015-08-19,,,15.25,2026-06-27 00:09:27 CST,2026-06-27 00:09:27 CST
2015-08-20,,,19.139999389648438,2026-06-27 00:09:27 CST,2026-06-27 00:09:27 CST
2015-08-21,,,28.030000686645508,2026-06-27 00:09:27 CST,2026-06-27 00:09:27 CST
2015-08-24,,,40.7400016784668,2026-06-27 00:09:27 CST,2026-06-27 00:09:27 CST
2015-08-25,,,36.02000045776367,2026-06-27 00:09:27 CST,2026-06-27 00:09:27 CST
2015-08-26,,,30.31999969482422,2026-06-27 00:09:27 CST,2026-06-27 00:09:27 CST
2015-08-27,,,26.100000381469727,2026-06-27 00:09:27 CST,2026-06-27 00:09:27 CST
2015-08-28,,,26.049999237060547,2026-06-27 00:09:27 CST,2026-06-27 00:09:27 CST
2015-08-31,,,28.43000030517578,2026-06-27 00:09:27 CST,2026-06-27 00:09:27 CST
2015-09-01,,,31.399999618530273,2026-06-27 00:09:27 CST,2026-06-27 00:09:27 CST
2015-09-02,,,26.09000015258789,2026-06-27 00:09:27 CST,2026-06-27 00:09:27 CST
2015-09-03,,,25.610000610351562,2026-06-27 00:09:27 CST,2026-06-27 00:09:27 CST
2015-09-04,,,27.799999237060547,2026-06-27 00:09:27 CST,2026-06-27 00:09:27 CST
2015-09-08,,,24.899999618530273,2026-06-27 00:09:27 CST,2026-06-27 00:09:27 CST
2015-09-09,,,26.229999542236328,2026-06-27 00:09:27 CST,2026-06-27 00:09:27 CST
2015-09-10,,,24.3700008392334,2026-06-27 00:09:27 CST,2026-06-27 00:09:27 CST
2015-09-11,,,23.200000762939453,2026-06-27 00:09:27 CST,2026-06-27 00:09:27 CST
2015-09-14,,,24.25,2026-06-27 00:09:27 CST,2026-06-27 00:09:27 CST
2015-09-15,,,22.540000915527344,2026-06-27 00:09:27 CST,2026-06-27 00:09:27 CST
2015-09-16,,,21.350000381469727,2026-06-27 00:09:27 CST,2026-06-27 00:09:27 CST
2015-09-17,,,21.139999389648438,2026-06-27 00:09:27 CST,2026-06-27 00:09:27 CST
2015-09-18,,,22.280000686645508,2026-06-27 00:09:27 CST,2026-06-27 00:09:27 CST
2015-09-21,,,20.139999389648438,2026-06-27 00:09:27 CST,2026-06-27 00:09:27 CST
2015-09-22,,,22.440000534057617,2026-06-27 00:09:27 CST,2026-06-27 00:09:27 CST
2015-09-23,,,22.1299991607666,2026-06-27 00:09:27 CST,2026-06-27 00:09:27 CST
2015-09-24,,,23.469999313354492,2026-06-27 00:09:27 CST,2026-06-27 00:09:27 CST
2015-09-25,,,23.6200008392334,2026-06-27 00:09:27 CST,2026-06-27 00:09:27 CST
2015-09-28,,,27.6299991607666,2026-06-27 00:09:27 CST,2026-06-27 00:09:27 CST
2015-09-29,,,26.829999923706055,2026-06-27 00:09:27 CST,2026-06-27 00:09:27 CST
2015-09-30,,,24.5,2026-06-27 00:09:27 CST,2026-06-27 00:09:27 CST
2015-10-01,,,22.549999237060547,2026-06-27 00:09:27 CST,2026-06-27 00:09:27 CST
2015-10-02,,,20.940000534057617,2026-06-27 00:09:27 CST,2026-06-27 00:09:27 CST
2015-10-05,,,19.540000915527344,2026-06-27 00:09:27 CST,2026-06-27 00:09:27 CST
2015-10-06,,,19.399999618530273,2026-06-27 00:09:27 CST,2026-06-27 00:09:27 CST
2015-10-07,,,18.399999618530273,2026-06-27 00:09:27 CST,2026-06-27 00:09:27 CST
2015-10-08,,,17.420000076293945,2026-06-27 00:09:27 CST,2026-06-27 00:09:27 CST
2015-10-09,,,17.079999923706055,2026-06-27 00:09:27 CST,2026-06-27 00:09:27 CST
2015-10-12,,,16.170000076293945,2026-06-27 00:09:27 CST,2026-06-27 00:09:27 CST
2015-10-13,,,17.670000076293945,2026-06-27 00:09:27 CST,2026-06-27 00:09:27 CST
2015-10-14,,,18.030000686645508,2026-06-27 00:09:27 CST,2026-06-27 00:09:27 CST
2015-10-15,,,16.049999237060547,2026-06-27 00:09:27 CST,2026-06-27 00:09:27 CST
2015-10-16,,,15.050000190734863,2026-06-27 00:09:27 CST,2026-06-27 00:09:27 CST
2015-10-19,,,14.979999542236328,2026-06-27 00:09:27 CST,2026-06-27 00:09:27 CST
2015-10-20,,,15.75,2026-06-27 00:09:27 CST,2026-06-27 00:09:27 CST
2015-10-21,,,16.700000762939453,2026-06-27 00:09:27 CST,2026-06-27 00:09:27 CST
2015-10-22,,,14.449999809265137,2026-06-27 00:09:27 CST,2026-06-27 00:09:27 CST
2015-10-23,,,14.460000038146973,2026-06-27 00:09:27 CST,2026-06-27 00:09:27 CST
2015-10-26,,,15.289999961853027,2026-06-27 00:09:27 CST,2026-06-27 00:09:27 CST
2015-10-27,,,15.430000305175781,2026-06-27 00:09:27 CST,2026-06-27 00:09:27 CST
2015-10-28,,,14.329999923706055,2026-06-27 00:09:27 CST,2026-06-27 00:09:27 CST
2015-10-29,,,14.609999656677246,2026-06-27 00:09:27 CST,2026-06-27 00:09:27 CST
2015-10-30,,,15.069999694824219,2026-06-27 00:09:27 CST,2026-06-27 00:09:27 CST
2015-11-02,,,14.149999618530273,2026-06-27 00:09:27 CST,2026-06-27 00:09:27 CST
2015-11-03,,,14.539999961853027,2026-06-27 00:09:27 CST,2026-06-27 00:09:27 CST
2015-11-04,,,15.510000228881836,2026-06-27 00:09:27 CST,2026-06-27 00:09:27 CST
2015-11-05,,,15.050000190734863,2026-06-27 00:09:27 CST,2026-06-27 00:09:27 CST
2015-11-06,,,14.329999923706055,2026-06-27 00:09:27 CST,2026-06-27 00:09:27 CST
2015-11-09,,,16.520000457763672,2026-06-27 00:09:27 CST,2026-06-27 00:09:27 CST
2015-11-10,,,15.289999961853027,2026-06-27 00:09:27 CST,2026-06-27 00:09:27 CST
2015-11-11,,,16.059999465942383,2026-06-27 00:09:27 CST,2026-06-27 00:09:27 CST
2015-11-12,,,18.3700008392334,2026-06-27 00:09:27 CST,2026-06-27 00:09:27 CST
2015-11-13,,,20.079999923706055,2026-06-27 00:09:27 CST,2026-06-27 00:09:27 CST
2015-11-16,,,18.15999984741211,2026-06-27 00:09:27 CST,2026-06-27 00:09:27 CST
2015-11-17,,,18.84000015258789,2026-06-27 00:09:27 CST,2026-06-27 00:09:27 CST
2015-11-18,,,16.850000381469727,2026-06-27 00:09:27 CST,2026-06-27 00:09:27 CST
2015-11-19,,,16.989999771118164,2026-06-27 00:09:27 CST,2026-06-27 00:09:27 CST
2015-11-20,,,15.470000267028809,2026-06-27 00:09:27 CST,2026-06-27 00:09:27 CST
2015-11-23,,,15.619999885559082,2026-06-27 00:09:27 CST,2026-06-27 00:09:27 CST
2015-11-24,,,15.930000305175781,2026-06-27 00:09:27 CST,2026-06-27 00:09:27 CST
2015-11-25,,,15.1899995803833,2026-06-27 00:09:27 CST,2026-06-27 00:09:27 CST
2015-11-27,,,15.119999885559082,2026-06-27 00:09:27 CST,2026-06-27 00:09:27 CST
2015-11-30,,,16.1299991607666,2026-06-27 00:09:27 CST,2026-06-27 00:09:27 CST
2015-12-01,,,14.670000076293945,2026-06-27 00:09:27 CST,2026-06-27 00:09:27 CST
2015-12-02,,,15.90999984741211,2026-06-27 00:09:27 CST,2026-06-27 00:09:27 CST
2015-12-03,,,18.110000610351562,2026-06-27 00:09:27 CST,2026-06-27 00:09:27 CST
2015-12-04,,,14.8100004196167,2026-06-27 00:09:27 CST,2026-06-27 00:09:27 CST
2015-12-07,,,15.84000015258789,2026-06-27 00:09:27 CST,2026-06-27 00:09:27 CST
2015-12-08,,,17.600000381469727,2026-06-27 00:09:27 CST,2026-06-27 00:09:27 CST
2015-12-09,,,19.610000610351562,2026-06-27 00:09:27 CST,2026-06-27 00:09:27 CST
2015-12-10,,,19.34000015258789,2026-06-27 00:09:27 CST,2026-06-27 00:09:27 CST
2015-12-11,,,24.389999389648438,2026-06-27 00:09:27 CST,2026-06-27 00:09:27 CST
2015-12-14,,,22.729999542236328,2026-06-27 00:09:27 CST,2026-06-27 00:09:27 CST
2015-12-15,,,20.950000762939453,2026-06-27 00:09:27 CST,2026-06-27 00:09:27 CST
2015-12-16,,,17.860000610351562,2026-06-27 00:09:27 CST,2026-06-27 00:09:27 CST
2015-12-17,,,18.940000534057617,2026-06-27 00:09:27 CST,2026-06-27 00:09:27 CST
2015-12-18,,,20.700000762939453,2026-06-27 00:09:27 CST,2026-06-27 00:09:27 CST
2015-12-21,,,18.700000762939453,2026-06-27 00:09:27 CST,2026-06-27 00:09:27 CST
2015-12-22,,,16.600000381469727,2026-06-27 00:09:27 CST,2026-06-27 00:09:27 CST
2015-12-23,,,15.569999694824219,2026-06-27 00:09:27 CST,2026-06-27 00:09:27 CST
2015-12-24,,,15.739999771118164,2026-06-27 00:09:27 CST,2026-06-27 00:09:27 CST
2015-12-28,,,16.90999984741211,2026-06-27 00:09:27 CST,2026-06-27 00:09:27 CST
2015-12-29,,,16.079999923706055,2026-06-27 00:09:27 CST,2026-06-27 00:09:27 CST
2015-12-30,,,17.290000915527344,2026-06-27 00:09:27 CST,2026-06-27 00:09:27 CST
2015-12-31,,,18.209999084472656,2026-06-27 00:09:27 CST,2026-06-27 00:09:27 CST
2016-01-04,,,20.700000762939453,2026-06-27 00:09:27 CST,2026-06-27 00:09:27 CST
2016-01-05,,,19.34000015258789,2026-06-27 00:09:27 CST,2026-06-27 00:09:27 CST
2016-01-06,,,20.59000015258789,2026-06-27 00:09:27 CST,2026-06-27 00:09:27 CST
2016-01-07,,,24.989999771118164,2026-06-27 00:09:27 CST,2026-06-27 00:09:27 CST
2016-01-08,,,27.010000228881836,2026-06-27 00:09:27 CST,2026-06-27 00:09:27 CST
2016-01-11,,,24.299999237060547,2026-06-27 00:09:27 CST,2026-06-27 00:09:27 CST
2016-01-12,,,22.469999313354492,2026-06-27 00:09:27 CST,2026-06-27 00:09:27 CST
2016-01-13,,,25.219999313354492,2026-06-27 00:09:27 CST,2026-06-27 00:09:27 CST
2016-01-14,,,23.950000762939453,2026-06-27 00:09:27 CST,2026-06-27 00:09:27 CST
2016-01-15,,,27.020000457763672,2026-06-27 00:09:27 CST,2026-06-27 00:09:27 CST
2016-01-19,,,26.049999237060547,2026-06-27 00:09:27 CST,2026-06-27 00:09:27 CST
2016-01-20,,,27.59000015258789,2026-06-27 00:09:27 CST,2026-06-27 00:09:27 CST
2016-01-21,,,26.690000534057617,2026-06-27 00:09:27 CST,2026-06-27 00:09:27 CST
2016-01-22,,,22.34000015258789,2026-06-27 00:09:27 CST,2026-06-27 00:09:27 CST
2016-01-25,,,24.149999618530273,2026-06-27 00:09:27 CST,2026-06-27 00:09:27 CST
2016-01-26,,,22.5,2026-06-27 00:09:27 CST,2026-06-27 00:09:27 CST
2016-01-27,,,23.110000610351562,2026-06-27 00:09:27 CST,2026-06-27 00:09:27 CST
2016-01-28,,,22.420000076293945,2026-06-27 00:09:27 CST,2026-06-27 00:09:27 CST
2016-01-29,,,20.200000762939453,2026-06-27 00:09:27 CST,2026-06-27 00:09:27 CST
2016-02-01,,,19.979999542236328,2026-06-27 00:09:27 CST,2026-06-27 00:09:27 CST
2016-02-02,,,21.979999542236328,2026-06-27 00:09:27 CST,2026-06-27 00:09:27 CST
2016-02-03,,,21.649999618530273,2026-06-27 00:09:27 CST,2026-06-27 00:09:27 CST
2016-02-04,,,21.84000015258789,2026-06-27 00:09:27 CST,2026-06-27 00:09:27 CST
2016-02-05,,,23.3799991607666,2026-06-27 00:09:27 CST,2026-06-27 00:09:27 CST
2016-02-08,,,26.0,2026-06-27 00:09:27 CST,2026-06-27 00:09:27 CST
2016-02-09,,,26.540000915527344,2026-06-27 00:09:27 CST,2026-06-27 00:09:27 CST
2016-02-10,,,26.290000915527344,2026-06-27 00:09:27 CST,2026-06-27 00:09:27 CST
2016-02-11,,,28.139999389648438,2026-06-27 00:09:27 CST,2026-06-27 00:09:27 CST
2016-02-12,,,25.399999618530273,2026-06-27 00:09:27 CST,2026-06-27 00:09:27 CST
2016-02-16,,,24.110000610351562,2026-06-27 00:09:27 CST,2026-06-27 00:09:27 CST
2016-02-17,,,22.309999465942383,2026-06-27 00:09:27 CST,2026-06-27 00:09:27 CST
2016-02-18,,,21.639999389648438,2026-06-27 00:09:27 CST,2026-06-27 00:09:27 CST
2016-02-19,,,20.530000686645508,2026-06-27 00:09:27 CST,2026-06-27 00:09:27 CST
2016-02-22,,,19.3799991607666,2026-06-27 00:09:27 CST,2026-06-27 00:09:27 CST
2016-02-23,,,20.979999542236328,2026-06-27 00:09:27 CST,2026-06-27 00:09:27 CST
2016-02-24,,,20.719999313354492,2026-06-27 00:09:27 CST,2026-06-27 00:09:27 CST
2016-02-25,,,19.110000610351562,2026-06-27 00:09:27 CST,2026-06-27 00:09:27 CST
2016-02-26,,,19.809999465942383,2026-06-27 00:09:27 CST,2026-06-27 00:09:27 CST
2016-02-29,,,20.549999237060547,2026-06-27 00:09:27 CST,2026-06-27 00:09:27 CST
2016-03-01,,,17.700000762939453,2026-06-27 00:09:27 CST,2026-06-27 00:09:27 CST
2016-03-02,,,17.09000015258789,2026-06-27 00:09:27 CST,2026-06-27 00:09:27 CST
2016-03-03,,,16.700000762939453,2026-06-27 00:09:27 CST,2026-06-27 00:09:27 CST
2016-03-04,,,16.860000610351562,2026-06-27 00:09:27 CST,2026-06-27 00:09:27 CST
2016-03-07,,,17.350000381469727,2026-06-27 00:09:27 CST,2026-06-27 00:09:27 CST
2016-03-08,,,18.670000076293945,2026-06-27 00:09:27 CST,2026-06-27 00:09:27 CST
2016-03-09,,,18.34000015258789,2026-06-27 00:09:27 CST,2026-06-27 00:09:27 CST
2016-03-10,,,18.049999237060547,2026-06-27 00:09:27 CST,2026-06-27 00:09:27 CST
2016-03-11,,,16.5,2026-06-27 00:09:27 CST,2026-06-27 00:09:27 CST
2016-03-14,,,16.920000076293945,2026-06-27 00:09:27 CST,2026-06-27 00:09:27 CST
2016-03-15,,,16.84000015258789,2026-06-27 00:09:27 CST,2026-06-27 00:09:27 CST
2016-03-16,,,14.989999771118164,2026-06-27 00:09:27 CST,2026-06-27 00:09:27 CST
2016-03-17,,,14.4399995803833,2026-06-27 00:09:27 CST,2026-06-27 00:09:27 CST
2016-03-18,,,14.020000457763672,2026-06-27 00:09:27 CST,2026-06-27 00:09:27 CST
2016-03-21,,,13.789999961853027,2026-06-27 00:09:27 CST,2026-06-27 00:09:27 CST
2016-03-22,,,14.170000076293945,2026-06-27 00:09:27 CST,2026-06-27 00:09:27 CST
2016-03-23,,,14.9399995803833,2026-06-27 00:09:27 CST,2026-06-27 00:09:27 CST
2016-03-24,,,14.739999771118164,2026-06-27 00:09:27 CST,2026-06-27 00:09:27 CST
2016-03-28,,,15.239999771118164,2026-06-27 00:09:27 CST,2026-06-27 00:09:27 CST
2016-03-29,,,13.819999694824219,2026-06-27 00:09:27 CST,2026-06-27 00:09:27 CST
2016-03-30,,,13.5600004196167,2026-06-27 00:09:27 CST,2026-06-27 00:09:27 CST
2016-03-31,,,13.949999809265137,2026-06-27 00:09:27 CST,2026-06-27 00:09:27 CST
2016-04-01,,,13.100000381469727,2026-06-27 00:09:27 CST,2026-06-27 00:09:27 CST
2016-04-04,,,14.119999885559082,2026-06-27 00:09:27 CST,2026-06-27 00:09:27 CST
2016-04-05,,,15.420000076293945,2026-06-27 00:09:27 CST,2026-06-27 00:09:27 CST
2016-04-06,,,14.09000015258789,2026-06-27 00:09:27 CST,2026-06-27 00:09:27 CST
2016-04-07,,,16.15999984741211,2026-06-27 00:09:27 CST,2026-06-27 00:09:27 CST
2016-04-08,,,15.359999656677246,2026-06-27 00:09:27 CST,2026-06-27 00:09:27 CST
2016-04-11,,,16.260000228881836,2026-06-27 00:09:27 CST,2026-06-27 00:09:27 CST
2016-04-12,,,14.850000381469727,2026-06-27 00:09:27 CST,2026-06-27 00:09:27 CST
2016-04-13,,,13.84000015258789,2026-06-27 00:09:27 CST,2026-06-27 00:09:27 CST
2016-04-14,,,13.720000267028809,2026-06-27 00:09:27 CST,2026-06-27 00:09:27 CST
2016-04-15,,,13.619999885559082,2026-06-27 00:09:27 CST,2026-06-27 00:09:27 CST
2016-04-18,,,13.350000381469727,2026-06-27 00:09:27 CST,2026-06-27 00:09:27 CST
2016-04-19,,,13.239999771118164,2026-06-27 00:09:27 CST,2026-06-27 00:09:27 CST
2016-04-20,,,13.279999732971191,2026-06-27 00:09:27 CST,2026-06-27 00:09:27 CST
2016-04-21,,,13.949999809265137,2026-06-27 00:09:27 CST,2026-06-27 00:09:27 CST
2016-04-22,,,13.220000267028809,2026-06-27 00:09:27 CST,2026-06-27 00:09:27 CST
2016-04-25,,,14.079999923706055,2026-06-27 00:09:27 CST,2026-06-27 00:09:27 CST
2016-04-26,,,13.960000038146973,2026-06-27 00:09:27 CST,2026-06-27 00:09:27 CST
2016-04-27,,,13.770000457763672,2026-06-27 00:09:27 CST,2026-06-27 00:09:27 CST
2016-04-28,,,15.220000267028809,2026-06-27 00:09:27 CST,2026-06-27 00:09:27 CST
2016-04-29,,,15.699999809265137,2026-06-27 00:09:27 CST,2026-06-27 00:09:27 CST
2016-05-02,,,14.680000305175781,2026-06-27 00:09:27 CST,2026-06-27 00:09:27 CST
2016-05-03,,,15.600000381469727,2026-06-27 00:09:27 CST,2026-06-27 00:09:27 CST
2016-05-04,,,16.049999237060547,2026-06-27 00:09:27 CST,2026-06-27 00:09:27 CST
2016-05-05,,,15.90999984741211,2026-06-27 00:09:27 CST,2026-06-27 00:09:27 CST
2016-05-06,,,14.720000267028809,2026-06-27 00:09:27 CST,2026-06-27 00:09:27 CST
2016-05-09,,,14.569999694824219,2026-06-27 00:09:27 CST,2026-06-27 00:09:27 CST
2016-05-10,,,13.630000114440918,2026-06-27 00:09:27 CST,2026-06-27 00:09:27 CST
2016-05-11,,,14.6899995803833,2026-06-27 00:09:27 CST,2026-06-27 00:09:27 CST
2016-05-12,,,14.40999984741211,2026-06-27 00:09:27 CST,2026-06-27 00:09:27 CST
2016-05-13,,,15.039999961853027,2026-06-27 00:09:27 CST,2026-06-27 00:09:27 CST
2016-05-16,,,14.680000305175781,2026-06-27 00:09:27 CST,2026-06-27 00:09:27 CST
2016-05-17,,,15.569999694824219,2026-06-27 00:09:27 CST,2026-06-27 00:09:27 CST
2016-05-18,,,15.949999809265137,2026-06-27 00:09:27 CST,2026-06-27 00:09:27 CST
2016-05-19,,,16.329999923706055,2026-06-27 00:09:27 CST,2026-06-27 00:09:27 CST
2016-05-20,,,15.199999809265137,2026-06-27 00:09:27 CST,2026-06-27 00:09:27 CST
2016-05-23,,,15.819999694824219,2026-06-27 00:09:27 CST,2026-06-27 00:09:27 CST
2016-05-24,,,14.420000076293945,2026-06-27 00:09:27 CST,2026-06-27 00:09:27 CST
2016-05-25,,,13.899999618530273,2026-06-27 00:09:27 CST,2026-06-27 00:09:27 CST
2016-05-26,,,13.430000305175781,2026-06-27 00:09:27 CST,2026-06-27 00:09:27 CST
2016-05-27,,,13.119999885559082,2026-06-27 00:09:27 CST,2026-06-27 00:09:27 CST
2016-05-31,,,14.1899995803833,2026-06-27 00:09:27 CST,2026-06-27 00:09:27 CST
2016-06-01,,,14.199999809265137,2026-06-27 00:09:27 CST,2026-06-27 00:09:27 CST
2016-06-02,,,13.630000114440918,2026-06-27 00:09:27 CST,2026-06-27 00:09:27 CST
2016-06-03,,,13.470000267028809,2026-06-27 00:09:27 CST,2026-06-27 00:09:27 CST
2016-06-06,,,13.649999618530273,2026-06-27 00:09:27 CST,2026-06-27 00:09:27 CST
2016-06-07,,,14.050000190734863,2026-06-27 00:09:27 CST,2026-06-27 00:09:27 CST
2016-06-08,,,14.079999923706055,2026-06-27 00:09:27 CST,2026-06-27 00:09:27 CST
2016-06-09,,,14.640000343322754,2026-06-27 00:09:27 CST,2026-06-27 00:09:27 CST
2016-06-10,,,17.030000686645508,2026-06-27 00:09:27 CST,2026-06-27 00:09:27 CST
2016-06-13,,,20.969999313354492,2026-06-27 00:09:27 CST,2026-06-27 00:09:27 CST
2016-06-14,,,20.5,2026-06-27 00:09:27 CST,2026-06-27 00:09:27 CST
2016-06-15,,,20.139999389648438,2026-06-27 00:09:27 CST,2026-06-27 00:09:27 CST
2016-06-16,,,19.3700008392334,2026-06-27 00:09:27 CST,2026-06-27 00:09:27 CST
2016-06-17,,,19.40999984741211,2026-06-27 00:09:27 CST,2026-06-27 00:09:27 CST
2016-06-20,,,18.3700008392334,2026-06-27 00:09:27 CST,2026-06-27 00:09:27 CST
2016-06-21,,,18.479999542236328,2026-06-27 00:09:27 CST,2026-06-27 00:09:27 CST
2016-06-22,,,21.170000076293945,2026-06-27 00:09:27 CST,2026-06-27 00:09:27 CST
2016-06-23,,,17.25,2026-06-27 00:09:27 CST,2026-06-27 00:09:27 CST
2016-06-24,,,25.760000228881836,2026-06-27 00:09:27 CST,2026-06-27 00:09:27 CST
2016-06-27,,,23.850000381469727,2026-06-27 00:09:27 CST,2026-06-27 00:09:27 CST
2016-06-28,,,18.75,2026-06-27 00:09:27 CST,2026-06-27 00:09:27 CST
2016-06-29,,,16.639999389648438,2026-06-27 00:09:27 CST,2026-06-27 00:09:27 CST
2016-06-30,,,15.630000114440918,2026-06-27 00:09:27 CST,2026-06-27 00:09:27 CST
2016-07-01,,,14.770000457763672,2026-06-27 00:09:27 CST,2026-06-27 00:09:27 CST
2016-07-05,,,15.579999923706055,2026-06-27 00:09:27 CST,2026-06-27 00:09:27 CST
2016-07-06,,,14.960000038146973,2026-06-27 00:09:27 CST,2026-06-27 00:09:27 CST
2016-07-07,,,14.760000228881836,2026-06-27 00:09:27 CST,2026-06-27 00:09:27 CST
2016-07-08,,,13.199999809265137,2026-06-27 00:09:27 CST,2026-06-27 00:09:27 CST
2016-07-11,,,13.539999961853027,2026-06-27 00:09:27 CST,2026-06-27 00:09:27 CST
2016-07-12,,,13.550000190734863,2026-06-27 00:09:27 CST,2026-06-27 00:09:27 CST
2016-07-13,,,13.039999961853027,2026-06-27 00:09:27 CST,2026-06-27 00:09:27 CST
2016-07-14,,,12.819999694824219,2026-06-27 00:09:27 CST,2026-06-27 00:09:27 CST
2016-07-15,,,12.670000076293945,2026-06-27 00:09:27 CST,2026-06-27 00:09:27 CST
2016-07-18,,,12.4399995803833,2026-06-27 00:09:27 CST,2026-06-27 00:09:27 CST
2016-07-19,,,11.970000267028809,2026-06-27 00:09:27 CST,2026-06-27 00:09:27 CST
2016-07-20,,,11.770000457763672,2026-06-27 00:09:27 CST,2026-06-27 00:09:27 CST
2016-07-21,,,12.739999771118164,2026-06-27 00:09:27 CST,2026-06-27 00:09:27 CST
2016-07-22,,,12.020000457763672,2026-06-27 00:09:27 CST,2026-06-27 00:09:27 CST
2016-07-25,,,12.869999885559082,2026-06-27 00:09:27 CST,2026-06-27 00:09:27 CST
2016-07-26,,,13.050000190734863,2026-06-27 00:09:27 CST,2026-06-27 00:09:27 CST
2016-07-27,,,12.829999923706055,2026-06-27 00:09:27 CST,2026-06-27 00:09:27 CST
2016-07-28,,,12.720000267028809,2026-06-27 00:09:27 CST,2026-06-27 00:09:27 CST
2016-07-29,,,11.869999885559082,2026-06-27 00:09:27 CST,2026-06-27 00:09:27 CST
2016-08-01,,,12.4399995803833,2026-06-27 00:09:27 CST,2026-06-27 00:09:27 CST
2016-08-02,,,13.369999885559082,2026-06-27 00:09:27 CST,2026-06-27 00:09:27 CST
2016-08-03,,,12.859999656677246,2026-06-27 00:09:27 CST,2026-06-27 00:09:27 CST
2016-08-04,,,12.420000076293945,2026-06-27 00:09:27 CST,2026-06-27 00:09:27 CST
2016-08-05,,,11.390000343322754,2026-06-27 00:09:27 CST,2026-06-27 00:09:27 CST
2016-08-08,,,11.5,2026-06-27 00:09:27 CST,2026-06-27 00:09:27 CST
2016-08-09,,,11.65999984741211,2026-06-27 00:09:27 CST,2026-06-27 00:09:27 CST
2016-08-10,,,12.050000190734863,2026-06-27 00:09:27 CST,2026-06-27 00:09:27 CST
2016-08-11,,,11.680000305175781,2026-06-27 00:09:27 CST,2026-06-27 00:09:27 CST
2016-08-12,,,11.550000190734863,2026-06-27 00:09:27 CST,2026-06-27 00:09:27 CST
2016-08-15,,,11.8100004196167,2026-06-27 00:09:27 CST,2026-06-27 00:09:27 CST
2016-08-16,,,12.640000343322754,2026-06-27 00:09:27 CST,2026-06-27 00:09:27 CST
2016-08-17,,,12.1899995803833,2026-06-27 00:09:27 CST,2026-06-27 00:09:27 CST
2016-08-18,,,11.430000305175781,2026-06-27 00:09:27 CST,2026-06-27 00:09:27 CST
2016-08-19,,,11.34000015258789,2026-06-27 00:09:27 CST,2026-06-27 00:09:27 CST
2016-08-22,,,12.270000457763672,2026-06-27 00:09:27 CST,2026-06-27 00:09:27 CST
2016-08-23,,,12.380000114440918,2026-06-27 00:09:27 CST,2026-06-27 00:09:27 CST
2016-08-24,,,13.449999809265137,2026-06-27 00:09:27 CST,2026-06-27 00:09:27 CST
2016-08-25,,,13.630000114440918,2026-06-27 00:09:27 CST,2026-06-27 00:09:27 CST
2016-08-26,,,13.649999618530273,2026-06-27 00:09:27 CST,2026-06-27 00:09:27 CST
2016-08-29,,,12.9399995803833,2026-06-27 00:09:27 CST,2026-06-27 00:09:27 CST
2016-08-30,,,13.119999885559082,2026-06-27 00:09:27 CST,2026-06-27 00:09:27 CST
2016-08-31,,,13.420000076293945,2026-06-27 00:09:27 CST,2026-06-27 00:09:27 CST
2016-09-01,,,13.479999542236328,2026-06-27 00:09:27 CST,2026-06-27 00:09:27 CST
2016-09-02,,,11.979999542236328,2026-06-27 00:09:27 CST,2026-06-27 00:09:27 CST
2016-09-06,,,12.020000457763672,2026-06-27 00:09:27 CST,2026-06-27 00:09:27 CST
2016-09-07,,,11.9399995803833,2026-06-27 00:09:27 CST,2026-06-27 00:09:27 CST
2016-09-08,,,12.510000228881836,2026-06-27 00:09:27 CST,2026-06-27 00:09:27 CST
2016-09-09,,,17.5,2026-06-27 00:09:27 CST,2026-06-27 00:09:27 CST
2016-09-12,,,15.15999984741211,2026-06-27 00:09:27 CST,2026-06-27 00:09:27 CST
2016-09-13,,,17.850000381469727,2026-06-27 00:09:27 CST,2026-06-27 00:09:27 CST
2016-09-14,,,18.139999389648438,2026-06-27 00:09:27 CST,2026-06-27 00:09:27 CST
2016-09-15,,,16.299999237060547,2026-06-27 00:09:27 CST,2026-06-27 00:09:27 CST
2016-09-16,,,15.369999885559082,2026-06-27 00:09:27 CST,2026-06-27 00:09:27 CST
2016-09-19,,,15.529999732971191,2026-06-27 00:09:27 CST,2026-06-27 00:09:27 CST
2016-09-20,,,15.920000076293945,2026-06-27 00:09:27 CST,2026-06-27 00:09:27 CST
2016-09-21,,,13.300000190734863,2026-06-27 00:09:27 CST,2026-06-27 00:09:27 CST
2016-09-22,,,12.020000457763672,2026-06-27 00:09:27 CST,2026-06-27 00:09:27 CST
2016-09-23,,,12.289999961853027,2026-06-27 00:09:27 CST,2026-06-27 00:09:27 CST
2016-09-26,,,14.5,2026-06-27 00:09:27 CST,2026-06-27 00:09:27 CST
2016-09-27,,,13.100000381469727,2026-06-27 00:09:27 CST,2026-06-27 00:09:27 CST
2016-09-28,,,12.390000343322754,2026-06-27 00:09:27 CST,2026-06-27 00:09:27 CST
2016-09-29,,,14.020000457763672,2026-06-27 00:09:27 CST,2026-06-27 00:09:27 CST
2016-09-30,,,13.289999961853027,2026-06-27 00:09:27 CST,2026-06-27 00:09:27 CST
2016-10-03,,,13.569999694824219,2026-06-27 00:09:27 CST,2026-06-27 00:09:27 CST
2016-10-04,,,13.630000114440918,2026-06-27 00:09:27 CST,2026-06-27 00:09:27 CST
2016-10-05,,,12.989999771118164,2026-06-27 00:09:27 CST,2026-06-27 00:09:27 CST
2016-10-06,,,12.84000015258789,2026-06-27 00:09:27 CST,2026-06-27 00:09:27 CST
2016-10-07,,,13.479999542236328,2026-06-27 00:09:27 CST,2026-06-27 00:09:27 CST
2016-10-10,,,13.380000114440918,2026-06-27 00:09:27 CST,2026-06-27 00:09:27 CST
2016-10-11,,,15.359999656677246,2026-06-27 00:09:27 CST,2026-06-27 00:09:27 CST
2016-10-12,,,15.90999984741211,2026-06-27 00:09:27 CST,2026-06-27 00:09:27 CST
2016-10-13,,,16.690000534057617,2026-06-27 00:09:27 CST,2026-06-27 00:09:27 CST
2016-10-14,,,16.1200008392334,2026-06-27 00:09:27 CST,2026-06-27 00:09:27 CST
2016-10-17,,,16.209999084472656,2026-06-27 00:09:27 CST,2026-06-27 00:09:27 CST
2016-10-18,,,15.279999732971191,2026-06-27 00:09:27 CST,2026-06-27 00:09:27 CST
2016-10-19,,,14.40999984741211,2026-06-27 00:09:27 CST,2026-06-27 00:09:27 CST
2016-10-20,,,13.75,2026-06-27 00:09:27 CST,2026-06-27 00:09:27 CST
2016-10-21,,,13.34000015258789,2026-06-27 00:09:27 CST,2026-06-27 00:09:27 CST
2016-10-24,,,13.020000457763672,2026-06-27 00:09:27 CST,2026-06-27 00:09:27 CST
2016-10-25,,,13.460000038146973,2026-06-27 00:09:27 CST,2026-06-27 00:09:27 CST
2016-10-26,,,14.239999771118164,2026-06-27 00:09:27 CST,2026-06-27 00:09:27 CST
2016-10-27,,,15.359999656677246,2026-06-27 00:09:27 CST,2026-06-27 00:09:27 CST
2016-10-28,,,16.190000534057617,2026-06-27 00:09:27 CST,2026-06-27 00:09:27 CST
2016-10-31,,,17.059999465942383,2026-06-27 00:09:27 CST,2026-06-27 00:09:27 CST
2016-11-01,,,18.559999465942383,2026-06-27 00:09:27 CST,2026-06-27 00:09:27 CST
2016-11-02,,,19.31999969482422,2026-06-27 00:09:27 CST,2026-06-27 00:09:27 CST
2016-11-03,,,22.079999923706055,2026-06-27 00:09:27 CST,2026-06-27 00:09:27 CST
2016-11-04,,,22.510000228881836,2026-06-27 00:09:27 CST,2026-06-27 00:09:27 CST
2016-11-07,,,18.709999084472656,2026-06-27 00:09:27 CST,2026-06-27 00:09:27 CST
2016-11-08,,,18.739999771118164,2026-06-27 00:09:27 CST,2026-06-27 00:09:27 CST
2016-11-09,,,14.380000114440918,2026-06-27 00:09:27 CST,2026-06-27 00:09:27 CST
2016-11-10,,,14.739999771118164,2026-06-27 00:09:27 CST,2026-06-27 00:09:27 CST
2016-11-11,,,14.170000076293945,2026-06-27 00:09:27 CST,2026-06-27 00:09:27 CST
2016-11-14,,,14.479999542236328,2026-06-27 00:09:27 CST,2026-06-27 00:09:27 CST
2016-11-15,,,13.369999885559082,2026-06-27 00:09:27 CST,2026-06-27 00:09:27 CST
2016-11-16,,,13.720000267028809,2026-06-27 00:09:27 CST,2026-06-27 00:09:27 CST
2016-11-17,,,13.350000381469727,2026-06-27 00:09:27 CST,2026-06-27 00:09:27 CST
2016-11-18,,,12.850000381469727,2026-06-27 00:09:27 CST,2026-06-27 00:09:27 CST
2016-11-21,,,12.420000076293945,2026-06-27 00:09:27 CST,2026-06-27 00:09:27 CST
2016-11-22,,,12.40999984741211,2026-06-27 00:09:27 CST,2026-06-27 00:09:27 CST
2016-11-23,,,12.430000305175781,2026-06-27 00:09:27 CST,2026-06-27 00:09:27 CST
2016-11-25,,13.22,12.34000015258789,2026-06-27 00:09:27 CST,2026-06-27 00:09:27 CST
2016-11-28,,13.37,13.149999618530273,2026-06-27 00:09:27 CST,2026-06-27 00:09:27 CST
2016-11-29,,13.59,12.899999618530273,2026-06-27 00:09:27 CST,2026-06-27 00:09:27 CST
2016-11-30,,13.37,13.329999923706055,2026-06-27 00:09:27 CST,2026-06-27 00:09:27 CST
2016-12-01,,13.04,14.069999694824219,2026-06-27 00:09:27 CST,2026-06-27 00:09:27 CST
2016-12-02,,14.31,14.119999885559082,2026-06-27 00:09:27 CST,2026-06-27 00:09:27 CST
2016-12-05,,14.38,12.140000343322754,2026-06-27 00:09:27 CST,2026-06-27 00:09:27 CST
2016-12-06,,12.95,11.789999961853027,2026-06-27 00:09:27 CST,2026-06-27 00:09:27 CST
2016-12-07,,12.81,12.220000267028809,2026-06-27 00:09:27 CST,2026-06-27 00:09:27 CST
2016-12-08,,12.88,12.640000343322754,2026-06-27 00:09:27 CST,2026-06-27 00:09:27 CST
2016-12-09,,13.01,11.75,2026-06-27 00:09:27 CST,2026-06-27 00:09:27 CST
2016-12-12,,13.69,12.640000343322754,2026-06-27 00:09:27 CST,2026-06-27 00:09:27 CST
2016-12-13,,13.54,12.720000267028809,2026-06-27 00:09:27 CST,2026-06-27 00:09:27 CST
2016-12-14,,13.61,13.1899995803833,2026-06-27 00:09:27 CST,2026-06-27 00:09:27 CST
2016-12-15,,12.98,12.789999961853027,2026-06-27 00:09:27 CST,2026-06-27 00:09:27 CST
2016-12-16,,12.91,12.199999809265137,2026-06-27 00:09:27 CST,2026-06-27 00:09:27 CST
2016-12-19,,12.97,11.710000038146973,2026-06-27 00:09:27 CST,2026-06-27 00:09:27 CST
2016-12-20,,12.61,11.449999809265137,2026-06-27 00:09:27 CST,2026-06-27 00:09:27 CST
2016-12-21,,12.34,11.270000457763672,2026-06-27 00:09:27 CST,2026-06-27 00:09:27 CST
2016-12-22,,12.63,11.430000305175781,2026-06-27 00:09:27 CST,2026-06-27 00:09:27 CST
2016-12-23,,12.77,11.4399995803833,2026-06-27 00:09:27 CST,2026-06-27 00:09:27 CST
2016-12-26,,12.79,,2026-06-27 00:09:27 CST,2026-06-27 00:09:27 CST
2016-12-27,,12.62,11.989999771118164,2026-06-27 00:09:27 CST,2026-06-27 00:09:27 CST
2016-12-28,,12.01,12.949999809265137,2026-06-27 00:09:27 CST,2026-06-27 00:09:27 CST
2016-12-29,,12.33,13.369999885559082,2026-06-27 00:09:27 CST,2026-06-27 00:09:27 CST
2016-12-30,,12.25,14.039999961853027,2026-06-27 00:09:27 CST,2026-06-27 00:09:27 CST
2017-01-02,,12.25,,2026-06-27 00:09:27 CST,2026-06-27 00:09:27 CST
2017-01-03,,12.29,12.850000381469727,2026-06-27 00:09:27 CST,2026-06-27 00:09:27 CST
2017-01-04,,12.04,11.850000381469727,2026-06-27 00:09:27 CST,2026-06-27 00:09:27 CST
2017-01-05,,11.28,11.670000076293945,2026-06-27 00:09:27 CST,2026-06-27 00:09:27 CST
2017-01-06,,11.17,11.319999694824219,2026-06-27 00:09:27 CST,2026-06-27 00:09:27 CST
2017-01-09,,11.53,11.5600004196167,2026-06-27 00:09:27 CST,2026-06-27 00:09:27 CST
2017-01-10,,11.38,11.489999771118164,2026-06-27 00:09:27 CST,2026-06-27 00:09:27 CST
2017-01-11,,11.46,11.260000228881836,2026-06-27 00:09:27 CST,2026-06-27 00:09:27 CST
2017-01-12,,23.02,11.539999961853027,2026-06-27 00:09:27 CST,2026-06-27 00:09:27 CST
2017-01-13,,11.54,11.229999542236328,2026-06-27 00:09:27 CST,2026-06-27 00:09:27 CST
2017-01-16,,13.65,,2026-06-27 00:09:27 CST,2026-06-27 00:09:27 CST
2017-01-17,,13.84,11.869999885559082,2026-06-27 00:09:27 CST,2026-06-27 00:09:27 CST
2017-01-18,,13.81,12.479999542236328,2026-06-27 00:09:27 CST,2026-06-27 00:09:27 CST
2017-01-19,,12.69,12.779999732971191,2026-06-27 00:09:27 CST,2026-06-27 00:09:27 CST
2017-01-20,,12.77,11.539999961853027,2026-06-27 00:09:27 CST,2026-06-27 00:09:27 CST
2017-01-23,,12.44,11.770000457763672,2026-06-27 00:09:27 CST,2026-06-27 00:09:27 CST
2017-01-24,,11.96,11.069999694824219,2026-06-27 00:09:27 CST,2026-06-27 00:09:27 CST
2017-01-25,,11.96,10.8100004196167,2026-06-27 00:09:27 CST,2026-06-27 00:09:27 CST
2017-01-26,,11.96,10.630000114440918,2026-06-27 00:09:27 CST,2026-06-27 00:09:27 CST
2017-01-27,,11.96,10.579999923706055,2026-06-27 00:09:27 CST,2026-06-27 00:09:27 CST
2017-01-30,,11.96,11.880000114440918,2026-06-27 00:09:27 CST,2026-06-27 00:09:27 CST
2017-01-31,,11.96,11.989999771118164,2026-06-27 00:09:27 CST,2026-06-27 00:09:27 CST
2017-02-01,,11.96,11.8100004196167,2026-06-27 00:09:27 CST,2026-06-27 00:09:27 CST
2017-02-02,,13.78,11.930000305175781,2026-06-27 00:09:27 CST,2026-06-27 00:09:27 CST
2017-02-03,,15.79,10.970000267028809,2026-06-27 00:09:27 CST,2026-06-27 00:09:27 CST
2017-02-06,,12.97,11.369999885559082,2026-06-27 00:09:27 CST,2026-06-27 00:09:27 CST
2017-02-07,,12.54,11.289999961853027,2026-06-27 00:09:27 CST,2026-06-27 00:09:27 CST
2017-02-08,,12.26,11.449999809265137,2026-06-27 00:09:27 CST,2026-06-27 00:09:27 CST
2017-02-09,,11.43,10.880000114440918,2026-06-27 00:09:27 CST,2026-06-27 00:09:27 CST
2017-02-10,,11.54,10.850000381469727,2026-06-27 00:09:27 CST,2026-06-27 00:09:27 CST
2017-02-13,,12.2,11.069999694824219,2026-06-27 00:09:27 CST,2026-06-27 00:09:27 CST
2017-02-14,,12.41,10.739999771118164,2026-06-27 00:09:27 CST,2026-06-27 00:09:27 CST
2017-02-15,,12.45,11.970000267028809,2026-06-27 00:09:27 CST,2026-06-27 00:09:27 CST
2017-02-16,,12.66,11.760000228881836,2026-06-27 00:09:27 CST,2026-06-27 00:09:27 CST
2017-02-17,,12.34,11.489999771118164,2026-06-27 00:09:27 CST,2026-06-27 00:09:27 CST
2017-02-20,,12.04,,2026-06-27 00:09:27 CST,2026-06-27 00:09:27 CST
2017-02-21,,11.83,11.569999694824219,2026-06-27 00:09:27 CST,2026-06-27 00:09:27 CST
2017-02-22,,11.89,11.739999771118164,2026-06-27 00:09:27 CST,2026-06-27 00:09:27 CST
2017-02-23,,11.68,11.710000038146973,2026-06-27 00:09:27 CST,2026-06-27 00:09:27 CST
2017-02-24,,11.9,11.470000267028809,2026-06-27 00:09:27 CST,2026-06-27 00:09:27 CST
2017-02-27,,11.9,12.09000015258789,2026-06-27 00:09:27 CST,2026-06-27 00:09:27 CST
2017-02-28,,11.9,12.920000076293945,2026-06-27 00:09:27 CST,2026-06-27 00:09:27 CST
2017-03-01,,12.55,12.539999961853027,2026-06-27 00:09:27 CST,2026-06-27 00:09:27 CST
2017-03-02,,12.36,11.8100004196167,2026-06-27 00:09:27 CST,2026-06-27 00:09:27 CST
2017-03-03,,12.2,10.960000038146973,2026-06-27 00:09:27 CST,2026-06-27 00:09:27 CST
2017-03-06,,12.01,11.239999771118164,2026-06-27 00:09:27 CST,2026-06-27 00:09:27 CST
2017-03-07,,11.68,11.449999809265137,2026-06-27 00:09:27 CST,2026-06-27 00:09:27 CST
2017-03-08,,10.91,11.859999656677246,2026-06-27 00:09:27 CST,2026-06-27 00:09:27 CST
2017-03-09,,11.38,12.300000190734863,2026-06-27 00:09:27 CST,2026-06-27 00:09:27 CST
2017-03-10,,10.98,11.65999984741211,2026-06-27 00:09:27 CST,2026-06-27 00:09:27 CST
2017-03-13,,12.57,11.350000381469727,2026-06-27 00:09:27 CST,2026-06-27 00:09:27 CST
2017-03-14,,11.96,12.300000190734863,2026-06-27 00:09:27 CST,2026-06-27 00:09:27 CST
2017-03-15,,11.81,11.630000114440918,2026-06-27 00:09:27 CST,2026-06-27 00:09:27 CST
2017-03-16,,10.32,11.210000038146973,2026-06-27 00:09:27 CST,2026-06-27 00:09:27 CST
2017-03-17,,9.97,11.279999732971191,2026-06-27 00:09:27 CST,2026-06-27 00:09:27 CST
2017-03-20,,10.53,11.34000015258789,2026-06-27 00:09:27 CST,2026-06-27 00:09:27 CST
2017-03-21,,10.31,12.470000267028809,2026-06-27 00:09:27 CST,2026-06-27 00:09:27 CST
2017-03-22,,10.86,12.8100004196167,2026-06-27 00:09:27 CST,2026-06-27 00:09:27 CST
2017-03-23,,10.79,13.119999885559082,2026-06-27 00:09:27 CST,2026-06-27 00:09:27 CST
2017-03-24,,11.07,12.960000038146973,2026-06-27 00:09:27 CST,2026-06-27 00:09:27 CST
2017-03-27,,11.67,12.5,2026-06-27 00:09:27 CST,2026-06-27 00:09:27 CST
2017-03-28,,11.59,11.529999732971191,2026-06-27 00:09:27 CST,2026-06-27 00:09:27 CST
2017-03-29,,11.53,11.420000076293945,2026-06-27 00:09:27 CST,2026-06-27 00:09:27 CST
2017-03-30,,12.05,11.539999961853027,2026-06-27 00:09:27 CST,2026-06-27 00:09:27 CST
2017-03-31,,11.48,12.369999885559082,2026-06-27 00:09:27 CST,2026-06-27 00:09:27 CST
2017-04-03,,11.48,12.380000114440918,2026-06-27 00:09:27 CST,2026-06-27 00:09:27 CST
2017-04-04,,11.48,11.789999961853027,2026-06-27 00:09:27 CST,2026-06-27 00:09:27 CST
2017-04-05,,11.63,12.890000343322754,2026-06-27 00:09:27 CST,2026-06-27 00:09:27 CST
2017-04-06,,12.47,12.390000343322754,2026-06-27 00:09:27 CST,2026-06-27 00:09:27 CST
2017-04-07,,12.37,12.869999885559082,2026-06-27 00:09:27 CST,2026-06-27 00:09:27 CST
2017-04-10,,12.34,14.050000190734863,2026-06-27 00:09:27 CST,2026-06-27 00:09:27 CST
2017-04-11,,13.64,15.069999694824219,2026-06-27 00:09:27 CST,2026-06-27 00:09:27 CST
2017-04-12,,13.31,15.770000457763672,2026-06-27 00:09:27 CST,2026-06-27 00:09:27 CST
2017-04-13,,12.67,15.960000038146973,2026-06-27 00:09:27 CST,2026-06-27 00:09:27 CST
2017-04-14,,14.07,,2026-06-27 00:09:27 CST,2026-06-27 00:09:27 CST
2017-04-17,,13.33,14.65999984741211,2026-06-27 00:09:27 CST,2026-06-27 00:09:27 CST
2017-04-18,,13.04,14.420000076293945,2026-06-27 00:09:27 CST,2026-06-27 00:09:27 CST
2017-04-19,,13.22,14.930000305175781,2026-06-27 00:09:27 CST,2026-06-27 00:09:27 CST
2017-04-20,,12.64,14.149999618530273,2026-06-27 00:09:27 CST,2026-06-27 00:09:27 CST
2017-04-21,,12.03,14.630000114440918,2026-06-27 00:09:27 CST,2026-06-27 00:09:27 CST
2017-04-24,,11.62,10.84000015258789,2026-06-27 00:09:27 CST,2026-06-27 00:09:27 CST
2017-04-25,,11.12,10.760000228881836,2026-06-27 00:09:27 CST,2026-06-27 00:09:27 CST
2017-04-26,,11.12,10.850000381469727,2026-06-27 00:09:27 CST,2026-06-27 00:09:27 CST
2017-04-27,,10.83,10.359999656677246,2026-06-27 00:09:27 CST,2026-06-27 00:09:27 CST
2017-04-28,,10.52,10.819999694824219,2026-06-27 00:09:27 CST,2026-06-27 00:09:27 CST
2017-05-01,,10.52,10.109999656677246,2026-06-27 00:09:27 CST,2026-06-27 00:09:27 CST
2017-05-02,,10.76,10.59000015258789,2026-06-27 00:09:27 CST,2026-06-27 00:09:27 CST
2017-05-03,,10.78,10.680000305175781,2026-06-27 00:09:27 CST,2026-06-27 00:09:27 CST
2017-05-04,,10.92,10.460000038146973,2026-06-27 00:09:27 CST,2026-06-27 00:09:27 CST
2017-05-05,,11.41,10.569999694824219,2026-06-27 00:09:27 CST,2026-06-27 00:09:27 CST
2017-05-08,,10.88,9.770000457763672,2026-06-27 00:09:27 CST,2026-06-27 00:09:27 CST
2017-05-09,,11.16,9.960000038146973,2026-06-27 00:09:27 CST,2026-06-27 00:09:27 CST
2017-05-10,,11.1,10.210000038146973,2026-06-27 00:09:27 CST,2026-06-27 00:09:27 CST
2017-05-11,,11.62,10.600000381469727,2026-06-27 00:09:27 CST,2026-06-27 00:09:27 CST
2017-05-12,,10.71,10.399999618530273,2026-06-27 00:09:27 CST,2026-06-27 00:09:27 CST
2017-05-15,,11.41,10.420000076293945,2026-06-27 00:09:27 CST,2026-06-27 00:09:27 CST
2017-05-16,,11.2,10.649999618530273,2026-06-27 00:09:27 CST,2026-06-27 00:09:27 CST
2017-05-17,,11.25,15.59000015258789,2026-06-27 00:09:27 CST,2026-06-27 00:09:27 CST
2017-05-18,,10.69,14.65999984741211,2026-06-27 00:09:27 CST,2026-06-27 00:09:27 CST
2017-05-19,,10.76,12.039999961853027,2026-06-27 00:09:27 CST,2026-06-27 00:09:27 CST
2017-05-22,,10.51,10.930000305175781,2026-06-27 00:09:27 CST,2026-06-27 00:09:27 CST
2017-05-23,,10.1,10.720000267028809,2026-06-27 00:09:27 CST,2026-06-27 00:09:27 CST
2017-05-24,,9.62,10.020000457763672,2026-06-27 00:09:27 CST,2026-06-27 00:09:27 CST
2017-05-25,,9.49,9.989999771118164,2026-06-27 00:09:27 CST,2026-06-27 00:09:27 CST
2017-05-26,,9.69,9.8100004196167,2026-06-27 00:09:27 CST,2026-06-27 00:09:27 CST
2017-05-29,,9.69,,2026-06-27 00:09:27 CST,2026-06-27 00:09:27 CST
2017-05-30,,9.69,10.380000114440918,2026-06-27 00:09:27 CST,2026-06-27 00:09:27 CST
2017-05-31,,10.43,10.40999984741211,2026-06-27 00:09:27 CST,2026-06-27 00:09:27 CST
2017-06-01,,10.2,9.890000343322754,2026-06-27 00:09:27 CST,2026-06-27 00:09:27 CST
2017-06-02,,9.82,9.75,2026-06-27 00:09:27 CST,2026-06-27 00:09:27 CST
2017-06-05,,10.23,10.069999694824219,2026-06-27 00:09:27 CST,2026-06-27 00:09:27 CST
2017-06-06,,10.13,10.449999809265137,2026-06-27 00:09:27 CST,2026-06-27 00:09:27 CST
2017-06-07,,9.97,10.390000343322754,2026-06-27 00:09:27 CST,2026-06-27 00:09:27 CST
2017-06-08,,10.21,10.15999984741211,2026-06-27 00:09:27 CST,2026-06-27 00:09:27 CST
2017-06-09,,9.57,10.699999809265137,2026-06-27 00:09:27 CST,2026-06-27 00:09:27 CST
2017-06-12,,10.5,11.460000038146973,2026-06-27 00:09:27 CST,2026-06-27 00:09:27 CST
2017-06-13,,10.11,10.420000076293945,2026-06-27 00:09:27 CST,2026-06-27 00:09:27 CST
2017-06-14,,10.83,10.640000343322754,2026-06-27 00:09:27 CST,2026-06-27 00:09:27 CST
2017-06-15,,10.19,10.899999618530273,2026-06-27 00:09:27 CST,2026-06-27 00:09:27 CST
2017-06-16,,9.64,10.380000114440918,2026-06-27 00:09:27 CST,2026-06-27 00:09:27 CST
2017-06-19,,11.02,10.369999885559082,2026-06-27 00:09:27 CST,2026-06-27 00:09:27 CST
2017-06-20,,9.86,10.859999656677246,2026-06-27 00:09:27 CST,2026-06-27 00:09:27 CST
2017-06-21,,9.93,10.75,2026-06-27 00:09:27 CST,2026-06-27 00:09:27 CST
2017-06-22,,10.02,10.479999542236328,2026-06-27 00:09:27 CST,2026-06-27 00:09:27 CST
2017-06-23,,10.4,10.020000457763672,2026-06-27 00:09:27 CST,2026-06-27 00:09:27 CST
2017-06-26,,12.17,9.899999618530273,2026-06-27 00:09:27 CST,2026-06-27 00:09:27 CST
2017-06-27,,12.12,11.0600004196167,2026-06-27 00:09:27 CST,2026-06-27 00:09:27 CST
2017-06-28,,12.52,10.029999732971191,2026-06-27 00:09:27 CST,2026-06-27 00:09:27 CST
2017-06-29,,11.84,11.4399995803833,2026-06-27 00:09:27 CST,2026-06-27 00:09:27 CST
2017-06-30,,12.33,11.180000305175781,2026-06-27 00:09:27 CST,2026-06-27 00:09:27 CST
2017-07-03,,12.07,11.220000267028809,2026-06-27 00:09:27 CST,2026-06-27 00:09:27 CST
2017-07-04,,12.1,,2026-06-27 00:09:27 CST,2026-06-27 00:09:27 CST
2017-07-05,,12.17,11.069999694824219,2026-06-27 00:09:27 CST,2026-06-27 00:09:27 CST
2017-07-06,,12.23,12.539999961853027,2026-06-27 00:09:27 CST,2026-06-27 00:09:27 CST
2017-07-07,,12.4,11.1899995803833,2026-06-27 00:09:27 CST,2026-06-27 00:09:27 CST
2017-07-10,,12.31,11.109999656677246,2026-06-27 00:09:27 CST,2026-06-27 00:09:27 CST
2017-07-11,,11.72,10.890000343322754,2026-06-27 00:09:27 CST,2026-06-27 00:09:27 CST
2017-07-12,,11.8,10.300000190734863,2026-06-27 00:09:27 CST,2026-06-27 00:09:27 CST
2017-07-13,,11.53,9.899999618530273,2026-06-27 00:09:27 CST,2026-06-27 00:09:27 CST
2017-07-14,,11.19,9.510000228881836,2026-06-27 00:09:27 CST,2026-06-27 00:09:27 CST
2017-07-17,,12.09,9.819999694824219,2026-06-27 00:09:27 CST,2026-06-27 00:09:27 CST
2017-07-18,,12.1,9.890000343322754,2026-06-27 00:09:27 CST,2026-06-27 00:09:27 CST
2017-07-19,,11.26,9.789999961853027,2026-06-27 00:09:27 CST,2026-06-27 00:09:27 CST
2017-07-20,,10.48,9.579999923706055,2026-06-27 00:09:27 CST,2026-06-27 00:09:27 CST
2017-07-21,,10.54,9.359999656677246,2026-06-27 00:09:27 CST,2026-06-27 00:09:27 CST
2017-07-24,,10.58,9.430000305175781,2026-06-27 00:09:27 CST,2026-06-27 00:09:27 CST
2017-07-25,,10.7,9.430000305175781,2026-06-27 00:09:27 CST,2026-06-27 00:09:27 CST
2017-07-26,,10.2,9.600000381469727,2026-06-27 00:09:27 CST,2026-06-27 00:09:27 CST
2017-07-27,,9.92,10.109999656677246,2026-06-27 00:09:27 CST,2026-06-27 00:09:27 CST
2017-07-28,,10.5,10.289999961853027,2026-06-27 00:09:27 CST,2026-06-27 00:09:27 CST
2017-07-31,,10.9,10.260000228881836,2026-06-27 00:09:27 CST,2026-06-27 00:09:27 CST
2017-08-01,,10.26,10.09000015258789,2026-06-27 00:09:27 CST,2026-06-27 00:09:27 CST
2017-08-02,,14.83,10.279999732971191,2026-06-27 00:09:27 CST,2026-06-27 00:09:27 CST
2017-08-03,,10.96,10.4399995803833,2026-06-27 00:09:27 CST,2026-06-27 00:09:27 CST
2017-08-04,,11.4,10.029999732971191,2026-06-27 00:09:27 CST,2026-06-27 00:09:27 CST
2017-08-07,,11.33,9.930000305175781,2026-06-27 00:09:27 CST,2026-06-27 00:09:27 CST
2017-08-08,,11.41,10.960000038146973,2026-06-27 00:09:27 CST,2026-06-27 00:09:27 CST
2017-08-09,,12.15,11.109999656677246,2026-06-27 00:09:27 CST,2026-06-27 00:09:27 CST
2017-08-10,,13.23,16.040000915527344,2026-06-27 00:09:27 CST,2026-06-27 00:09:27 CST
2017-08-11,,14.38,15.510000228881836,2026-06-27 00:09:27 CST,2026-06-27 00:09:27 CST
2017-08-14,,13.87,12.329999923706055,2026-06-27 00:09:27 CST,2026-06-27 00:09:27 CST
2017-08-15,,13.05,12.039999961853027,2026-06-27 00:09:27 CST,2026-06-27 00:09:27 CST
2017-08-16,,12.77,11.739999771118164,2026-06-27 00:09:27 CST,2026-06-27 00:09:27 CST
2017-08-17,,11.98,15.550000190734863,2026-06-27 00:09:27 CST,2026-06-27 00:09:27 CST
2017-08-18,,12.67,14.260000228881836,2026-06-27 00:09:27 CST,2026-06-27 00:09:27 CST
2017-08-21,,13.03,13.1899995803833,2026-06-27 00:09:27 CST,2026-06-27 00:09:27 CST
2017-08-22,,12.08,11.350000381469727,2026-06-27 00:09:27 CST,2026-06-27 00:09:27 CST
2017-08-23,,11.75,12.25,2026-06-27 00:09:27 CST,2026-06-27 00:09:27 CST
2017-08-24,,11.35,12.229999542236328,2026-06-27 00:09:27 CST,2026-06-27 00:09:27 CST
2017-08-25,,11.29,11.279999732971191,2026-06-27 00:09:27 CST,2026-06-27 00:09:27 CST
2017-08-28,,12.02,11.319999694824219,2026-06-27 00:09:27 CST,2026-06-27 00:09:27 CST
2017-08-29,,12.66,11.699999809265137,2026-06-27 00:09:27 CST,2026-06-27 00:09:27 CST
2017-08-30,,12.36,11.220000267028809,2026-06-27 00:09:27 CST,2026-06-27 00:09:27 CST
2017-08-31,,12.6,10.59000015258789,2026-06-27 00:09:27 CST,2026-06-27 00:09:27 CST
2017-09-01,,12.25,10.130000114440918,2026-06-27 00:09:27 CST,2026-06-27 00:09:27 CST
2017-09-04,,13.28,,2026-06-27 00:09:27 CST,2026-06-27 00:09:27 CST
2017-09-05,,13.71,12.229999542236328,2026-06-27 00:09:27 CST,2026-06-27 00:09:27 CST
2017-09-06,,14.05,11.630000114440918,2026-06-27 00:09:27 CST,2026-06-27 00:09:27 CST
2017-09-07,,13.87,11.550000190734863,2026-06-27 00:09:27 CST,2026-06-27 00:09:27 CST
2017-09-08,,13.8,12.119999885559082,2026-06-27 00:09:27 CST,2026-06-27 00:09:27 CST
2017-09-11,,13.48,10.729999542236328,2026-06-27 00:09:27 CST,2026-06-27 00:09:27 CST
2017-09-12,,12.49,10.579999923706055,2026-06-27 00:09:27 CST,2026-06-27 00:09:27 CST
2017-09-13,,12.15,10.5,2026-06-27 00:09:27 CST,2026-06-27 00:09:27 CST
2017-09-14,,11.62,10.4399995803833,2026-06-27 00:09:27 CST,2026-06-27 00:09:27 CST
2017-09-15,,11.25,10.170000076293945,2026-06-27 00:09:27 CST,2026-06-27 00:09:27 CST
2017-09-18,,12.29,10.149999618530273,2026-06-27 00:09:27 CST,2026-06-27 00:09:27 CST
2017-09-19,,12.72,10.180000305175781,2026-06-27 00:09:27 CST,2026-06-27 00:09:27 CST
2017-09-20,,12.49,9.779999732971191,2026-06-27 00:09:27 CST,2026-06-27 00:09:27 CST
2017-09-21,,10.8,9.670000076293945,2026-06-27 00:09:27 CST,2026-06-27 00:09:27 CST
2017-09-22,,11.74,9.59000015258789,2026-06-27 00:09:27 CST,2026-06-27 00:09:27 CST
2017-09-25,,12.77,10.210000038146973,2026-06-27 00:09:27 CST,2026-06-27 00:09:27 CST
2017-09-26,,12.85,10.170000076293945,2026-06-27 00:09:27 CST,2026-06-27 00:09:27 CST
2017-09-27,,12.14,9.869999885559082,2026-06-27 00:09:27 CST,2026-06-27 00:09:27 CST
2017-09-28,,11.86,9.550000190734863,2026-06-27 00:09:27 CST,2026-06-27 00:09:27 CST
2017-09-29,,11.28,9.510000228881836,2026-06-27 00:09:27 CST,2026-06-27 00:09:27 CST
2017-10-02,,10.52,9.449999809265137,2026-06-27 00:09:27 CST,2026-06-27 00:09:27 CST
2017-10-03,,10.29,9.510000228881836,2026-06-27 00:09:27 CST,2026-06-27 00:09:27 CST
2017-10-04,,10.29,9.630000114440918,2026-06-27 00:09:27 CST,2026-06-27 00:09:27 CST
2017-10-05,,10.37,9.1899995803833,2026-06-27 00:09:27 CST,2026-06-27 00:09:27 CST
2017-10-06,,10.36,9.649999618530273,2026-06-27 00:09:27 CST,2026-06-27 00:09:27 CST
2017-10-09,,10.36,10.329999923706055,2026-06-27 00:09:27 CST,2026-06-27 00:09:27 CST
2017-10-10,,10.36,10.079999923706055,2026-06-27 00:09:27 CST,2026-06-27 00:09:27 CST
2017-10-11,,10.75,9.850000381469727,2026-06-27 00:09:27 CST,2026-06-27 00:09:27 CST
2017-10-12,,10.38,9.90999984741211,2026-06-27 00:09:27 CST,2026-06-27 00:09:27 CST
2017-10-13,,9.99,9.609999656677246,2026-06-27 00:09:27 CST,2026-06-27 00:09:27 CST
2017-10-16,,11.47,9.90999984741211,2026-06-27 00:09:27 CST,2026-06-27 00:09:27 CST
2017-10-17,,11.79,10.3100004196167,2026-06-27 00:09:27 CST,2026-06-27 00:09:27 CST
2017-10-18,,11.77,10.069999694824219,2026-06-27 00:09:27 CST,2026-06-27 00:09:27 CST
2017-10-19,,10.72,10.050000190734863,2026-06-27 00:09:27 CST,2026-06-27 00:09:27 CST
2017-10-20,,11.12,9.970000267028809,2026-06-27 00:09:27 CST,2026-06-27 00:09:27 CST
2017-10-23,,11.66,11.069999694824219,2026-06-27 00:09:27 CST,2026-06-27 00:09:27 CST
2017-10-24,,11.16,11.15999984741211,2026-06-27 00:09:27 CST,2026-06-27 00:09:27 CST
2017-10-25,,11.87,11.229999542236328,2026-06-27 00:09:27 CST,2026-06-27 00:09:27 CST
2017-10-26,,11.85,11.300000190734863,2026-06-27 00:09:27 CST,2026-06-27 00:09:27 CST
2017-10-27,,12.14,9.800000190734863,2026-06-27 00:09:27 CST,2026-06-27 00:09:27 CST
2017-10-30,,12.09,10.5,2026-06-27 00:09:27 CST,2026-06-27 00:09:27 CST
2017-10-31,,11.85,10.180000305175781,2026-06-27 00:09:27 CST,2026-06-27 00:09:27 CST
2017-11-01,,11.64,10.199999809265137,2026-06-27 00:09:27 CST,2026-06-27 00:09:27 CST
2017-11-02,,11.85,9.930000305175781,2026-06-27 00:09:27 CST,2026-06-27 00:09:27 CST
2017-11-03,,11.82,9.140000343322754,2026-06-27 00:09:27 CST,2026-06-27 00:09:27 CST
2017-11-06,,11.74,9.399999618530273,2026-06-27 00:09:27 CST,2026-06-27 00:09:27 CST
2017-11-07,,11.13,9.890000343322754,2026-06-27 00:09:27 CST,2026-06-27 00:09:27 CST
2017-11-08,,10.91,9.779999732971191,2026-06-27 00:09:27 CST,2026-06-27 00:09:27 CST
2017-11-09,,10.82,10.5,2026-06-27 00:09:27 CST,2026-06-27 00:09:27 CST
2017-11-10,,10.17,11.289999961853027,2026-06-27 00:09:27 CST,2026-06-27 00:09:27 CST
2017-11-13,,10.39,11.5,2026-06-27 00:09:27 CST,2026-06-27 00:09:27 CST
2017-11-14,,10.49,11.59000015258789,2026-06-27 00:09:27 CST,2026-06-27 00:09:27 CST
2017-11-15,,10.95,13.130000114440918,2026-06-27 00:09:27 CST,2026-06-27 00:09:27 CST
2017-11-16,,10.2,11.760000228881836,2026-06-27 00:09:27 CST,2026-06-27 00:09:27 CST
2017-11-17,,9.44,11.430000305175781,2026-06-27 00:09:27 CST,2026-06-27 00:09:27 CST
2017-11-20,,9.83,10.649999618530273,2026-06-27 00:09:27 CST,2026-06-27 00:09:27 CST
2017-11-21,,9.17,9.729999542236328,2026-06-27 00:09:27 CST,2026-06-27 00:09:27 CST
2017-11-22,,9.49,9.880000114440918,2026-06-27 00:09:27 CST,2026-06-27 00:09:27 CST
2017-11-23,,8.97,,2026-06-27 00:09:27 CST,2026-06-27 00:09:27 CST
2017-11-24,,9.12,9.670000076293945,2026-06-27 00:09:27 CST,2026-06-27 00:09:27 CST
2017-11-27,,9.72,9.869999885559082,2026-06-27 00:09:27 CST,2026-06-27 00:09:27 CST
2017-11-28,,10.16,10.029999732971191,2026-06-27 00:09:27 CST,2026-06-27 00:09:27 CST
2017-11-29,,10.54,10.699999809265137,2026-06-27 00:09:27 CST,2026-06-27 00:09:27 CST
2017-11-30,,11.46,11.279999732971191,2026-06-27 00:09:27 CST,2026-06-27 00:09:27 CST
2017-12-01,,11.18,11.430000305175781,2026-06-27 00:09:27 CST,2026-06-27 00:09:27 CST
2017-12-04,,11.45,11.680000305175781,2026-06-27 00:09:27 CST,2026-06-27 00:09:27 CST
2017-12-05,,11.88,11.329999923706055,2026-06-27 00:09:27 CST,2026-06-27 00:09:27 CST
2017-12-06,,14.89,11.020000457763672,2026-06-27 00:09:27 CST,2026-06-27 00:09:27 CST
2017-12-07,,13.83,10.15999984741211,2026-06-27 00:09:27 CST,2026-06-27 00:09:27 CST
2017-12-08,,12.34,9.579999923706055,2026-06-27 00:09:27 CST,2026-06-27 00:09:27 CST
2017-12-11,,11.67,9.34000015258789,2026-06-27 00:09:27 CST,2026-06-27 00:09:27 CST
2017-12-12,,11.69,9.920000076293945,2026-06-27 00:09:27 CST,2026-06-27 00:09:27 CST
2017-12-13,,11.61,10.180000305175781,2026-06-27 00:09:27 CST,2026-06-27 00:09:27 CST
2017-12-14,,10.86,10.489999771118164,2026-06-27 00:09:27 CST,2026-06-27 00:09:27 CST
2017-12-15,,10.94,9.420000076293945,2026-06-27 00:09:27 CST,2026-06-27 00:09:27 CST
2017-12-18,,11.53,9.529999732971191,2026-06-27 00:09:27 CST,2026-06-27 00:09:27 CST
2017-12-19,,11.8,10.029999732971191,2026-06-27 00:09:27 CST,2026-06-27 00:09:27 CST
2017-12-20,,11.23,9.720000267028809,2026-06-27 00:09:27 CST,2026-06-27 00:09:27 CST
2017-12-21,,10.4,9.619999885559082,2026-06-27 00:09:27 CST,2026-06-27 00:09:27 CST
2017-12-22,,9.99,9.899999618530273,2026-06-27 00:09:27 CST,2026-06-27 00:09:27 CST
2017-12-25,,10.01,,2026-06-27 00:09:27 CST,2026-06-27 00:09:27 CST
2017-12-26,,10.88,10.25,2026-06-27 00:09:27 CST,2026-06-27 00:09:27 CST
2017-12-27,,10.18,10.470000267028809,2026-06-27 00:09:27 CST,2026-06-27 00:09:27 CST
2017-12-28,,10.1,10.180000305175781,2026-06-27 00:09:27 CST,2026-06-27 00:09:27 CST
2017-12-29,,9.93,11.039999961853027,2026-06-27 00:09:27 CST,2026-06-27 00:09:27 CST
2018-01-01,,9.93,,2026-06-27 00:09:27 CST,2026-06-27 00:09:27 CST
2018-01-02,,10.42,9.770000457763672,2026-06-27 00:09:27 CST,2026-06-27 00:09:27 CST
2018-01-03,,10.24,9.149999618530273,2026-06-27 00:09:27 CST,2026-06-27 00:09:27 CST
2018-01-04,,9.88,9.220000267028809,2026-06-27 00:09:27 CST,2026-06-27 00:09:27 CST
2018-01-05,,9.62,9.220000267028809,2026-06-27 00:09:27 CST,2026-06-27 00:09:27 CST
2018-01-08,,10.52,9.520000457763672,2026-06-27 00:09:27 CST,2026-06-27 00:09:27 CST
2018-01-09,,9.81,10.079999923706055,2026-06-27 00:09:27 CST,2026-06-27 00:09:27 CST
2018-01-10,,10.25,9.819999694824219,2026-06-27 00:09:27 CST,2026-06-27 00:09:27 CST
2018-01-11,,9.7,9.880000114440918,2026-06-27 00:09:27 CST,2026-06-27 00:09:27 CST
2018-01-12,,8.96,10.15999984741211,2026-06-27 00:09:27 CST,2026-06-27 00:09:27 CST
2018-01-15,,7.82,,2026-06-27 00:09:27 CST,2026-06-27 00:09:27 CST
2018-01-16,,8.82,11.65999984741211,2026-06-27 00:09:27 CST,2026-06-27 00:09:27 CST
2018-01-17,,8.96,11.90999984741211,2026-06-27 00:09:27 CST,2026-06-27 00:09:27 CST
2018-01-18,,9.66,12.220000267028809,2026-06-27 00:09:27 CST,2026-06-27 00:09:27 CST
2018-01-19,,9.89,11.270000457763672,2026-06-27 00:09:27 CST,2026-06-27 00:09:27 CST
2018-01-22,,10.86,11.029999732971191,2026-06-27 00:09:27 CST,2026-06-27 00:09:27 CST
2018-01-23,,11.18,11.100000381469727,2026-06-27 00:09:27 CST,2026-06-27 00:09:27 CST
2018-01-24,,10.97,11.470000267028809,2026-06-27 00:09:27 CST,2026-06-27 00:09:27 CST
2018-01-25,,11.38,11.579999923706055,2026-06-27 00:09:27 CST,2026-06-27 00:09:27 CST
2018-01-26,,11.38,11.079999923706055,2026-06-27 00:09:27 CST,2026-06-27 00:09:27 CST
2018-01-29,,11.73,13.84000015258789,2026-06-27 00:09:27 CST,2026-06-27 00:09:27 CST
2018-01-30,,12.44,14.789999961853027,2026-06-27 00:09:27 CST,2026-06-27 00:09:27 CST
2018-01-31,,12.58,13.539999961853027,2026-06-27 00:09:27 CST,2026-06-27 00:09:27 CST
2018-02-01,,13.0,13.470000267028809,2026-06-27 00:09:27 CST,2026-06-27 00:09:27 CST
2018-02-02,,12.32,17.309999465942383,2026-06-27 00:09:27 CST,2026-06-27 00:09:27 CST
2018-02-05,,14.2,37.31999969482422,2026-06-27 00:09:27 CST,2026-06-27 00:09:27 CST
2018-02-06,,30.07,29.979999542236328,2026-06-27 00:09:27 CST,2026-06-27 00:09:27 CST
2018-02-07,,23.17,27.729999542236328,2026-06-27 00:09:27 CST,2026-06-27 00:09:27 CST
2018-02-08,,21.82,33.459999084472656,2026-06-27 00:09:27 CST,2026-06-27 00:09:27 CST
2018-02-09,,26.76,29.059999465942383,2026-06-27 00:09:27 CST,2026-06-27 00:09:27 CST
2018-02-12,,24.01,25.610000610351562,2026-06-27 00:09:27 CST,2026-06-27 00:09:27 CST
2018-02-13,,24.01,24.969999313354492,2026-06-27 00:09:27 CST,2026-06-27 00:09:27 CST
2018-02-14,,24.01,19.260000228881836,2026-06-27 00:09:27 CST,2026-06-27 00:09:27 CST
2018-02-15,,24.01,19.1299991607666,2026-06-27 00:09:27 CST,2026-06-27 00:09:27 CST
2018-02-16,,24.01,19.459999084472656,2026-06-27 00:09:27 CST,2026-06-27 00:09:27 CST
2018-02-19,,24.01,,2026-06-27 00:09:27 CST,2026-06-27 00:09:27 CST
2018-02-20,,24.01,20.600000381469727,2026-06-27 00:09:27 CST,2026-06-27 00:09:27 CST
2018-02-21,,20.35,20.020000457763672,2026-06-27 00:09:27 CST,2026-06-27 00:09:27 CST
2018-02-22,,20.83,18.719999313354492,2026-06-27 00:09:27 CST,2026-06-27 00:09:27 CST
2018-02-23,,18.49,16.489999771118164,2026-06-27 00:09:27 CST,2026-06-27 00:09:27 CST
2018-02-26,,18.08,15.800000190734863,2026-06-27 00:09:27 CST,2026-06-27 00:09:27 CST
2018-02-27,,18.05,18.59000015258789,2026-06-27 00:09:27 CST,2026-06-27 00:09:27 CST
2018-02-28,,18.05,19.850000381469727,2026-06-27 00:09:27 CST,2026-06-27 00:09:27 CST
2018-03-01,,19.75,22.469999313354492,2026-06-27 00:09:27 CST,2026-06-27 00:09:27 CST
2018-03-02,,20.88,19.59000015258789,2026-06-27 00:09:27 CST,2026-06-27 00:09:27 CST
2018-03-05,,21.06,18.729999542236328,2026-06-27 00:09:27 CST,2026-06-27 00:09:27 CST
2018-03-06,,18.01,18.360000610351562,2026-06-27 00:09:27 CST,2026-06-27 00:09:27 CST
2018-03-07,,19.72,17.760000228881836,2026-06-27 00:09:27 CST,2026-06-27 00:09:27 CST
2018-03-08,,17.94,16.540000915527344,2026-06-27 00:09:27 CST,2026-06-27 00:09:27 CST
2018-03-09,,17.27,14.640000343322754,2026-06-27 00:09:27 CST,2026-06-27 00:09:27 CST
2018-03-12,,16.5,15.779999732971191,2026-06-27 00:09:27 CST,2026-06-27 00:09:27 CST
2018-03-13,,15.64,16.350000381469727,2026-06-27 00:09:27 CST,2026-06-27 00:09:27 CST
2018-03-14,,16.56,17.229999542236328,2026-06-27 00:09:27 CST,2026-06-27 00:09:27 CST
2018-03-15,,16.39,16.59000015258789,2026-06-27 00:09:27 CST,2026-06-27 00:09:27 CST
2018-03-16,,16.41,15.800000190734863,2026-06-27 00:09:27 CST,2026-06-27 00:09:27 CST
2018-03-19,,16.86,19.020000457763672,2026-06-27 00:09:27 CST,2026-06-27 00:09:27 CST
2018-03-20,,17.77,18.200000762939453,2026-06-27 00:09:27 CST,2026-06-27 00:09:27 CST
2018-03-21,,17.23,17.860000610351562,2026-06-27 00:09:27 CST,2026-06-27 00:09:27 CST
2018-03-22,,16.13,23.34000015258789,2026-06-27 00:09:27 CST,2026-06-27 00:09:27 CST
2018-03-23,,20.98,24.8700008392334,2026-06-27 00:09:27 CST,2026-06-27 00:09:27 CST
2018-03-26,,19.08,21.030000686645508,2026-06-27 00:09:27 CST,2026-06-27 00:09:27 CST
2018-03-27,,17.22,22.5,2026-06-27 00:09:27 CST,2026-06-27 00:09:27 CST
2018-03-28,,19.86,22.8700008392334,2026-06-27 00:09:27 CST,2026-06-27 00:09:27 CST
2018-03-29,,19.61,19.969999313354492,2026-06-27 00:09:27 CST,2026-06-27 00:09:27 CST
2018-03-30,,17.82,,2026-06-27 00:09:27 CST,2026-06-27 00:09:27 CST
2018-03-31,,17.67,,2026-06-27 00:09:27 CST,2026-06-27 00:09:27 CST
2018-04-02,,18.62,23.6200008392334,2026-06-27 00:09:27 CST,2026-06-27 00:09:27 CST
2018-04-03,,19.11,21.100000381469727,2026-06-27 00:09:27 CST,2026-06-27 00:09:27 CST
2018-04-04,,19.11,20.059999465942383,2026-06-27 00:09:27 CST,2026-06-27 00:09:27 CST
2018-04-05,,19.11,18.940000534057617,2026-06-27 00:09:27 CST,2026-06-27 00:09:27 CST
2018-04-06,,19.11,21.489999771118164,2026-06-27 00:09:27 CST,2026-06-27 00:09:27 CST
2018-04-09,,17.97,21.770000457763672,2026-06-27 00:09:27 CST,2026-06-27 00:09:27 CST
2018-04-10,,17.13,20.469999313354492,2026-06-27 00:09:27 CST,2026-06-27 00:09:27 CST
2018-04-11,,16.27,20.239999771118164,2026-06-27 00:09:27 CST,2026-06-27 00:09:27 CST
2018-04-12,,16.53,18.489999771118164,2026-06-27 00:09:27 CST,2026-06-27 00:09:27 CST
2018-04-13,,15.91,17.40999984741211,2026-06-27 00:09:27 CST,2026-06-27 00:09:27 CST
2018-04-16,,16.7,16.559999465942383,2026-06-27 00:09:27 CST,2026-06-27 00:09:27 CST
2018-04-17,,16.71,15.25,2026-06-27 00:09:27 CST,2026-06-27 00:09:27 CST
2018-04-18,,15.88,15.600000381469727,2026-06-27 00:09:27 CST,2026-06-27 00:09:27 CST
2018-04-19,,13.83,15.960000038146973,2026-06-27 00:09:27 CST,2026-06-27 00:09:27 CST
2018-04-20,,14.87,16.8799991607666,2026-06-27 00:09:27 CST,2026-06-27 00:09:27 CST
2018-04-23,,15.56,16.34000015258789,2026-06-27 00:09:27 CST,2026-06-27 00:09:27 CST
2018-04-24,,15.55,18.020000457763672,2026-06-27 00:09:27 CST,2026-06-27 00:09:27 CST
2018-04-25,,16.15,17.84000015258789,2026-06-27 00:09:27 CST,2026-06-27 00:09:27 CST
2018-04-26,,16.46,16.239999771118164,2026-06-27 00:09:27 CST,2026-06-27 00:09:27 CST
2018-04-27,,15.44,15.40999984741211,2026-06-27 00:09:27 CST,2026-06-27 00:09:27 CST
2018-04-30,,14.66,15.930000305175781,2026-06-27 00:09:27 CST,2026-06-27 00:09:27 CST
2018-05-01,,14.66,15.489999771118164,2026-06-27 00:09:27 CST,2026-06-27 00:09:27 CST
2018-05-02,,14.81,15.970000267028809,2026-06-27 00:09:27 CST,2026-06-27 00:09:27 CST
2018-05-03,,15.78,15.899999618530273,2026-06-27 00:09:27 CST,2026-06-27 00:09:27 CST
2018-05-04,,15.13,14.770000457763672,2026-06-27 00:09:27 CST,2026-06-27 00:09:27 CST
2018-05-07,,14.64,14.75,2026-06-27 00:09:27 CST,2026-06-27 00:09:27 CST
2018-05-08,,14.06,14.710000038146973,2026-06-27 00:09:27 CST,2026-06-27 00:09:27 CST
2018-05-09,,13.65,13.420000076293945,2026-06-27 00:09:27 CST,2026-06-27 00:09:27 CST
2018-05-10,,13.03,13.229999542236328,2026-06-27 00:09:27 CST,2026-06-27 00:09:27 CST
2018-05-11,,12.89,12.649999618530273,2026-06-27 00:09:27 CST,2026-06-27 00:09:27 CST
2018-05-14,,12.81,12.930000305175781,2026-06-27 00:09:27 CST,2026-06-27 00:09:27 CST
2018-05-15,,12.94,14.630000114440918,2026-06-27 00:09:27 CST,2026-06-27 00:09:27 CST
2018-05-16,,13.03,13.420000076293945,2026-06-27 00:09:27 CST,2026-06-27 00:09:27 CST
2018-05-17,,13.23,13.430000305175781,2026-06-27 00:09:27 CST,2026-06-27 00:09:27 CST
2018-05-18,,13.29,13.420000076293945,2026-06-27 00:09:27 CST,2026-06-27 00:09:27 CST
2018-05-21,,13.09,13.079999923706055,2026-06-27 00:09:27 CST,2026-06-27 00:09:27 CST
2018-05-22,,12.91,13.220000267028809,2026-06-27 00:09:27 CST,2026-06-27 00:09:27 CST
2018-05-23,,13.55,12.579999923706055,2026-06-27 00:09:27 CST,2026-06-27 00:09:27 CST
2018-05-24,,13.27,12.529999732971191,2026-06-27 00:09:27 CST,2026-06-27 00:09:27 CST
2018-05-25,,13.05,13.220000267028809,2026-06-27 00:09:27 CST,2026-06-27 00:09:27 CST
2018-05-28,,13.09,,2026-06-27 00:09:27 CST,2026-06-27 00:09:27 CST
2018-05-29,,13.28,17.020000457763672,2026-06-27 00:09:27 CST,2026-06-27 00:09:27 CST
2018-05-30,,15.0,14.9399995803833,2026-06-27 00:09:27 CST,2026-06-27 00:09:27 CST
2018-05-31,,14.0,15.430000305175781,2026-06-27 00:09:27 CST,2026-06-27 00:09:27 CST
2018-06-01,,14.13,13.460000038146973,2026-06-27 00:09:27 CST,2026-06-27 00:09:27 CST
2018-06-04,,13.83,12.739999771118164,2026-06-27 00:09:27 CST,2026-06-27 00:09:27 CST
2018-06-05,,14.02,12.399999618530273,2026-06-27 00:09:27 CST,2026-06-27 00:09:27 CST
2018-06-06,,13.56,11.640000343322754,2026-06-27 00:09:27 CST,2026-06-27 00:09:27 CST
2018-06-07,,13.2,12.130000114440918,2026-06-27 00:09:27 CST,2026-06-27 00:09:27 CST
2018-06-08,,13.81,12.180000305175781,2026-06-27 00:09:27 CST,2026-06-27 00:09:27 CST
2018-06-11,,14.45,12.350000381469727,2026-06-27 00:09:27 CST,2026-06-27 00:09:27 CST
2018-06-12,,14.42,12.34000015258789,2026-06-27 00:09:27 CST,2026-06-27 00:09:27 CST
2018-06-13,,14.01,12.9399995803833,2026-06-27 00:09:27 CST,2026-06-27 00:09:27 CST
2018-06-14,,14.21,12.119999885559082,2026-06-27 00:09:27 CST,2026-06-27 00:09:27 CST
2018-06-15,,14.13,11.979999542236328,2026-06-27 00:09:27 CST,2026-06-27 00:09:27 CST
2018-06-18,,14.13,12.3100004196167,2026-06-27 00:09:27 CST,2026-06-27 00:09:27 CST
2018-06-19,,16.54,13.350000381469727,2026-06-27 00:09:27 CST,2026-06-27 00:09:27 CST
2018-06-20,,16.28,12.789999961853027,2026-06-27 00:09:27 CST,2026-06-27 00:09:27 CST
2018-06-21,,15.02,14.640000343322754,2026-06-27 00:09:27 CST,2026-06-27 00:09:27 CST
2018-06-22,,15.55,13.770000457763672,2026-06-27 00:09:27 CST,2026-06-27 00:09:27 CST
2018-06-25,,16.59,17.329999923706055,2026-06-27 00:09:27 CST,2026-06-27 00:09:27 CST
2018-06-26,,16.23,15.920000076293945,2026-06-27 00:09:27 CST,2026-06-27 00:09:27 CST
2018-06-27,,15.84,17.90999984741211,2026-06-27 00:09:27 CST,2026-06-27 00:09:27 CST
2018-06-28,,16.79,16.850000381469727,2026-06-27 00:09:27 CST,2026-06-27 00:09:27 CST
2018-06-29,,15.82,16.09000015258789,2026-06-27 00:09:27 CST,2026-06-27 00:09:27 CST
2018-07-02,,17.16,15.600000381469727,2026-06-27 00:09:27 CST,2026-06-27 00:09:27 CST
2018-07-03,,17.31,16.139999389648438,2026-06-27 00:09:27 CST,2026-06-27 00:09:27 CST
2018-07-04,,17.26,,2026-06-27 00:09:27 CST,2026-06-27 00:09:27 CST
2018-07-05,,17.83,14.970000267028809,2026-06-27 00:09:27 CST,2026-06-27 00:09:27 CST
2018-07-06,,16.87,13.369999885559082,2026-06-27 00:09:27 CST,2026-06-27 00:09:27 CST
2018-07-09,,15.18,12.6899995803833,2026-06-27 00:09:27 CST,2026-06-27 00:09:27 CST
2018-07-10,,14.52,12.640000343322754,2026-06-27 00:09:27 CST,2026-06-27 00:09:27 CST
2018-07-11,,15.69,13.630000114440918,2026-06-27 00:09:27 CST,2026-06-27 00:09:27 CST
2018-07-12,,14.04,12.579999923706055,2026-06-27 00:09:27 CST,2026-06-27 00:09:27 CST
2018-07-13,,13.31,12.180000305175781,2026-06-27 00:09:27 CST,2026-06-27 00:09:27 CST
2018-07-16,,13.93,12.829999923706055,2026-06-27 00:09:27 CST,2026-06-27 00:09:27 CST
2018-07-17,,13.86,12.0600004196167,2026-06-27 00:09:27 CST,2026-06-27 00:09:27 CST
2018-07-18,,14.25,12.100000381469727,2026-06-27 00:09:27 CST,2026-06-27 00:09:27 CST
2018-07-19,,14.19,12.869999885559082,2026-06-27 00:09:27 CST,2026-06-27 00:09:27 CST
2018-07-20,,13.83,12.859999656677246,2026-06-27 00:09:27 CST,2026-06-27 00:09:27 CST
2018-07-23,,14.49,12.619999885559082,2026-06-27 00:09:27 CST,2026-06-27 00:09:27 CST
2018-07-24,,14.17,12.40999984741211,2026-06-27 00:09:27 CST,2026-06-27 00:09:27 CST
2018-07-25,,14.28,12.289999961853027,2026-06-27 00:09:27 CST,2026-06-27 00:09:27 CST
2018-07-26,,13.29,12.140000343322754,2026-06-27 00:09:27 CST,2026-06-27 00:09:27 CST
2018-07-27,,12.9,13.029999732971191,2026-06-27 00:09:27 CST,2026-06-27 00:09:27 CST
2018-07-30,,13.7,14.260000228881836,2026-06-27 00:09:27 CST,2026-06-27 00:09:27 CST
2018-07-31,,13.43,12.829999923706055,2026-06-27 00:09:27 CST,2026-06-27 00:09:27 CST
2018-08-01,,12.83,13.149999618530273,2026-06-27 00:09:27 CST,2026-06-27 00:09:27 CST
2018-08-02,,14.38,12.1899995803833,2026-06-27 00:09:27 CST,2026-06-27 00:09:27 CST
2018-08-03,,13.33,11.640000343322754,2026-06-27 00:09:27 CST,2026-06-27 00:09:27 CST
2018-08-06,,13.23,11.270000457763672,2026-06-27 00:09:27 CST,2026-06-27 00:09:27 CST
2018-08-07,,12.89,10.930000305175781,2026-06-27 00:09:27 CST,2026-06-27 00:09:27 CST
2018-08-08,,12.36,10.850000381469727,2026-06-27 00:09:27 CST,2026-06-27 00:09:27 CST
2018-08-09,,12.55,11.270000457763672,2026-06-27 00:09:27 CST,2026-06-27 00:09:27 CST
2018-08-10,,13.06,13.15999984741211,2026-06-27 00:09:27 CST,2026-06-27 00:09:27 CST
2018-08-13,,15.51,14.779999732971191,2026-06-27 00:09:27 CST,2026-06-27 00:09:27 CST
2018-08-14,,14.44,13.3100004196167,2026-06-27 00:09:27 CST,2026-06-27 00:09:27 CST
2018-08-15,,16.0,14.640000343322754,2026-06-27 00:09:27 CST,2026-06-27 00:09:27 CST
2018-08-16,,16.56,13.449999809265137,2026-06-27 00:09:27 CST,2026-06-27 00:09:27 CST
2018-08-17,,15.6,12.640000343322754,2026-06-27 00:09:27 CST,2026-06-27 00:09:27 CST
2018-08-20,,14.95,12.489999771118164,2026-06-27 00:09:27 CST,2026-06-27 00:09:27 CST
2018-08-21,,13.88,12.859999656677246,2026-06-27 00:09:27 CST,2026-06-27 00:09:27 CST
2018-08-22,,13.73,12.25,2026-06-27 00:09:27 CST,2026-06-27 00:09:27 CST
2018-08-23,,12.75,12.40999984741211,2026-06-27 00:09:27 CST,2026-06-27 00:09:27 CST
2018-08-24,,13.16,11.989999771118164,2026-06-27 00:09:27 CST,2026-06-27 00:09:27 CST
2018-08-27,,12.97,12.15999984741211,2026-06-27 00:09:27 CST,2026-06-27 00:09:27 CST
2018-08-28,,12.31,12.5,2026-06-27 00:09:27 CST,2026-06-27 00:09:27 CST
2018-08-29,,12.56,12.25,2026-06-27 00:09:27 CST,2026-06-27 00:09:27 CST
2018-08-30,,12.55,13.529999732971191,2026-06-27 00:09:27 CST,2026-06-27 00:09:27 CST
2018-08-31,,13.23,12.859999656677246,2026-06-27 00:09:27 CST,2026-06-27 00:09:27 CST
2018-09-03,,14.09,,2026-06-27 00:09:27 CST,2026-06-27 00:09:27 CST
2018-09-04,,13.25,13.15999984741211,2026-06-27 00:09:27 CST,2026-06-27 00:09:27 CST
2018-09-05,,13.84,13.90999984741211,2026-06-27 00:09:27 CST,2026-06-27 00:09:27 CST
2018-09-06,,14.5,14.649999618530273,2026-06-27 00:09:27 CST,2026-06-27 00:09:27 CST
2018-09-07,,14.67,14.880000114440918,2026-06-27 00:09:27 CST,2026-06-27 00:09:27 CST
2018-09-10,,15.32,14.15999984741211,2026-06-27 00:09:27 CST,2026-06-27 00:09:27 CST
2018-09-11,,15.01,13.220000267028809,2026-06-27 00:09:27 CST,2026-06-27 00:09:27 CST
2018-09-12,,14.89,13.140000343322754,2026-06-27 00:09:27 CST,2026-06-27 00:09:27 CST
2018-09-13,,14.17,12.369999885559082,2026-06-27 00:09:27 CST,2026-06-27 00:09:27 CST
2018-09-14,,12.83,12.069999694824219,2026-06-27 00:09:27 CST,2026-06-27 00:09:27 CST
2018-09-17,,13.74,13.680000305175781,2026-06-27 00:09:27 CST,2026-06-27 00:09:27 CST
2018-09-18,,13.98,12.789999961853027,2026-06-27 00:09:27 CST,2026-06-27 00:09:27 CST
2018-09-19,,13.23,11.75,2026-06-27 00:09:27 CST,2026-06-27 00:09:27 CST
2018-09-20,,13.09,11.800000190734863,2026-06-27 00:09:27 CST,2026-06-27 00:09:27 CST
2018-09-21,,12.85,11.680000305175781,2026-06-27 00:09:27 CST,2026-06-27 00:09:27 CST
2018-09-24,,12.85,12.199999809265137,2026-06-27 00:09:27 CST,2026-06-27 00:09:27 CST
2018-09-25,,13.14,12.420000076293945,2026-06-27 00:09:27 CST,2026-06-27 00:09:27 CST
2018-09-26,,13.33,12.890000343322754,2026-06-27 00:09:27 CST,2026-06-27 00:09:27 CST
2018-09-27,,12.82,12.40999984741211,2026-06-27 00:09:27 CST,2026-06-27 00:09:27 CST
2018-09-28,,13.04,12.119999885559082,2026-06-27 00:09:27 CST,2026-06-27 00:09:27 CST
2018-10-01,,13.38,12.0,2026-06-27 00:09:27 CST,2026-06-27 00:09:27 CST
2018-10-02,,13.92,12.050000190734863,2026-06-27 00:09:27 CST,2026-06-27 00:09:27 CST
2018-10-03,,13.62,11.609999656677246,2026-06-27 00:09:27 CST,2026-06-27 00:09:27 CST
2018-10-04,,15.08,14.220000267028809,2026-06-27 00:09:27 CST,2026-06-27 00:09:27 CST
2018-10-05,,17.11,14.819999694824219,2026-06-27 00:09:27 CST,2026-06-27 00:09:27 CST
2018-10-08,,18.28,15.6899995803833,2026-06-27 00:09:27 CST,2026-06-27 00:09:27 CST
2018-10-09,,18.04,15.949999809265137,2026-06-27 00:09:27 CST,2026-06-27 00:09:27 CST
2018-10-10,,,22.959999084472656,2026-06-27 00:09:27 CST,2026-06-27 00:09:27 CST
2018-10-11,,25.87,24.979999542236328,2026-06-27 00:09:27 CST,2026-06-27 00:09:27 CST
2018-10-12,,22.06,21.309999465942383,2026-06-27 00:09:27 CST,2026-06-27 00:09:27 CST
2018-10-15,,23.96,21.299999237060547,2026-06-27 00:09:27 CST,2026-06-27 00:09:27 CST
2018-10-16,,22.31,17.6200008392334,2026-06-27 00:09:27 CST,2026-06-27 00:09:27 CST
2018-10-17,,21.04,17.399999618530273,2026-06-27 00:09:27 CST,2026-06-27 00:09:27 CST
2018-10-18,,22.46,20.059999465942383,2026-06-27 00:09:27 CST,2026-06-27 00:09:27 CST
2018-10-19,,22.09,19.889999389648438,2026-06-27 00:09:27 CST,2026-06-27 00:09:27 CST
2018-10-22,,22.75,19.639999389648438,2026-06-27 00:09:27 CST,2026-06-27 00:09:27 CST
2018-10-23,,24.41,20.709999084472656,2026-06-27 00:09:27 CST,2026-06-27 00:09:27 CST
2018-10-24,,23.06,25.229999542236328,2026-06-27 00:09:27 CST,2026-06-27 00:09:27 CST
2018-10-25,,24.65,24.219999313354492,2026-06-27 00:09:27 CST,2026-06-27 00:09:27 CST
2018-10-26,,25.61,24.15999984741211,2026-06-27 00:09:27 CST,2026-06-27 00:09:27 CST
2018-10-29,,25.09,24.700000762939453,2026-06-27 00:09:27 CST,2026-06-27 00:09:27 CST
2018-10-30,,24.39,23.350000381469727,2026-06-27 00:09:27 CST,2026-06-27 00:09:27 CST
2018-10-31,,23.05,21.229999542236328,2026-06-27 00:09:27 CST,2026-06-27 00:09:27 CST
2018-11-01,,22.59,19.34000015258789,2026-06-27 00:09:27 CST,2026-06-27 00:09:27 CST
2018-11-02,,22.47,19.510000228881836,2026-06-27 00:09:27 CST,2026-06-27 00:09:27 CST
2018-11-05,,23.65,19.959999084472656,2026-06-27 00:09:27 CST,2026-06-27 00:09:27 CST
2018-11-06,,24.19,19.90999984741211,2026-06-27 00:09:27 CST,2026-06-27 00:09:27 CST
2018-11-07,,21.91,16.360000610351562,2026-06-27 00:09:27 CST,2026-06-27 00:09:27 CST
2018-11-08,,19.39,16.719999313354492,2026-06-27 00:09:27 CST,2026-06-27 00:09:27 CST
2018-11-09,,20.7,17.360000610351562,2026-06-27 00:09:27 CST,2026-06-27 00:09:27 CST
2018-11-12,,20.45,20.450000762939453,2026-06-27 00:09:27 CST,2026-06-27 00:09:27 CST
2018-11-13,,21.16,20.020000457763672,2026-06-27 00:09:27 CST,2026-06-27 00:09:27 CST
2018-11-14,,20.4,21.25,2026-06-27 00:09:27 CST,2026-06-27 00:09:27 CST
2018-11-15,,20.45,19.979999542236328,2026-06-27 00:09:27 CST,2026-06-27 00:09:27 CST
2018-11-16,,20.88,18.139999389648438,2026-06-27 00:09:27 CST,2026-06-27 00:09:27 CST
2018-11-19,,20.61,20.100000381469727,2026-06-27 00:09:27 CST,2026-06-27 00:09:27 CST
2018-11-20,,21.66,22.479999542236328,2026-06-27 00:09:27 CST,2026-06-27 00:09:27 CST
2018-11-21,,20.79,20.799999237060547,2026-06-27 00:09:27 CST,2026-06-27 00:09:27 CST
2018-11-22,,19.85,,2026-06-27 00:09:27 CST,2026-06-27 00:09:27 CST
2018-11-23,,21.05,21.520000457763672,2026-06-27 00:09:27 CST,2026-06-27 00:09:27 CST
2018-11-26,,19.69,18.899999618530273,2026-06-27 00:09:27 CST,2026-06-27 00:09:27 CST
2018-11-27,,18.97,19.020000457763672,2026-06-27 00:09:27 CST,2026-06-27 00:09:27 CST
2018-11-28,,18.66,18.489999771118164,2026-06-27 00:09:27 CST,2026-06-27 00:09:27 CST
2018-11-29,,19.17,18.790000915527344,2026-06-27 00:09:27 CST,2026-06-27 00:09:27 CST
2018-11-30,,19.72,18.06999969482422,2026-06-27 00:09:27 CST,2026-06-27 00:09:27 CST
2018-12-03,,17.34,16.440000534057617,2026-06-27 00:09:27 CST,2026-06-27 00:09:27 CST
2018-12-04,,17.43,20.739999771118164,2026-06-27 00:09:27 CST,2026-06-27 00:09:27 CST
2018-12-05,,19.1,,2026-06-27 00:09:27 CST,2026-06-27 00:09:27 CST
2018-12-06,,21.92,21.190000534057617,2026-06-27 00:09:27 CST,2026-06-27 00:09:27 CST
2018-12-07,,21.53,23.229999542236328,2026-06-27 00:09:27 CST,2026-06-27 00:09:27 CST
2018-12-10,,22.74,22.639999389648438,2026-06-27 00:09:27 CST,2026-06-27 00:09:27 CST
2018-12-11,,21.62,21.760000228881836,2026-06-27 00:09:27 CST,2026-06-27 00:09:27 CST
2018-12-12,,19.72,21.459999084472656,2026-06-27 00:09:27 CST,2026-06-27 00:09:27 CST
2018-12-13,,19.46,20.649999618530273,2026-06-27 00:09:27 CST,2026-06-27 00:09:27 CST
2018-12-14,,20.15,21.6299991607666,2026-06-27 00:09:27 CST,2026-06-27 00:09:27 CST
2018-12-17,,20.0,24.520000457763672,2026-06-27 00:09:27 CST,2026-06-27 00:09:27 CST
2018-12-18,,20.47,25.579999923706055,2026-06-27 00:09:27 CST,2026-06-27 00:09:27 CST
2018-12-19,,19.7,25.579999923706055,2026-06-27 00:09:27 CST,2026-06-27 00:09:27 CST
2018-12-20,,20.82,28.3799991607666,2026-06-27 00:09:27 CST,2026-06-27 00:09:27 CST
2018-12-21,,20.13,30.110000610351562,2026-06-27 00:09:27 CST,2026-06-27 00:09:27 CST
2018-12-22,,21.07,,2026-06-27 00:09:27 CST,2026-06-27 00:09:27 CST
2018-12-24,,20.49,36.06999969482422,2026-06-27 00:09:27 CST,2026-06-27 00:09:27 CST
2018-12-25,,21.83,,2026-06-27 00:09:27 CST,2026-06-27 00:09:27 CST
2018-12-26,,22.91,30.40999984741211,2026-06-27 00:09:27 CST,2026-06-27 00:09:27 CST
2018-12-27,,20.38,29.959999084472656,2026-06-27 00:09:27 CST,2026-06-27 00:09:27 CST
2018-12-28,,20.37,28.34000015258789,2026-06-27 00:09:27 CST,2026-06-27 00:09:27 CST
2018-12-31,,20.37,25.420000076293945,2026-06-27 00:09:27 CST,2026-06-27 00:09:27 CST
2019-01-01,,20.37,,2026-06-27 00:09:27 CST,2026-06-27 00:09:27 CST
2019-01-02,,21.4,23.219999313354492,2026-06-27 00:09:27 CST,2026-06-27 00:09:27 CST
2019-01-03,,21.03,25.450000762939453,2026-06-27 00:09:27 CST,2026-06-27 00:09:27 CST
2019-01-04,,20.45,21.3799991607666,2026-06-27 00:09:27 CST,2026-06-27 00:09:27 CST
2019-01-07,,18.46,21.399999618530273,2026-06-27 00:09:27 CST,2026-06-27 00:09:27 CST
2019-01-08,,17.94,20.469999313354492,2026-06-27 00:09:27 CST,2026-06-27 00:09:27 CST
2019-01-09,,16.74,19.979999542236328,2026-06-27 00:09:27 CST,2026-06-27 00:09:27 CST
2019-01-10,,16.69,19.5,2026-06-27 00:09:27 CST,2026-06-27 00:09:27 CST
2019-01-11,,16.6,18.190000534057617,2026-06-27 00:09:27 CST,2026-06-27 00:09:27 CST
2019-01-14,,16.79,19.06999969482422,2026-06-27 00:09:27 CST,2026-06-27 00:09:27 CST
2019-01-15,,15.91,18.600000381469727,2026-06-27 00:09:27 CST,2026-06-27 00:09:27 CST
2019-01-16,,15.98,19.040000915527344,2026-06-27 00:09:27 CST,2026-06-27 00:09:27 CST
2019-01-17,,15.8,18.059999465942383,2026-06-27 00:09:27 CST,2026-06-27 00:09:27 CST
2019-01-18,,14.9,17.799999237060547,2026-06-27 00:09:27 CST,2026-06-27 00:09:27 CST
2019-01-21,,15.46,,2026-06-27 00:09:27 CST,2026-06-27 00:09:27 CST
2019-01-22,,15.68,20.799999237060547,2026-06-27 00:09:27 CST,2026-06-27 00:09:27 CST
2019-01-23,,15.05,19.520000457763672,2026-06-27 00:09:27 CST,2026-06-27 00:09:27 CST
2019-01-24,,14.47,18.889999389648438,2026-06-27 00:09:27 CST,2026-06-27 00:09:27 CST
2019-01-25,,13.99,17.420000076293945,2026-06-27 00:09:27 CST,2026-06-27 00:09:27 CST
2019-01-28,,14.64,18.8700008392334,2026-06-27 00:09:27 CST,2026-06-27 00:09:27 CST
2019-01-29,,15.24,19.1299991607666,2026-06-27 00:09:27 CST,2026-06-27 00:09:27 CST
2019-01-30,,15.76,17.65999984741211,2026-06-27 00:09:27 CST,2026-06-27 00:09:27 CST
2019-01-31,,15.76,16.56999969482422,2026-06-27 00:09:27 CST,2026-06-27 00:09:27 CST
2019-02-01,,15.76,16.139999389648438,2026-06-27 00:09:27 CST,2026-06-27 00:09:27 CST
2019-02-04,,15.76,15.729999542236328,2026-06-27 00:09:27 CST,2026-06-27 00:09:27 CST
2019-02-05,,15.76,15.569999694824219,2026-06-27 00:09:27 CST,2026-06-27 00:09:27 CST
2019-02-06,,15.76,15.380000114440918,2026-06-27 00:09:27 CST,2026-06-27 00:09:27 CST
2019-02-07,,15.76,16.3700008392334,2026-06-27 00:09:27 CST,2026-06-27 00:09:27 CST
2019-02-08,,15.76,15.720000267028809,2026-06-27 00:09:27 CST,2026-06-27 00:09:27 CST
2019-02-11,,14.75,15.970000267028809,2026-06-27 00:09:27 CST,2026-06-27 00:09:27 CST
2019-02-12,,14.13,15.430000305175781,2026-06-27 00:09:27 CST,2026-06-27 00:09:27 CST
2019-02-13,,14.45,15.649999618530273,2026-06-27 00:09:27 CST,2026-06-27 00:09:27 CST
2019-02-14,,14.24,16.219999313354492,2026-06-27 00:09:27 CST,2026-06-27 00:09:27 CST
2019-02-15,,15.3,14.90999984741211,2026-06-27 00:09:27 CST,2026-06-27 00:09:27 CST
2019-02-18,,14.95,,2026-06-27 00:09:27 CST,2026-06-27 00:09:27 CST
2019-02-19,,14.84,14.880000114440918,2026-06-27 00:09:27 CST,2026-06-27 00:09:27 CST
2019-02-20,,13.96,14.020000457763672,2026-06-27 00:09:27 CST,2026-06-27 00:09:27 CST
2019-02-21,,13.27,14.460000038146973,2026-06-27 00:09:27 CST,2026-06-27 00:09:27 CST
2019-02-22,,13.05,13.510000228881836,2026-06-27 00:09:27 CST,2026-06-27 00:09:27 CST
2019-02-25,,12.71,14.850000381469727,2026-06-27 00:09:27 CST,2026-06-27 00:09:27 CST
2019-02-26,,13.29,15.170000076293945,2026-06-27 00:09:27 CST,2026-06-27 00:09:27 CST
2019-02-27,,12.77,14.699999809265137,2026-06-27 00:09:27 CST,2026-06-27 00:09:27 CST
2019-02-28,,12.77,14.779999732971191,2026-06-27 00:09:27 CST,2026-06-27 00:09:27 CST
2019-03-01,,12.77,13.569999694824219,2026-06-27 00:09:27 CST,2026-06-27 00:09:27 CST
2019-03-04,,13.51,14.630000114440918,2026-06-27 00:09:27 CST,2026-06-27 00:09:27 CST
2019-03-05,,13.77,14.739999771118164,2026-06-27 00:09:27 CST,2026-06-27 00:09:27 CST
2019-03-06,,13.39,15.739999771118164,2026-06-27 00:09:27 CST,2026-06-27 00:09:27 CST
2019-03-07,,14.16,16.59000015258789,2026-06-27 00:09:27 CST,2026-06-27 00:09:27 CST
2019-03-08,,14.21,16.049999237060547,2026-06-27 00:09:27 CST,2026-06-27 00:09:27 CST
2019-03-11,,14.13,14.329999923706055,2026-06-27 00:09:27 CST,2026-06-27 00:09:27 CST
2019-03-12,,12.71,13.770000457763672,2026-06-27 00:09:27 CST,2026-06-27 00:09:27 CST
2019-03-13,,12.78,13.40999984741211,2026-06-27 00:09:27 CST,2026-06-27 00:09:27 CST
2019-03-14,,12.86,13.5,2026-06-27 00:09:27 CST,2026-06-27 00:09:27 CST
2019-03-15,,11.66,12.880000114440918,2026-06-27 00:09:27 CST,2026-06-27 00:09:27 CST
2019-03-18,,12.54,13.100000381469727,2026-06-27 00:09:27 CST,2026-06-27 00:09:27 CST
2019-03-19,,12.46,13.5600004196167,2026-06-27 00:09:27 CST,2026-06-27 00:09:27 CST
2019-03-20,,12.75,13.90999984741211,2026-06-27 00:09:27 CST,2026-06-27 00:09:27 CST
2019-03-21,,12.41,13.630000114440918,2026-06-27 00:09:27 CST,2026-06-27 00:09:27 CST
2019-03-22,,11.99,16.479999542236328,2026-06-27 00:09:27 CST,2026-06-27 00:09:27 CST
2019-03-25,,14.27,16.329999923706055,2026-06-27 00:09:27 CST,2026-06-27 00:09:27 CST
2019-03-26,,13.42,14.680000305175781,2026-06-27 00:09:27 CST,2026-06-27 00:09:27 CST
2019-03-27,,13.35,15.149999618530273,2026-06-27 00:09:27 CST,2026-06-27 00:09:27 CST
2019-03-28,,13.6,14.430000305175781,2026-06-27 00:09:27 CST,2026-06-27 00:09:27 CST
2019-03-29,,13.39,13.710000038146973,2026-06-27 00:09:27 CST,2026-06-27 00:09:27 CST
2019-04-01,,13.64,13.399999618530273,2026-06-27 00:09:27 CST,2026-06-27 00:09:27 CST
2019-04-02,,13.32,13.359999656677246,2026-06-27 00:09:27 CST,2026-06-27 00:09:27 CST
2019-04-03,,13.06,13.739999771118164,2026-06-27 00:09:27 CST,2026-06-27 00:09:27 CST
2019-04-04,,,13.579999923706055,2026-06-27 00:09:27 CST,2026-06-27 00:09:27 CST
2019-04-05,,,12.819999694824219,2026-06-27 00:09:27 CST,2026-06-27 00:09:27 CST
2019-04-08,,13.75,13.180000305175781,2026-06-27 00:09:27 CST,2026-06-27 00:09:27 CST
2019-04-09,,13.13,14.279999732971191,2026-06-27 00:09:27 CST,2026-06-27 00:09:27 CST
2019-04-10,,13.12,13.300000190734863,2026-06-27 00:09:27 CST,2026-06-27 00:09:27 CST
2019-04-11,,13.43,13.020000457763672,2026-06-27 00:09:27 CST,2026-06-27 00:09:27 CST
2019-04-12,,13.13,12.010000228881836,2026-06-27 00:09:27 CST,2026-06-27 00:09:27 CST
2019-04-15,,12.88,12.319999694824219,2026-06-27 00:09:27 CST,2026-06-27 00:09:27 CST
2019-04-16,,12.66,12.180000305175781,2026-06-27 00:09:27 CST,2026-06-27 00:09:27 CST
2019-04-17,,12.96,12.600000381469727,2026-06-27 00:09:27 CST,2026-06-27 00:09:27 CST
2019-04-18,,13.67,12.09000015258789,2026-06-27 00:09:27 CST,2026-06-27 00:09:27 CST
2019-04-19,,12.91,,2026-06-27 00:09:27 CST,2026-06-27 00:09:27 CST
2019-04-22,,13.49,12.420000076293945,2026-06-27 00:09:27 CST,2026-06-27 00:09:27 CST
2019-04-23,,13.09,12.279999732971191,2026-06-27 00:09:27 CST,2026-06-27 00:09:27 CST
2019-04-24,,13.3,13.140000343322754,2026-06-27 00:09:27 CST,2026-06-27 00:09:27 CST
2019-04-25,,13.03,13.25,2026-06-27 00:09:27 CST,2026-06-27 00:09:27 CST
2019-04-26,,13.57,12.729999542236328,2026-06-27 00:09:27 CST,2026-06-27 00:09:27 CST
2019-04-29,,14.4,13.109999656677246,2026-06-27 00:09:27 CST,2026-06-27 00:09:27 CST
2019-04-30,,13.75,13.119999885559082,2026-06-27 00:09:27 CST,2026-06-27 00:09:27 CST
2019-05-01,,,14.800000190734863,2026-06-27 00:09:27 CST,2026-06-27 00:09:27 CST
2019-05-02,,13.03,14.420000076293945,2026-06-27 00:09:27 CST,2026-06-27 00:09:27 CST
2019-05-03,,12.41,12.869999885559082,2026-06-27 00:09:27 CST,2026-06-27 00:09:27 CST
2019-05-06,,16.45,15.4399995803833,2026-06-27 00:09:27 CST,2026-06-27 00:09:27 CST
2019-05-07,,15.8,19.31999969482422,2026-06-27 00:09:27 CST,2026-06-27 00:09:27 CST
2019-05-08,,16.28,19.399999618530273,2026-06-27 00:09:27 CST,2026-06-27 00:09:27 CST
2019-05-09,,18.33,19.100000381469727,2026-06-27 00:09:27 CST,2026-06-27 00:09:27 CST
2019-05-10,,18.6,16.040000915527344,2026-06-27 00:09:27 CST,2026-06-27 00:09:27 CST
2019-05-13,,19.48,20.549999237060547,2026-06-27 00:09:27 CST,2026-06-27 00:09:27 CST
2019-05-14,,18.44,18.059999465942383,2026-06-27 00:09:27 CST,2026-06-27 00:09:27 CST
2019-05-15,,16.05,16.440000534057617,2026-06-27 00:09:27 CST,2026-06-27 00:09:27 CST
2019-05-16,,16.31,15.289999961853027,2026-06-27 00:09:27 CST,2026-06-27 00:09:27 CST
2019-05-17,,16.65,15.960000038146973,2026-06-27 00:09:27 CST,2026-06-27 00:09:27 CST
2019-05-20,,16.03,16.309999465942383,2026-06-27 00:09:27 CST,2026-06-27 00:09:27 CST
2019-05-21,,15.22,14.949999809265137,2026-06-27 00:09:27 CST,2026-06-27 00:09:27 CST
2019-05-22,,14.76,14.75,2026-06-27 00:09:27 CST,2026-06-27 00:09:27 CST
2019-05-23,,16.32,16.920000076293945,2026-06-27 00:09:27 CST,2026-06-27 00:09:27 CST
2019-05-24,,16.21,15.850000381469727,2026-06-27 00:09:27 CST,2026-06-27 00:09:27 CST
2019-05-27,,16.12,,2026-06-27 00:09:27 CST,2026-06-27 00:09:27 CST
2019-05-28,,16.02,17.5,2026-06-27 00:09:27 CST,2026-06-27 00:09:27 CST
2019-05-29,,16.11,17.899999618530273,2026-06-27 00:09:27 CST,2026-06-27 00:09:27 CST
2019-05-30,,15.69,17.299999237060547,2026-06-27 00:09:27 CST,2026-06-27 00:09:27 CST
2019-05-31,,16.01,18.709999084472656,2026-06-27 00:09:27 CST,2026-06-27 00:09:27 CST
2019-06-03,,16.41,18.860000610351562,2026-06-27 00:09:27 CST,2026-06-27 00:09:27 CST
2019-06-04,,16.41,16.969999313354492,2026-06-27 00:09:27 CST,2026-06-27 00:09:27 CST
2019-06-05,,15.93,16.09000015258789,2026-06-27 00:09:27 CST,2026-06-27 00:09:27 CST
2019-06-06,,15.58,15.930000305175781,2026-06-27 00:09:27 CST,2026-06-27 00:09:27 CST
2019-06-07,,,16.299999237060547,2026-06-27 00:09:27 CST,2026-06-27 00:09:27 CST
2019-06-10,,14.67,15.9399995803833,2026-06-27 00:09:27 CST,2026-06-27 00:09:27 CST
2019-06-11,,14.19,15.989999771118164,2026-06-27 00:09:27 CST,2026-06-27 00:09:27 CST
2019-06-12,,14.14,15.90999984741211,2026-06-27 00:09:27 CST,2026-06-27 00:09:27 CST
2019-06-13,,14.45,15.819999694824219,2026-06-27 00:09:27 CST,2026-06-27 00:09:27 CST
2019-06-14,,14.52,15.279999732971191,2026-06-27 00:09:27 CST,2026-06-27 00:09:27 CST
2019-06-17,,14.47,15.350000381469727,2026-06-27 00:09:27 CST,2026-06-27 00:09:27 CST
2019-06-18,,14.08,15.149999618530273,2026-06-27 00:09:27 CST,2026-06-27 00:09:27 CST
2019-06-19,,13.87,14.329999923706055,2026-06-27 00:09:27 CST,2026-06-27 00:09:27 CST
2019-06-20,,13.44,14.75,2026-06-27 00:09:27 CST,2026-06-27 00:09:27 CST
2019-06-21,,14.38,15.399999618530273,2026-06-27 00:09:27 CST,2026-06-27 00:09:27 CST
2019-06-24,,14.46,15.260000228881836,2026-06-27 00:09:27 CST,2026-06-27 00:09:27 CST
2019-06-25,,14.66,16.280000686645508,2026-06-27 00:09:27 CST,2026-06-27 00:09:27 CST
2019-06-26,,15.06,16.209999084472656,2026-06-27 00:09:27 CST,2026-06-27 00:09:27 CST
2019-06-27,,14.62,15.819999694824219,2026-06-27 00:09:27 CST,2026-06-27 00:09:27 CST
2019-06-28,,14.88,15.079999923706055,2026-06-27 00:09:27 CST,2026-06-27 00:09:27 CST
2019-07-01,,13.34,14.0600004196167,2026-06-27 00:09:27 CST,2026-06-27 00:09:27 CST
2019-07-02,,13.05,12.930000305175781,2026-06-27 00:09:27 CST,2026-06-27 00:09:27 CST
2019-07-03,,13.63,12.569999694824219,2026-06-27 00:09:27 CST,2026-06-27 00:09:27 CST
2019-07-04,,12.86,,2026-06-27 00:09:27 CST,2026-06-27 00:09:27 CST
2019-07-05,,12.76,13.279999732971191,2026-06-27 00:09:27 CST,2026-06-27 00:09:27 CST
2019-07-08,,13.35,13.960000038146973,2026-06-27 00:09:27 CST,2026-06-27 00:09:27 CST
2019-07-09,,12.83,14.09000015258789,2026-06-27 00:09:27 CST,2026-06-27 00:09:27 CST
2019-07-10,,12.17,13.029999732971191,2026-06-27 00:09:27 CST,2026-06-27 00:09:27 CST
2019-07-11,,12.14,12.930000305175781,2026-06-27 00:09:27 CST,2026-06-27 00:09:27 CST
2019-07-12,,12.01,12.390000343322754,2026-06-27 00:09:27 CST,2026-06-27 00:09:27 CST
2019-07-15,,11.73,12.680000305175781,2026-06-27 00:09:27 CST,2026-06-27 00:09:27 CST
2019-07-16,,11.76,12.859999656677246,2026-06-27 00:09:27 CST,2026-06-27 00:09:27 CST
2019-07-17,,12.32,13.970000267028809,2026-06-27 00:09:27 CST,2026-06-27 00:09:27 CST
2019-07-18,,12.33,13.529999732971191,2026-06-27 00:09:27 CST,2026-06-27 00:09:27 CST
2019-07-19,,11.58,14.449999809265137,2026-06-27 00:09:27 CST,2026-06-27 00:09:27 CST
2019-07-22,,12.26,13.529999732971191,2026-06-27 00:09:27 CST,2026-06-27 00:09:27 CST
2019-07-23,,12.06,12.609999656677246,2026-06-27 00:09:27 CST,2026-06-27 00:09:27 CST
2019-07-24,,12.17,12.069999694824219,2026-06-27 00:09:27 CST,2026-06-27 00:09:27 CST
2019-07-25,,12.2,12.739999771118164,2026-06-27 00:09:27 CST,2026-06-27 00:09:27 CST
2019-07-26,,12.62,12.15999984741211,2026-06-27 00:09:27 CST,2026-06-27 00:09:27 CST
2019-07-29,,13.41,12.829999923706055,2026-06-27 00:09:27 CST,2026-06-27 00:09:27 CST
2019-07-30,,13.49,13.9399995803833,2026-06-27 00:09:27 CST,2026-06-27 00:09:27 CST
2019-07-31,,13.52,16.1200008392334,2026-06-27 00:09:27 CST,2026-06-27 00:09:27 CST
2019-08-01,,13.71,17.8700008392334,2026-06-27 00:09:27 CST,2026-06-27 00:09:27 CST
2019-08-02,,16.18,17.610000610351562,2026-06-27 00:09:27 CST,2026-06-27 00:09:27 CST
2019-08-05,,18.15,24.59000015258789,2026-06-27 00:09:27 CST,2026-06-27 00:09:27 CST
2019-08-06,,18.17,20.170000076293945,2026-06-27 00:09:27 CST,2026-06-27 00:09:27 CST
2019-08-07,,17.59,19.489999771118164,2026-06-27 00:09:27 CST,2026-06-27 00:09:27 CST
2019-08-08,,16.28,16.90999984741211,2026-06-27 00:09:27 CST,2026-06-27 00:09:27 CST
2019-08-09,,,17.969999313354492,2026-06-27 00:09:27 CST,2026-06-27 00:09:27 CST
2019-08-12,,15.75,21.09000015258789,2026-06-27 00:09:27 CST,2026-06-27 00:09:27 CST
2019-08-13,,16.57,17.520000457763672,2026-06-27 00:09:27 CST,2026-06-27 00:09:27 CST
2019-08-14,,15.99,22.100000381469727,2026-06-27 00:09:27 CST,2026-06-27 00:09:27 CST
2019-08-15,,17.55,21.18000030517578,2026-06-27 00:09:27 CST,2026-06-27 00:09:27 CST
2019-08-16,,16.99,18.469999313354492,2026-06-27 00:09:27 CST,2026-06-27 00:09:27 CST
2019-08-19,,16.04,16.8799991607666,2026-06-27 00:09:27 CST,2026-06-27 00:09:27 CST
2019-08-20,,15.01,17.5,2026-06-27 00:09:27 CST,2026-06-27 00:09:27 CST
2019-08-21,,14.99,15.800000190734863,2026-06-27 00:09:27 CST,2026-06-27 00:09:27 CST
2019-08-22,,15.01,16.68000030517578,2026-06-27 00:09:27 CST,2026-06-27 00:09:27 CST
2019-08-23,,14.42,19.8700008392334,2026-06-27 00:09:27 CST,2026-06-27 00:09:27 CST
2019-08-26,,17.92,19.31999969482422,2026-06-27 00:09:27 CST,2026-06-27 00:09:27 CST
2019-08-27,,16.32,20.309999465942383,2026-06-27 00:09:27 CST,2026-06-27 00:09:27 CST
2019-08-28,,16.01,19.350000381469727,2026-06-27 00:09:27 CST,2026-06-27 00:09:27 CST
2019-08-29,,15.63,17.8799991607666,2026-06-27 00:09:27 CST,2026-06-27 00:09:27 CST
2019-08-30,,14.41,18.979999542236328,2026-06-27 00:09:27 CST,2026-06-27 00:09:27 CST
2019-09-02,,13.78,,2026-06-27 00:09:27 CST,2026-06-27 00:09:27 CST
2019-09-03,,14.5,19.65999984741211,2026-06-27 00:09:27 CST,2026-06-27 00:09:27 CST
2019-09-04,,13.52,17.329999923706055,2026-06-27 00:09:27 CST,2026-06-27 00:09:27 CST
2019-09-05,,13.65,16.270000457763672,2026-06-27 00:09:27 CST,2026-06-27 00:09:27 CST
2019-09-06,,13.24,15.0,2026-06-27 00:09:27 CST,2026-06-27 00:09:27 CST
2019-09-09,,13.25,15.270000457763672,2026-06-27 00:09:27 CST,2026-06-27 00:09:27 CST
2019-09-10,,13.45,15.199999809265137,2026-06-27 00:09:27 CST,2026-06-27 00:09:27 CST
2019-09-11,,13.38,14.609999656677246,2026-06-27 00:09:27 CST,2026-06-27 00:09:27 CST
2019-09-12,,13.35,14.220000267028809,2026-06-27 00:09:27 CST,2026-06-27 00:09:27 CST
2019-09-13,,,13.739999771118164,2026-06-27 00:09:27 CST,2026-06-27 00:09:27 CST
2019-09-16,,13.88,14.670000076293945,2026-06-27 00:09:27 CST,2026-06-27 00:09:27 CST
2019-09-17,,13.61,14.4399995803833,2026-06-27 00:09:27 CST,2026-06-27 00:09:27 CST
2019-09-18,,13.64,13.949999809265137,2026-06-27 00:09:27 CST,2026-06-27 00:09:27 CST
2019-09-19,,13.7,14.050000190734863,2026-06-27 00:09:27 CST,2026-06-27 00:09:27 CST
2019-09-20,,13.7,15.319999694824219,2026-06-27 00:09:27 CST,2026-06-27 00:09:27 CST
2019-09-23,,14.74,14.90999984741211,2026-06-27 00:09:27 CST,2026-06-27 00:09:27 CST
2019-09-24,,14.65,17.049999237060547,2026-06-27 00:09:27 CST,2026-06-27 00:09:27 CST
2019-09-25,,14.61,15.960000038146973,2026-06-27 00:09:27 CST,2026-06-27 00:09:27 CST
2019-09-26,,14.55,16.06999969482422,2026-06-27 00:09:27 CST,2026-06-27 00:09:27 CST
2019-09-27,,14.5,17.219999313354492,2026-06-27 00:09:27 CST,2026-06-27 00:09:27 CST
2019-09-30,,,16.239999771118164,2026-06-27 00:09:27 CST,2026-06-27 00:09:27 CST
2019-10-01,,13.62,18.559999465942383,2026-06-27 00:09:27 CST,2026-06-27 00:09:27 CST
2019-10-02,,14.69,20.559999465942383,2026-06-27 00:09:27 CST,2026-06-27 00:09:27 CST
2019-10-03,,15.54,19.1200008392334,2026-06-27 00:09:27 CST,2026-06-27 00:09:27 CST
2019-10-04,,14.46,17.040000915527344,2026-06-27 00:09:27 CST,2026-06-27 00:09:27 CST
2019-10-07,,14.43,17.860000610351562,2026-06-27 00:09:27 CST,2026-06-27 00:09:27 CST
2019-10-08,,14.07,20.280000686645508,2026-06-27 00:09:27 CST,2026-06-27 00:09:27 CST
2019-10-09,,15.15,18.639999389648438,2026-06-27 00:09:27 CST,2026-06-27 00:09:27 CST
2019-10-10,,,17.56999969482422,2026-06-27 00:09:27 CST,2026-06-27 00:09:27 CST
2019-10-11,,,15.579999923706055,2026-06-27 00:09:27 CST,2026-06-27 00:09:27 CST
2019-10-14,,13.27,14.569999694824219,2026-06-27 00:09:27 CST,2026-06-27 00:09:27 CST
2019-10-15,,12.7,13.539999961853027,2026-06-27 00:09:27 CST,2026-06-27 00:09:27 CST
2019-10-16,,12.92,13.680000305175781,2026-06-27 00:09:27 CST,2026-06-27 00:09:27 CST
2019-10-17,,12.54,13.789999961853027,2026-06-27 00:09:27 CST,2026-06-27 00:09:27 CST
2019-10-18,,12.49,14.25,2026-06-27 00:09:27 CST,2026-06-27 00:09:27 CST
2019-10-21,,13.02,14.0,2026-06-27 00:09:27 CST,2026-06-27 00:09:27 CST
2019-10-22,,12.06,14.460000038146973,2026-06-27 00:09:27 CST,2026-06-27 00:09:27 CST
2019-10-23,,12.16,14.010000228881836,2026-06-27 00:09:27 CST,2026-06-27 00:09:27 CST
2019-10-24,,11.56,13.710000038146973,2026-06-27 00:09:27 CST,2026-06-27 00:09:27 CST
2019-10-25,,11.84,12.649999618530273,2026-06-27 00:09:27 CST,2026-06-27 00:09:27 CST
2019-10-28,,11.99,13.109999656677246,2026-06-27 00:09:27 CST,2026-06-27 00:09:27 CST
2019-10-29,,12.14,13.199999809265137,2026-06-27 00:09:27 CST,2026-06-27 00:09:27 CST
2019-10-30,,12.19,12.329999923706055,2026-06-27 00:09:27 CST,2026-06-27 00:09:27 CST
2019-10-31,,12.25,13.220000267028809,2026-06-27 00:09:27 CST,2026-06-27 00:09:27 CST
2019-11-01,,11.93,12.300000190734863,2026-06-27 00:09:27 CST,2026-06-27 00:09:27 CST
2019-11-04,,13.05,12.829999923706055,2026-06-27 00:09:27 CST,2026-06-27 00:09:27 CST
2019-11-05,,14.1,13.100000381469727,2026-06-27 00:09:27 CST,2026-06-27 00:09:27 CST
2019-11-06,,14.35,12.619999885559082,2026-06-27 00:09:27 CST,2026-06-27 00:09:27 CST
2019-11-07,,13.3,12.729999542236328,2026-06-27 00:09:27 CST,2026-06-27 00:09:27 CST
2019-11-08,,13.36,12.069999694824219,2026-06-27 00:09:27 CST,2026-06-27 00:09:27 CST
2019-11-11,,14.49,12.6899995803833,2026-06-27 00:09:27 CST,2026-06-27 00:09:27 CST
2019-11-12,,13.68,12.680000305175781,2026-06-27 00:09:27 CST,2026-06-27 00:09:27 CST
2019-11-13,,14.07,13.0,2026-06-27 00:09:27 CST,2026-06-27 00:09:27 CST
2019-11-14,,13.82,13.050000190734863,2026-06-27 00:09:27 CST,2026-06-27 00:09:27 CST
2019-11-15,,13.15,12.050000190734863,2026-06-27 00:09:27 CST,2026-06-27 00:09:27 CST
2019-11-18,,13.57,12.460000038146973,2026-06-27 00:09:27 CST,2026-06-27 00:09:27 CST
2019-11-19,,13.56,12.859999656677246,2026-06-27 00:09:27 CST,2026-06-27 00:09:27 CST
2019-11-20,,13.69,12.779999732971191,2026-06-27 00:09:27 CST,2026-06-27 00:09:27 CST
2019-11-21,,14.28,13.130000114440918,2026-06-27 00:09:27 CST,2026-06-27 00:09:27 CST
2019-11-22,,13.46,12.34000015258789,2026-06-27 00:09:27 CST,2026-06-27 00:09:27 CST
2019-11-25,,13.93,11.869999885559082,2026-06-27 00:09:27 CST,2026-06-27 00:09:27 CST
2019-11-26,,13.42,11.539999961853027,2026-06-27 00:09:27 CST,2026-06-27 00:09:27 CST
2019-11-27,,13.22,11.75,2026-06-27 00:09:27 CST,2026-06-27 00:09:27 CST
2019-11-28,,13.4,,2026-06-27 00:09:27 CST,2026-06-27 00:09:27 CST
2019-11-29,,14.84,12.619999885559082,2026-06-27 00:09:27 CST,2026-06-27 00:09:27 CST
2019-12-02,,14.44,14.90999984741211,2026-06-27 00:09:27 CST,2026-06-27 00:09:27 CST
2019-12-03,,14.08,15.960000038146973,2026-06-27 00:09:27 CST,2026-06-27 00:09:27 CST
2019-12-04,,14.32,14.800000190734863,2026-06-27 00:09:27 CST,2026-06-27 00:09:27 CST
2019-12-05,,13.49,14.520000457763672,2026-06-27 00:09:27 CST,2026-06-27 00:09:27 CST
2019-12-06,,13.03,13.619999885559082,2026-06-27 00:09:27 CST,2026-06-27 00:09:27 CST
2019-12-09,,13.57,15.859999656677246,2026-06-27 00:09:27 CST,2026-06-27 00:09:27 CST
2019-12-10,,14.11,15.680000305175781,2026-06-27 00:09:27 CST,2026-06-27 00:09:27 CST
2019-12-11,,13.43,14.989999771118164,2026-06-27 00:09:27 CST,2026-06-27 00:09:27 CST
2019-12-12,,13.9,13.9399995803833,2026-06-27 00:09:27 CST,2026-06-27 00:09:27 CST
2019-12-13,,14.35,12.630000114440918,2026-06-27 00:09:27 CST,2026-06-27 00:09:27 CST
2019-12-16,,14.21,12.140000343322754,2026-06-27 00:09:27 CST,2026-06-27 00:09:27 CST
2019-12-17,,14.22,12.289999961853027,2026-06-27 00:09:27 CST,2026-06-27 00:09:27 CST
2019-12-18,,14.6,12.579999923706055,2026-06-27 00:09:27 CST,2026-06-27 00:09:27 CST
2019-12-19,,14.51,12.5,2026-06-27 00:09:27 CST,2026-06-27 00:09:27 CST
2019-12-20,,14.19,12.510000228881836,2026-06-27 00:09:27 CST,2026-06-27 00:09:27 CST
2019-12-23,,14.47,12.609999656677246,2026-06-27 00:09:27 CST,2026-06-27 00:09:27 CST
2019-12-24,,14.41,12.670000076293945,2026-06-27 00:09:27 CST,2026-06-27 00:09:27 CST
2019-12-25,,14.14,,2026-06-27 00:09:27 CST,2026-06-27 00:09:27 CST
2019-12-26,,14.25,12.649999618530273,2026-06-27 00:09:27 CST,2026-06-27 00:09:27 CST
2019-12-27,,14.04,13.430000305175781,2026-06-27 00:09:27 CST,2026-06-27 00:09:27 CST
2019-12-30,,14.43,14.819999694824219,2026-06-27 00:09:27 CST,2026-06-27 00:09:27 CST
2019-12-31,,14.71,13.779999732971191,2026-06-27 00:09:27 CST,2026-06-27 00:09:27 CST
2020-01-02,,14.32,12.470000267028809,2026-06-27 00:09:27 CST,2026-06-27 00:09:27 CST
2020-01-03,,14.81,14.020000457763672,2026-06-27 00:09:27 CST,2026-06-27 00:09:27 CST
2020-01-06,,15.04,13.850000381469727,2026-06-27 00:09:27 CST,2026-06-27 00:09:27 CST
2020-01-07,,14.34,13.789999961853027,2026-06-27 00:09:27 CST,2026-06-27 00:09:27 CST
2020-01-08,,15.24,13.449999809265137,2026-06-27 00:09:27 CST,2026-06-27 00:09:27 CST
2020-01-09,,13.02,12.539999961853027,2026-06-27 00:09:27 CST,2026-06-27 00:09:27 CST
2020-01-10,,12.98,12.5600004196167,2026-06-27 00:09:27 CST,2026-06-27 00:09:27 CST
2020-01-13,,11.26,12.319999694824219,2026-06-27 00:09:27 CST,2026-06-27 00:09:27 CST
2020-01-14,,11.64,12.390000343322754,2026-06-27 00:09:27 CST,2026-06-27 00:09:27 CST
2020-01-15,,11.86,12.420000076293945,2026-06-27 00:09:27 CST,2026-06-27 00:09:27 CST
2020-01-16,,11.94,12.319999694824219,2026-06-27 00:09:27 CST,2026-06-27 00:09:27 CST
2020-01-17,,11.92,12.100000381469727,2026-06-27 00:09:27 CST,2026-06-27 00:09:27 CST
2020-01-20,,12.57,,2026-06-27 00:09:27 CST,2026-06-27 00:09:27 CST
2020-01-21,,,12.850000381469727,2026-06-27 00:09:27 CST,2026-06-27 00:09:27 CST
2020-01-22,,,12.90999984741211,2026-06-27 00:09:27 CST,2026-06-27 00:09:27 CST
2020-01-23,,,12.979999542236328,2026-06-27 00:09:27 CST,2026-06-27 00:09:27 CST
2020-01-24,,,14.5600004196167,2026-06-27 00:09:27 CST,2026-06-27 00:09:27 CST
2020-01-27,,,18.229999542236328,2026-06-27 00:09:27 CST,2026-06-27 00:09:27 CST
2020-01-28,,,16.280000686645508,2026-06-27 00:09:27 CST,2026-06-27 00:09:27 CST
2020-01-29,,,16.389999389648438,2026-06-27 00:09:27 CST,2026-06-27 00:09:27 CST
2020-01-30,,19.81,15.489999771118164,2026-06-27 00:09:27 CST,2026-06-27 00:09:27 CST
2020-01-31,,19.15,18.84000015258789,2026-06-27 00:09:27 CST,2026-06-27 00:09:27 CST
2020-02-03,,20.26,17.969999313354492,2026-06-27 00:09:27 CST,2026-06-27 00:09:27 CST
2020-02-04,,18.76,16.049999237060547,2026-06-27 00:09:27 CST,2026-06-27 00:09:27 CST
2020-02-05,,18.65,15.149999618530273,2026-06-27 00:09:27 CST,2026-06-27 00:09:27 CST
2020-02-06,,17.96,14.960000038146973,2026-06-27 00:09:27 CST,2026-06-27 00:09:27 CST
2020-02-07,,18.78,15.470000267028809,2026-06-27 00:09:27 CST,2026-06-27 00:09:27 CST
2020-02-10,,19.33,15.039999961853027,2026-06-27 00:09:27 CST,2026-06-27 00:09:27 CST
2020-02-11,,17.53,15.180000305175781,2026-06-27 00:09:27 CST,2026-06-27 00:09:27 CST
2020-02-12,,16.43,13.739999771118164,2026-06-27 00:09:27 CST,2026-06-27 00:09:27 CST
2020-02-13,,16.52,14.149999618530273,2026-06-27 00:09:27 CST,2026-06-27 00:09:27 CST
2020-02-14,,15.75,13.680000305175781,2026-06-27 00:09:27 CST,2026-06-27 00:09:27 CST
2020-02-17,,16.2,,2026-06-27 00:09:27 CST,2026-06-27 00:09:27 CST
2020-02-18,,17.14,14.829999923706055,2026-06-27 00:09:27 CST,2026-06-27 00:09:27 CST
2020-02-19,,15.85,14.380000114440918,2026-06-27 00:09:27 CST,2026-06-27 00:09:27 CST
2020-02-20,,15.7,15.5600004196167,2026-06-27 00:09:27 CST,2026-06-27 00:09:27 CST
2020-02-21,,16.72,17.079999923706055,2026-06-27 00:09:27 CST,2026-06-27 00:09:27 CST
2020-02-24,,18.43,25.030000686645508,2026-06-27 00:09:27 CST,2026-06-27 00:09:27 CST
2020-02-25,,18.52,27.850000381469727,2026-06-27 00:09:27 CST,2026-06-27 00:09:27 CST
2020-02-26,,20.0,27.559999465942383,2026-06-27 00:09:27 CST,2026-06-27 00:09:27 CST
2020-02-27,,22.92,39.15999984741211,2026-06-27 00:09:27 CST,2026-06-27 00:09:27 CST
2020-02-28,,,40.11000061035156,2026-06-27 00:09:27 CST,2026-06-27 00:09:27 CST
2020-03-02,,25.25,33.41999816894531,2026-06-27 00:09:27 CST,2026-06-27 00:09:27 CST
2020-03-03,,22.91,36.81999969482422,2026-06-27 00:09:27 CST,2026-06-27 00:09:27 CST
2020-03-04,,22.55,31.989999771118164,2026-06-27 00:09:27 CST,2026-06-27 00:09:27 CST
2020-03-05,,19.37,39.619998931884766,2026-06-27 00:09:27 CST,2026-06-27 00:09:27 CST
2020-03-06,,22.93,41.939998626708984,2026-06-27 00:09:27 CST,2026-06-27 00:09:27 CST
2020-03-09,,28.36,54.459999084472656,2026-06-27 00:09:27 CST,2026-06-27 00:09:27 CST
2020-03-10,,26.75,47.29999923706055,2026-06-27 00:09:27 CST,2026-06-27 00:09:27 CST
2020-03-11,,29.49,53.900001525878906,2026-06-27 00:09:27 CST,2026-06-27 00:09:27 CST
2020-03-12,,33.27,75.47000122070312,2026-06-27 00:09:27 CST,2026-06-27 00:09:27 CST
2020-03-13,,39.76,57.83000183105469,2026-06-27 00:09:27 CST,2026-06-27 00:09:27 CST
2020-03-16,,44.65,82.69000244140625,2026-06-27 00:09:27 CST,2026-06-27 00:09:27 CST
2020-03-17,,48.54,75.91000366210938,2026-06-27 00:09:27 CST,2026-06-27 00:09:27 CST
2020-03-18,,47.85,76.44999694824219,2026-06-27 00:09:27 CST,2026-06-27 00:09:27 CST
2020-03-19,,51.14,72.0,2026-06-27 00:09:27 CST,2026-06-27 00:09:27 CST
2020-03-20,,51.66,66.04000091552734,2026-06-27 00:09:27 CST,2026-06-27 00:09:27 CST
2020-03-23,,53.84,61.59000015258789,2026-06-27 00:09:27 CST,2026-06-27 00:09:27 CST
2020-03-24,,44.78,61.66999816894531,2026-06-27 00:09:27 CST,2026-06-27 00:09:27 CST
2020-03-25,,42.43,63.95000076293945,2026-06-27 00:09:27 CST,2026-06-27 00:09:27 CST
2020-03-26,,44.0,61.0,2026-06-27 00:09:27 CST,2026-06-27 00:09:27 CST
2020-03-27,,45.12,65.54000091552734,2026-06-27 00:09:27 CST,2026-06-27 00:09:27 CST
2020-03-30,,44.59,57.08000183105469,2026-06-27 00:09:27 CST,2026-06-27 00:09:27 CST
2020-03-31,,44.65,53.540000915527344,2026-06-27 00:09:27 CST,2026-06-27 00:09:27 CST
2020-04-01,,42.41,57.060001373291016,2026-06-27 00:09:27 CST,2026-06-27 00:09:27 CST
2020-04-02,,42.41,50.90999984741211,2026-06-27 00:09:27 CST,2026-06-27 00:09:27 CST
2020-04-03,,42.41,46.79999923706055,2026-06-27 00:09:27 CST,2026-06-27 00:09:27 CST
2020-04-04,,42.41,,2026-06-27 00:09:27 CST,2026-06-27 00:09:27 CST
2020-04-05,,42.41,,2026-06-27 00:09:27 CST,2026-06-27 00:09:27 CST
2020-04-06,,35.81,45.2400016784668,2026-06-27 00:09:27 CST,2026-06-27 00:09:27 CST
2020-04-07,,33.25,46.70000076293945,2026-06-27 00:09:27 CST,2026-06-27 00:09:27 CST
2020-04-08,,33.73,43.349998474121094,2026-06-27 00:09:27 CST,2026-06-27 00:09:27 CST
2020-04-09,,32.91,41.66999816894531,2026-06-27 00:09:27 CST,2026-06-27 00:09:27 CST
2020-04-10,,30.9,,2026-06-27 00:09:27 CST,2026-06-27 00:09:27 CST
2020-04-11,,30.9,,2026-06-27 00:09:27 CST,2026-06-27 00:09:27 CST
2020-04-12,,30.9,,2026-06-27 00:09:27 CST,2026-06-27 00:09:27 CST
2020-04-13,,32.54,41.16999816894531,2026-06-27 00:09:27 CST,2026-06-27 00:09:27 CST
2020-04-14,,29.38,37.7599983215332,2026-06-27 00:09:27 CST,2026-06-27 00:09:27 CST
2020-04-15,,26.84,40.84000015258789,2026-06-27 00:09:27 CST,2026-06-27 00:09:27 CST
2020-04-16,,28.22,40.11000061035156,2026-06-27 00:09:27 CST,2026-06-27 00:09:27 CST
2020-04-17,,27.04,38.150001525878906,2026-06-27 00:09:27 CST,2026-06-27 00:09:27 CST
2020-04-18,,27.04,,2026-06-27 00:09:27 CST,2026-06-27 00:09:27 CST
2020-04-19,,27.04,,2026-06-27 00:09:27 CST,2026-06-27 00:09:27 CST
2020-04-20,,28.65,43.83000183105469,2026-06-27 00:09:27 CST,2026-06-27 00:09:27 CST
2020-04-21,,33.96,45.40999984741211,2026-06-27 00:09:27 CST,2026-06-27 00:09:27 CST
2020-04-22,,33.46,41.97999954223633,2026-06-27 00:09:27 CST,2026-06-27 00:09:27 CST
2020-04-23,,31.45,41.380001068115234,2026-06-27 00:09:27 CST,2026-06-27 00:09:27 CST
2020-04-24,,30.97,35.93000030517578,2026-06-27 00:09:27 CST,2026-06-27 00:09:27 CST
2020-04-25,,30.97,,2026-06-27 00:09:27 CST,2026-06-27 00:09:27 CST
2020-04-26,,30.97,,2026-06-27 00:09:27 CST,2026-06-27 00:09:27 CST
2020-04-27,,28.77,33.290000915527344,2026-06-27 00:09:27 CST,2026-06-27 00:09:27 CST
2020-04-28,,27.9,33.56999969482422,2026-06-27 00:09:27 CST,2026-06-27 00:09:27 CST
2020-04-29,,27.32,31.229999542236328,2026-06-27 00:09:27 CST,2026-06-27 00:09:27 CST
2020-04-30,,29.06,34.150001525878906,2026-06-27 00:09:27 CST,2026-06-27 00:09:27 CST
2020-05-01,,29.06,37.189998626708984,2026-06-27 00:09:27 CST,2026-06-27 00:09:27 CST
2020-05-02,,29.06,,2026-06-27 00:09:27 CST,2026-06-27 00:09:27 CST
2020-05-03,,29.06,,2026-06-27 00:09:27 CST,2026-06-27 00:09:27 CST
2020-05-04,,34.29,35.970001220703125,2026-06-27 00:09:27 CST,2026-06-27 00:09:27 CST
2020-05-05,,32.53,33.61000061035156,2026-06-27 00:09:27 CST,2026-06-27 00:09:27 CST
2020-05-06,,31.74,34.119998931884766,2026-06-27 00:09:27 CST,2026-06-27 00:09:27 CST
2020-05-07,,29.62,31.440000534057617,2026-06-27 00:09:27 CST,2026-06-27 00:09:27 CST
2020-05-08,,28.33,27.979999542236328,2026-06-27 00:09:27 CST,2026-06-27 00:09:27 CST
2020-05-09,,28.33,,2026-06-27 00:09:27 CST,2026-06-27 00:09:27 CST
2020-05-10,,28.33,,2026-06-27 00:09:27 CST,2026-06-27 00:09:27 CST
2020-05-11,,27.88,27.56999969482422,2026-06-27 00:09:27 CST,2026-06-27 00:09:27 CST
2020-05-12,,27.4,33.040000915527344,2026-06-27 00:09:27 CST,2026-06-27 00:09:27 CST
2020-05-13,,27.0,35.279998779296875,2026-06-27 00:09:27 CST,2026-06-27 00:09:27 CST
2020-05-14,,29.75,32.61000061035156,2026-06-27 00:09:27 CST,2026-06-27 00:09:27 CST
2020-05-15,,28.9,31.889999389648438,2026-06-27 00:09:27 CST,2026-06-27 00:09:27 CST
2020-05-16,,28.9,,2026-06-27 00:09:27 CST,2026-06-27 00:09:27 CST
2020-05-17,,28.9,,2026-06-27 00:09:27 CST,2026-06-27 00:09:27 CST
2020-05-18,,29.65,29.299999237060547,2026-06-27 00:09:27 CST,2026-06-27 00:09:27 CST
2020-05-19,,26.95,30.530000686645508,2026-06-27 00:09:27 CST,2026-06-27 00:09:27 CST
2020-05-20,,24.99,27.989999771118164,2026-06-27 00:09:27 CST,2026-06-27 00:09:27 CST
2020-05-21,,22.44,29.530000686645508,2026-06-27 00:09:27 CST,2026-06-27 00:09:27 CST
2020-05-22,,26.78,28.15999984741211,2026-06-27 00:09:27 CST,2026-06-27 00:09:27 CST
2020-05-23,,26.78,,2026-06-27 00:09:27 CST,2026-06-27 00:09:27 CST
2020-05-24,,26.78,,2026-06-27 00:09:27 CST,2026-06-27 00:09:27 CST
2020-05-25,,25.01,,2026-06-27 00:09:27 CST,2026-06-27 00:09:27 CST
2020-05-26,,23.78,28.010000228881836,2026-06-27 00:09:27 CST,2026-06-27 00:09:27 CST
2020-05-27,,23.79,27.6200008392334,2026-06-27 00:09:27 CST,2026-06-27 00:09:27 CST
2020-05-28,,24.7,28.59000015258789,2026-06-27 00:09:27 CST,2026-06-27 00:09:27 CST
2020-05-29,,24.01,27.510000228881836,2026-06-27 00:09:27 CST,2026-06-27 00:09:27 CST
2020-05-30,,24.01,,2026-06-27 00:09:27 CST,2026-06-27 00:09:27 CST
2020-05-31,,24.01,,2026-06-27 00:09:27 CST,2026-06-27 00:09:27 CST
2020-06-01,,23.46,28.229999542236328,2026-06-27 00:09:27 CST,2026-06-27 00:09:27 CST
2020-06-02,,22.7,26.84000015258789,2026-06-27 00:09:27 CST,2026-06-27 00:09:27 CST
2020-06-03,,22.4,25.65999984741211,2026-06-27 00:09:27 CST,2026-06-27 00:09:27 CST
2020-06-04,,21.55,25.809999465942383,2026-06-27 00:09:27 CST,2026-06-27 00:09:27 CST
2020-06-05,,20.46,24.520000457763672,2026-06-27 00:09:27 CST,2026-06-27 00:09:27 CST
2020-06-06,,20.46,,2026-06-27 00:09:27 CST,2026-06-27 00:09:27 CST
2020-06-07,,20.46,,2026-06-27 00:09:27 CST,2026-06-27 00:09:27 CST
2020-06-08,,20.46,25.809999465942383,2026-06-27 00:09:27 CST,2026-06-27 00:09:27 CST
2020-06-09,,20.5,27.56999969482422,2026-06-27 00:09:27 CST,2026-06-27 00:09:27 CST
2020-06-10,,20.63,27.56999969482422,2026-06-27 00:09:27 CST,2026-06-27 00:09:27 CST
2020-06-11,,23.03,40.790000915527344,2026-06-27 00:09:27 CST,2026-06-27 00:09:27 CST
2020-06-12,,26.06,36.09000015258789,2026-06-27 00:09:27 CST,2026-06-27 00:09:27 CST
2020-06-13,,26.06,,2026-06-27 00:09:27 CST,2026-06-27 00:09:27 CST
2020-06-14,,26.06,,2026-06-27 00:09:27 CST,2026-06-27 00:09:27 CST
2020-06-15,,29.37,34.400001525878906,2026-06-27 00:09:27 CST,2026-06-27 00:09:27 CST
2020-06-16,,24.82,33.66999816894531,2026-06-27 00:09:27 CST,2026-06-27 00:09:27 CST
2020-06-17,,24.03,33.470001220703125,2026-06-27 00:09:27 CST,2026-06-27 00:09:27 CST
2020-06-18,,23.16,32.939998626708984,2026-06-27 00:09:27 CST,2026-06-27 00:09:27 CST
2020-06-19,,22.69,35.119998931884766,2026-06-27 00:09:27 CST,2026-06-27 00:09:27 CST
2020-06-20,,22.69,,2026-06-27 00:09:27 CST,2026-06-27 00:09:27 CST
2020-06-21,,22.69,,2026-06-27 00:09:27 CST,2026-06-27 00:09:27 CST
2020-06-22,,22.91,31.770000457763672,2026-06-27 00:09:27 CST,2026-06-27 00:09:27 CST
2020-06-23,,22.71,31.3700008392334,2026-06-27 00:09:27 CST,2026-06-27 00:09:27 CST
2020-06-24,,22.32,33.84000015258789,2026-06-27 00:09:27 CST,2026-06-27 00:09:27 CST
2020-06-25,,22.32,32.220001220703125,2026-06-27 00:09:27 CST,2026-06-27 00:09:27 CST
2020-06-26,,22.32,34.72999954223633,2026-06-27 00:09:27 CST,2026-06-27 00:09:27 CST
2020-06-27,,22.32,,2026-06-27 00:09:27 CST,2026-06-27 00:09:27 CST
2020-06-28,,22.32,,2026-06-27 00:09:27 CST,2026-06-27 00:09:27 CST
2020-06-29,,24.82,31.780000686645508,2026-06-27 00:09:27 CST,2026-06-27 00:09:27 CST
2020-06-30,,22.3,30.43000030517578,2026-06-27 00:09:27 CST,2026-06-27 00:09:27 CST
2020-07-01,,21.69,28.6200008392334,2026-06-27 00:09:27 CST,2026-06-27 00:09:27 CST
2020-07-02,,20.3,27.68000030517578,2026-06-27 00:09:27 CST,2026-06-27 00:09:27 CST
2020-07-03,,20.42,,2026-06-27 00:09:27 CST,2026-06-27 00:09:27 CST
2020-07-04,,20.42,,2026-06-27 00:09:27 CST,2026-06-27 00:09:27 CST
2020-07-05,,20.42,,2026-06-27 00:09:27 CST,2026-06-27 00:09:27 CST
2020-07-06,,22.11,27.940000534057617,2026-06-27 00:09:27 CST,2026-06-27 00:09:27 CST
2020-07-07,,21.8,29.43000030517578,2026-06-27 00:09:27 CST,2026-06-27 00:09:27 CST
2020-07-08,,21.66,28.079999923706055,2026-06-27 00:09:27 CST,2026-06-27 00:09:27 CST
2020-07-09,,21.41,29.260000228881836,2026-06-27 00:09:27 CST,2026-06-27 00:09:27 CST
2020-07-10,,23.25,27.290000915527344,2026-06-27 00:09:27 CST,2026-06-27 00:09:27 CST
2020-07-11,,23.25,,2026-06-27 00:09:27 CST,2026-06-27 00:09:27 CST
2020-07-12,,23.25,,2026-06-27 00:09:27 CST,2026-06-27 00:09:27 CST
2020-07-13,,20.6,32.189998626708984,2026-06-27 00:09:27 CST,2026-06-27 00:09:27 CST
2020-07-14,,21.19,29.520000457763672,2026-06-27 00:09:27 CST,2026-06-27 00:09:27 CST
2020-07-15,,21.88,27.760000228881836,2026-06-27 00:09:27 CST,2026-06-27 00:09:27 CST
2020-07-16,,20.4,28.0,2026-06-27 00:09:27 CST,2026-06-27 00:09:27 CST
2020-07-17,,20.16,25.68000030517578,2026-06-27 00:09:27 CST,2026-06-27 00:09:27 CST
2020-07-18,,20.16,,2026-06-27 00:09:27 CST,2026-06-27 00:09:27 CST
2020-07-19,,20.16,,2026-06-27 00:09:27 CST,2026-06-27 00:09:27 CST
2020-07-20,,20.36,24.459999084472656,2026-06-27 00:09:27 CST,2026-06-27 00:09:27 CST
2020-07-21,,20.47,24.84000015258789,2026-06-27 00:09:27 CST,2026-06-27 00:09:27 CST
2020-07-22,,20.51,24.31999969482422,2026-06-27 00:09:27 CST,2026-06-27 00:09:27 CST
2020-07-23,,21.48,26.079999923706055,2026-06-27 00:09:27 CST,2026-06-27 00:09:27 CST
2020-07-24,,24.95,25.84000015258789,2026-06-27 00:09:27 CST,2026-06-27 00:09:27 CST
2020-07-25,,24.95,,2026-06-27 00:09:27 CST,2026-06-27 00:09:27 CST
2020-07-26,,24.95,,2026-06-27 00:09:27 CST,2026-06-27 00:09:27 CST
2020-07-27,,24.83,24.739999771118164,2026-06-27 00:09:27 CST,2026-06-27 00:09:27 CST
2020-07-28,,27.82,25.440000534057617,2026-06-27 00:09:27 CST,2026-06-27 00:09:27 CST
2020-07-29,,27.51,24.100000381469727,2026-06-27 00:09:27 CST,2026-06-27 00:09:27 CST
2020-07-30,,26.3,24.760000228881836,2026-06-27 00:09:27 CST,2026-06-27 00:09:27 CST
2020-07-31,,26.2,24.459999084472656,2026-06-27 00:09:27 CST,2026-06-27 00:09:27 CST
2020-08-01,,26.2,,2026-06-27 00:09:27 CST,2026-06-27 00:09:27 CST
2020-08-02,,26.2,,2026-06-27 00:09:27 CST,2026-06-27 00:09:27 CST
2020-08-03,,27.21,24.280000686645508,2026-06-27 00:09:27 CST,2026-06-27 00:09:27 CST
2020-08-04,,24.5,23.760000228881836,2026-06-27 00:09:27 CST,2026-06-27 00:09:27 CST
2020-08-05,,23.96,22.989999771118164,2026-06-27 00:09:27 CST,2026-06-27 00:09:27 CST
2020-08-06,,25.11,22.649999618530273,2026-06-27 00:09:27 CST,2026-06-27 00:09:27 CST
2020-08-07,,24.25,22.209999084472656,2026-06-27 00:09:27 CST,2026-06-27 00:09:27 CST
2020-08-08,,24.25,,2026-06-27 00:09:27 CST,2026-06-27 00:09:27 CST
2020-08-09,,24.25,,2026-06-27 00:09:27 CST,2026-06-27 00:09:27 CST
2020-08-10,,24.43,22.1299991607666,2026-06-27 00:09:27 CST,2026-06-27 00:09:27 CST
2020-08-11,,24.16,24.030000686645508,2026-06-27 00:09:27 CST,2026-06-27 00:09:27 CST
2020-08-12,,23.25,22.280000686645508,2026-06-27 00:09:27 CST,2026-06-27 00:09:27 CST
2020-08-13,,22.2,22.1299991607666,2026-06-27 00:09:27 CST,2026-06-27 00:09:27 CST
2020-08-14,,22.23,22.049999237060547,2026-06-27 00:09:27 CST,2026-06-27 00:09:27 CST
2020-08-15,,22.23,,2026-06-27 00:09:27 CST,2026-06-27 00:09:27 CST
2020-08-16,,22.23,,2026-06-27 00:09:27 CST,2026-06-27 00:09:27 CST
2020-08-17,,21.47,21.350000381469727,2026-06-27 00:09:27 CST,2026-06-27 00:09:27 CST
2020-08-18,,21.88,21.510000228881836,2026-06-27 00:09:27 CST,2026-06-27 00:09:27 CST
2020-08-19,,21.87,22.540000915527344,2026-06-27 00:09:27 CST,2026-06-27 00:09:27 CST
2020-08-20,,28.05,22.719999313354492,2026-06-27 00:09:27 CST,2026-06-27 00:09:27 CST
2020-08-21,,24.38,22.540000915527344,2026-06-27 00:09:27 CST,2026-06-27 00:09:27 CST
2020-08-22,,24.38,,2026-06-27 00:09:27 CST,2026-06-27 00:09:27 CST
2020-08-23,,24.38,,2026-06-27 00:09:27 CST,2026-06-27 00:09:27 CST
2020-08-24,,23.62,22.3700008392334,2026-06-27 00:09:27 CST,2026-06-27 00:09:27 CST
2020-08-25,,23.27,22.030000686645508,2026-06-27 00:09:27 CST,2026-06-27 00:09:27 CST
2020-08-26,,22.6,23.270000457763672,2026-06-27 00:09:27 CST,2026-06-27 00:09:27 CST
2020-08-27,,22.91,24.469999313354492,2026-06-27 00:09:27 CST,2026-06-27 00:09:27 CST
2020-08-28,,23.66,22.959999084472656,2026-06-27 00:09:27 CST,2026-06-27 00:09:27 CST
2020-08-29,,23.66,,2026-06-27 00:09:27 CST,2026-06-27 00:09:27 CST
2020-08-30,,23.66,,2026-06-27 00:09:27 CST,2026-06-27 00:09:27 CST
2020-08-31,,24.42,26.40999984741211,2026-06-27 00:09:27 CST,2026-06-27 00:09:27 CST
2020-09-01,,22.97,26.1200008392334,2026-06-27 00:09:27 CST,2026-06-27 00:09:27 CST
2020-09-02,,22.21,26.56999969482422,2026-06-27 00:09:27 CST,2026-06-27 00:09:27 CST
2020-09-03,,21.95,33.599998474121094,2026-06-27 00:09:27 CST,2026-06-27 00:09:27 CST
2020-09-04,,23.73,30.75,2026-06-27 00:09:27 CST,2026-06-27 00:09:27 CST
2020-09-05,,23.73,,2026-06-27 00:09:27 CST,2026-06-27 00:09:27 CST
2020-09-06,,23.73,,2026-06-27 00:09:27 CST,2026-06-27 00:09:27 CST
2020-09-07,,23.93,,2026-06-27 00:09:27 CST,2026-06-27 00:09:27 CST
2020-09-08,,22.61,31.459999084472656,2026-06-27 00:09:27 CST,2026-06-27 00:09:27 CST
2020-09-09,,22.37,28.809999465942383,2026-06-27 00:09:27 CST,2026-06-27 00:09:27 CST
2020-09-10,,20.81,29.709999084472656,2026-06-27 00:09:27 CST,2026-06-27 00:09:27 CST
2020-09-11,,20.9,26.8700008392334,2026-06-27 00:09:27 CST,2026-06-27 00:09:27 CST
2020-09-12,,20.9,,2026-06-27 00:09:27 CST,2026-06-27 00:09:27 CST
2020-09-13,,20.9,,2026-06-27 00:09:27 CST,2026-06-27 00:09:27 CST
2020-09-14,,18.06,25.850000381469727,2026-06-27 00:09:27 CST,2026-06-27 00:09:27 CST
2020-09-15,,17.27,25.59000015258789,2026-06-27 00:09:27 CST,2026-06-27 00:09:27 CST
2020-09-16,,18.29,26.040000915527344,2026-06-27 00:09:27 CST,2026-06-27 00:09:27 CST
2020-09-17,,18.6,26.459999084472656,2026-06-27 00:09:27 CST,2026-06-27 00:09:27 CST
2020-09-18,,18.27,25.829999923706055,2026-06-27 00:09:27 CST,2026-06-27 00:09:27 CST
2020-09-19,,18.27,,2026-06-27 00:09:27 CST,2026-06-27 00:09:27 CST
2020-09-20,,18.27,,2026-06-27 00:09:27 CST,2026-06-27 00:09:27 CST
2020-09-21,,20.69,27.780000686645508,2026-06-27 00:09:27 CST,2026-06-27 00:09:27 CST
2020-09-22,,22.01,26.860000610351562,2026-06-27 00:09:27 CST,2026-06-27 00:09:27 CST
2020-09-23,,20.71,28.579999923706055,2026-06-27 00:09:27 CST,2026-06-27 00:09:27 CST
2020-09-24,,23.02,28.510000228881836,2026-06-27 00:09:27 CST,2026-06-27 00:09:27 CST
2020-09-25,,22.5,26.3799991607666,2026-06-27 00:09:27 CST,2026-06-27 00:09:27 CST
2020-09-26,,22.5,,2026-06-27 00:09:27 CST,2026-06-27 00:09:27 CST
2020-09-27,,22.5,,2026-06-27 00:09:27 CST,2026-06-27 00:09:27 CST
2020-09-28,,21.85,26.190000534057617,2026-06-27 00:09:27 CST,2026-06-27 00:09:27 CST
2020-09-29,,21.52,26.270000457763672,2026-06-27 00:09:27 CST,2026-06-27 00:09:27 CST
2020-09-30,,21.7,26.3700008392334,2026-06-27 00:09:27 CST,2026-06-27 00:09:27 CST
2020-10-01,,21.7,26.700000762939453,2026-06-27 00:09:27 CST,2026-06-27 00:09:27 CST
2020-10-02,,21.7,27.6299991607666,2026-06-27 00:09:27 CST,2026-06-27 00:09:27 CST
2020-10-03,,21.7,,2026-06-27 00:09:27 CST,2026-06-27 00:09:27 CST
2020-10-04,,21.7,,2026-06-27 00:09:27 CST,2026-06-27 00:09:27 CST
2020-10-05,,23.27,27.959999084472656,2026-06-27 00:09:27 CST,2026-06-27 00:09:27 CST
2020-10-06,,21.19,29.479999542236328,2026-06-27 00:09:27 CST,2026-06-27 00:09:27 CST
2020-10-07,,20.83,28.059999465942383,2026-06-27 00:09:27 CST,2026-06-27 00:09:27 CST
2020-10-08,,20.63,26.360000610351562,2026-06-27 00:09:27 CST,2026-06-27 00:09:27 CST
2020-10-09,,20.63,25.0,2026-06-27 00:09:27 CST,2026-06-27 00:09:27 CST
2020-10-10,,20.63,,2026-06-27 00:09:27 CST,2026-06-27 00:09:27 CST
2020-10-11,,20.63,,2026-06-27 00:09:27 CST,2026-06-27 00:09:27 CST
2020-10-12,,21.51,25.06999969482422,2026-06-27 00:09:27 CST,2026-06-27 00:09:27 CST
2020-10-13,,,26.06999969482422,2026-06-27 00:09:27 CST,2026-06-27 00:09:27 CST
2020-10-14,,21.96,26.399999618530273,2026-06-27 00:09:27 CST,2026-06-27 00:09:27 CST
2020-10-15,,22.25,26.969999313354492,2026-06-27 00:09:27 CST,2026-06-27 00:09:27 CST
2020-10-16,,22.11,27.40999984741211,2026-06-27 00:09:27 CST,2026-06-27 00:09:27 CST
2020-10-17,,22.11,,2026-06-27 00:09:27 CST,2026-06-27 00:09:27 CST
2020-10-18,,22.11,,2026-06-27 00:09:27 CST,2026-06-27 00:09:27 CST
2020-10-19,,21.31,29.18000030517578,2026-06-27 00:09:27 CST,2026-06-27 00:09:27 CST
2020-10-20,,22.26,29.350000381469727,2026-06-27 00:09:27 CST,2026-06-27 00:09:27 CST
2020-10-21,,22.02,28.649999618530273,2026-06-27 00:09:27 CST,2026-06-27 00:09:27 CST
2020-10-22,,22.04,28.110000610351562,2026-06-27 00:09:27 CST,2026-06-27 00:09:27 CST
2020-10-23,,21.96,27.549999237060547,2026-06-27 00:09:27 CST,2026-06-27 00:09:27 CST
2020-10-24,,21.96,,2026-06-27 00:09:27 CST,2026-06-27 00:09:27 CST
2020-10-25,,21.96,,2026-06-27 00:09:27 CST,2026-06-27 00:09:27 CST
2020-10-26,,22.49,32.459999084472656,2026-06-27 00:09:27 CST,2026-06-27 00:09:27 CST
2020-10-27,,23.27,33.349998474121094,2026-06-27 00:09:27 CST,2026-06-27 00:09:27 CST
2020-10-28,,23.43,40.279998779296875,2026-06-27 00:09:27 CST,2026-06-27 00:09:27 CST
2020-10-29,,24.94,37.59000015258789,2026-06-27 00:09:27 CST,2026-06-27 00:09:27 CST
2020-10-30,,27.35,38.02000045776367,2026-06-27 00:09:27 CST,2026-06-27 00:09:27 CST
2020-10-31,,27.35,,2026-06-27 00:09:27 CST,2026-06-27 00:09:27 CST
2020-11-01,,27.35,,2026-06-27 00:09:27 CST,2026-06-27 00:09:27 CST
2020-11-02,,27.32,37.130001068115234,2026-06-27 00:09:27 CST,2026-06-27 00:09:27 CST
2020-11-03,,26.11,35.54999923706055,2026-06-27 00:09:27 CST,2026-06-27 00:09:27 CST
2020-11-04,,23.77,29.56999969482422,2026-06-27 00:09:27 CST,2026-06-27 00:09:27 CST
2020-11-05,,21.76,27.579999923706055,2026-06-27 00:09:27 CST,2026-06-27 00:09:27 CST
2020-11-06,,21.76,24.860000610351562,2026-06-27 00:09:27 CST,2026-06-27 00:09:27 CST
2020-11-07,,21.76,,2026-06-27 00:09:27 CST,2026-06-27 00:09:27 CST
2020-11-08,,21.76,,2026-06-27 00:09:27 CST,2026-06-27 00:09:27 CST
2020-11-09,,20.58,25.75,2026-06-27 00:09:27 CST,2026-06-27 00:09:27 CST
2020-11-10,,20.44,24.799999237060547,2026-06-27 00:09:27 CST,2026-06-27 00:09:27 CST
2020-11-11,,20.51,23.450000762939453,2026-06-27 00:09:27 CST,2026-06-27 00:09:27 CST
2020-11-12,,19.28,25.350000381469727,2026-06-27 00:09:27 CST,2026-06-27 00:09:27 CST
2020-11-13,,18.8,23.100000381469727,2026-06-27 00:09:27 CST,2026-06-27 00:09:27 CST
2020-11-14,,18.8,,2026-06-27 00:09:27 CST,2026-06-27 00:09:27 CST
2020-11-15,,18.8,,2026-06-27 00:09:27 CST,2026-06-27 00:09:27 CST
2020-11-16,,19.31,22.450000762939453,2026-06-27 00:09:27 CST,2026-06-27 00:09:27 CST
2020-11-17,,19.86,22.709999084472656,2026-06-27 00:09:27 CST,2026-06-27 00:09:27 CST
2020-11-18,,20.61,23.84000015258789,2026-06-27 00:09:27 CST,2026-06-27 00:09:27 CST
2020-11-19,,19.47,23.110000610351562,2026-06-27 00:09:27 CST,2026-06-27 00:09:27 CST
2020-11-20,,19.13,23.700000762939453,2026-06-27 00:09:27 CST,2026-06-27 00:09:27 CST
2020-11-21,,19.13,,2026-06-27 00:09:27 CST,2026-06-27 00:09:27 CST
2020-11-23,,19.81,22.65999984741211,2026-06-27 00:09:27 CST,2026-06-27 00:09:27 CST
2020-11-24,,19.56,21.639999389648438,2026-06-27 00:09:27 CST,2026-06-27 00:09:27 CST
2020-11-25,,19.23,21.25,2026-06-27 00:09:27 CST,2026-06-27 00:09:27 CST
2020-11-26,,17.42,,2026-06-27 00:09:27 CST,2026-06-27 00:09:27 CST
2020-11-27,,17.61,20.84000015258789,2026-06-27 00:09:27 CST,2026-06-27 00:09:27 CST
2020-11-30,,18.57,20.56999969482422,2026-06-27 00:09:27 CST,2026-06-27 00:09:27 CST
2020-12-01,,18.57,20.770000457763672,2026-06-27 00:09:27 CST,2026-06-27 00:09:27 CST
2020-12-02,,18.87,21.170000076293945,2026-06-27 00:09:27 CST,2026-06-27 00:09:27 CST
2020-12-03,,17.67,21.280000686645508,2026-06-27 00:09:27 CST,2026-06-27 00:09:27 CST
2020-12-04,,18.03,20.790000915527344,2026-06-27 00:09:27 CST,2026-06-27 00:09:27 CST
2020-12-07,,19.1,21.299999237060547,2026-06-27 00:09:27 CST,2026-06-27 00:09:27 CST
2020-12-08,,18.53,20.68000030517578,2026-06-27 00:09:27 CST,2026-06-27 00:09:27 CST
2020-12-09,,18.11,22.270000457763672,2026-06-27 00:09:27 CST,2026-06-27 00:09:27 CST
2020-12-10,,18.4,22.520000457763672,2026-06-27 00:09:27 CST,2026-06-27 00:09:27 CST
2020-12-11,,17.85,23.309999465942383,2026-06-27 00:09:27 CST,2026-06-27 00:09:27 CST
2020-12-14,,18.64,24.719999313354492,2026-06-27 00:09:27 CST,2026-06-27 00:09:27 CST
2020-12-15,,18.15,22.889999389648438,2026-06-27 00:09:27 CST,2026-06-27 00:09:27 CST
2020-12-16,,17.43,22.5,2026-06-27 00:09:27 CST,2026-06-27 00:09:27 CST
2020-12-17,,17.09,21.93000030517578,2026-06-27 00:09:27 CST,2026-06-27 00:09:27 CST
2020-12-18,,17.09,21.56999969482422,2026-06-27 00:09:27 CST,2026-06-27 00:09:27 CST
2020-12-21,,17.85,25.15999984741211,2026-06-27 00:09:27 CST,2026-06-27 00:09:27 CST
2020-12-22,,20.55,24.229999542236328,2026-06-27 00:09:27 CST,2026-06-27 00:09:27 CST
2020-12-23,,18.78,23.309999465942383,2026-06-27 00:09:27 CST,2026-06-27 00:09:27 CST
2020-12-24,,17.86,21.530000686645508,2026-06-27 00:09:27 CST,2026-06-27 00:09:27 CST
2020-12-25,,17.22,,2026-06-27 00:09:27 CST,2026-06-27 00:09:27 CST
2020-12-28,,18.3,21.700000762939453,2026-06-27 00:09:27 CST,2026-06-27 00:09:27 CST
2020-12-29,,18.03,23.079999923706055,2026-06-27 00:09:27 CST,2026-06-27 00:09:27 CST
2020-12-30,,18.39,22.770000457763672,2026-06-27 00:09:27 CST,2026-06-27 00:09:27 CST
2020-12-31,,18.19,22.75,2026-06-27 00:09:27 CST,2026-06-27 00:09:27 CST
2021-01-04,,18.93,26.969999313354492,2026-06-27 00:09:27 CST,2026-06-27 00:09:27 CST
2021-01-05,,18.86,25.34000015258789,2026-06-27 00:09:27 CST,2026-06-27 00:09:27 CST
2021-01-06,,20.71,25.06999969482422,2026-06-27 00:09:27 CST,2026-06-27 00:09:27 CST
2021-01-07,,20.96,22.3700008392334,2026-06-27 00:09:27 CST,2026-06-27 00:09:27 CST
2021-01-08,,22.52,21.559999465942383,2026-06-27 00:09:27 CST,2026-06-27 00:09:27 CST
2021-01-11,,23.76,24.079999923706055,2026-06-27 00:09:27 CST,2026-06-27 00:09:27 CST
2021-01-12,,23.89,23.329999923706055,2026-06-27 00:09:27 CST,2026-06-27 00:09:27 CST
2021-01-13,,23.58,22.209999084472656,2026-06-27 00:09:27 CST,2026-06-27 00:09:27 CST
2021-01-14,,22.94,23.25,2026-06-27 00:09:27 CST,2026-06-27 00:09:27 CST
2021-01-15,,23.24,24.34000015258789,2026-06-27 00:09:27 CST,2026-06-27 00:09:27 CST
2021-01-18,,23.19,,2026-06-27 00:09:27 CST,2026-06-27 00:09:27 CST
2021-01-19,,23.38,23.239999771118164,2026-06-27 00:09:27 CST,2026-06-27 00:09:27 CST
2021-01-20,,22.86,21.579999923706055,2026-06-27 00:09:27 CST,2026-06-27 00:09:27 CST
2021-01-21,,24.9,21.31999969482422,2026-06-27 00:09:27 CST,2026-06-27 00:09:27 CST
2021-01-22,,23.96,21.90999984741211,2026-06-27 00:09:27 CST,2026-06-27 00:09:27 CST
2021-01-25,,25.81,23.190000534057617,2026-06-27 00:09:27 CST,2026-06-27 00:09:27 CST
2021-01-26,,25.21,23.020000457763672,2026-06-27 00:09:27 CST,2026-06-27 00:09:27 CST
2021-01-27,,24.38,37.209999084472656,2026-06-27 00:09:27 CST,2026-06-27 00:09:27 CST
2021-01-28,,26.48,30.209999084472656,2026-06-27 00:09:27 CST,2026-06-27 00:09:27 CST
2021-01-29,,27.63,33.09000015258789,2026-06-27 00:09:27 CST,2026-06-27 00:09:27 CST
2021-02-01,,26.96,30.239999771118164,2026-06-27 00:09:27 CST,2026-06-27 00:09:27 CST
2021-02-02,,26.3,25.559999465942383,2026-06-27 00:09:27 CST,2026-06-27 00:09:27 CST
2021-02-03,,24.89,22.90999984741211,2026-06-27 00:09:27 CST,2026-06-27 00:09:27 CST
2021-02-04,,23.84,21.770000457763672,2026-06-27 00:09:27 CST,2026-06-27 00:09:27 CST
2021-02-05,,22.59,20.8700008392334,2026-06-27 00:09:27 CST,2026-06-27 00:09:27 CST
2021-02-08,,,21.239999771118164,2026-06-27 00:09:27 CST,2026-06-27 00:09:27 CST
2021-02-09,,,21.6299991607666,2026-06-27 00:09:27 CST,2026-06-27 00:09:27 CST
2021-02-10,,,21.989999771118164,2026-06-27 00:09:27 CST,2026-06-27 00:09:27 CST
2021-02-11,,,21.25,2026-06-27 00:09:27 CST,2026-06-27 00:09:27 CST
2021-02-12,,,19.969999313354492,2026-06-27 00:09:27 CST,2026-06-27 00:09:27 CST
2021-02-16,,,21.459999084472656,2026-06-27 00:09:27 CST,2026-06-27 00:09:27 CST
2021-02-17,,22.69,21.5,2026-06-27 00:09:27 CST,2026-06-27 00:09:27 CST
2021-02-18,,22.46,22.489999771118164,2026-06-27 00:09:27 CST,2026-06-27 00:09:27 CST
2021-02-19,,22.92,22.049999237060547,2026-06-27 00:09:27 CST,2026-06-27 00:09:27 CST
2021-02-22,,23.76,23.450000762939453,2026-06-27 00:09:27 CST,2026-06-27 00:09:27 CST
2021-02-23,,23.65,23.110000610351562,2026-06-27 00:09:27 CST,2026-06-27 00:09:27 CST
2021-02-24,,24.6,21.34000015258789,2026-06-27 00:09:27 CST,2026-06-27 00:09:27 CST
2021-02-25,,23.33,28.889999389648438,2026-06-27 00:09:27 CST,2026-06-27 00:09:27 CST
2021-02-26,,26.26,27.950000762939453,2026-06-27 00:09:27 CST,2026-06-27 00:09:27 CST
2021-03-01,,,23.350000381469727,2026-06-27 00:09:27 CST,2026-06-27 00:09:27 CST
2021-03-02,,26.64,24.100000381469727,2026-06-27 00:09:27 CST,2026-06-27 00:09:27 CST
2021-03-03,,23.71,26.670000076293945,2026-06-27 00:09:27 CST,2026-06-27 00:09:27 CST
2021-03-04,,25.38,28.56999969482422,2026-06-27 00:09:27 CST,2026-06-27 00:09:27 CST
2021-03-05,,25.48,24.65999984741211,2026-06-27 00:09:27 CST,2026-06-27 00:09:27 CST
2021-03-08,,24.9,25.469999313354492,2026-06-27 00:09:27 CST,2026-06-27 00:09:27 CST
2021-03-09,,24.93,24.030000686645508,2026-06-27 00:09:27 CST,2026-06-27 00:09:27 CST
2021-03-10,,23.17,22.559999465942383,2026-06-27 00:09:27 CST,2026-06-27 00:09:27 CST
2021-03-11,,21.61,21.90999984741211,2026-06-27 00:09:27 CST,2026-06-27 00:09:27 CST
2021-03-12,,20.38,20.690000534057617,2026-06-27 00:09:27 CST,2026-06-27 00:09:27 CST
2021-03-15,,20.64,20.030000686645508,2026-06-27 00:09:27 CST,2026-06-27 00:09:27 CST
2021-03-16,,19.16,19.790000915527344,2026-06-27 00:09:27 CST,2026-06-27 00:09:27 CST
2021-03-17,,18.46,19.229999542236328,2026-06-27 00:09:27 CST,2026-06-27 00:09:27 CST
2021-03-18,,16.74,21.579999923706055,2026-06-27 00:09:27 CST,2026-06-27 00:09:27 CST
2021-03-19,,18.05,20.950000762939453,2026-06-27 00:09:27 CST,2026-06-27 00:09:27 CST
2021-03-22,,17.76,18.8799991607666,2026-06-27 00:09:27 CST,2026-06-27 00:09:27 CST
2021-03-23,,17.7,20.299999237060547,2026-06-27 00:09:27 CST,2026-06-27 00:09:27 CST
2021-03-24,,18.57,21.200000762939453,2026-06-27 00:09:27 CST,2026-06-27 00:09:27 CST
2021-03-25,,18.06,19.809999465942383,2026-06-27 00:09:27 CST,2026-06-27 00:09:27 CST
2021-03-26,,17.31,18.860000610351562,2026-06-27 00:09:27 CST,2026-06-27 00:09:27 CST
2021-03-29,,18.67,20.739999771118164,2026-06-27 00:09:27 CST,2026-06-27 00:09:27 CST
2021-03-30,,17.92,19.610000610351562,2026-06-27 00:09:27 CST,2026-06-27 00:09:27 CST
2021-03-31,,17.63,19.399999618530273,2026-06-27 00:09:27 CST,2026-06-27 00:09:27 CST
2021-04-01,,17.1,17.329999923706055,2026-06-27 00:09:27 CST,2026-06-27 00:09:27 CST
2021-04-05,,,17.90999984741211,2026-06-27 00:09:27 CST,2026-06-27 00:09:27 CST
2021-04-06,,17.24,18.1200008392334,2026-06-27 00:09:27 CST,2026-06-27 00:09:27 CST
2021-04-07,,16.94,17.15999984741211,2026-06-27 00:09:27 CST,2026-06-27 00:09:27 CST
2021-04-08,,16.38,16.950000762939453,2026-06-27 00:09:27 CST,2026-06-27 00:09:27 CST
2021-04-09,,16.89,16.690000534057617,2026-06-27 00:09:27 CST,2026-06-27 00:09:27 CST
2021-04-12,,17.32,16.90999984741211,2026-06-27 00:09:27 CST,2026-06-27 00:09:27 CST
2021-04-13,,17.78,16.649999618530273,2026-06-27 00:09:27 CST,2026-06-27 00:09:27 CST
2021-04-14,,17.96,16.989999771118164,2026-06-27 00:09:27 CST,2026-06-27 00:09:27 CST
2021-04-15,,18.34,16.56999969482422,2026-06-27 00:09:27 CST,2026-06-27 00:09:27 CST
2021-04-16,,18.25,16.25,2026-06-27 00:09:27 CST,2026-06-27 00:09:27 CST
2021-04-19,,18.97,17.290000915527344,2026-06-27 00:09:27 CST,2026-06-27 00:09:27 CST
2021-04-20,,18.71,18.68000030517578,2026-06-27 00:09:27 CST,2026-06-27 00:09:27 CST
2021-04-21,,18.75,17.5,2026-06-27 00:09:27 CST,2026-06-27 00:09:27 CST
2021-04-22,,19.34,18.709999084472656,2026-06-27 00:09:27 CST,2026-06-27 00:09:27 CST
2021-04-23,,18.59,17.329999923706055,2026-06-27 00:09:27 CST,2026-06-27 00:09:27 CST
2021-04-26,,19.45,17.639999389648438,2026-06-27 00:09:27 CST,2026-06-27 00:09:27 CST
2021-04-27,,19.79,17.559999465942383,2026-06-27 00:09:27 CST,2026-06-27 00:09:27 CST
2021-04-28,,19.98,17.280000686645508,2026-06-27 00:09:27 CST,2026-06-27 00:09:27 CST
2021-04-29,,18.76,17.610000610351562,2026-06-27 00:09:27 CST,2026-06-27 00:09:27 CST
2021-04-30,,,18.610000610351562,2026-06-27 00:09:27 CST,2026-06-27 00:09:27 CST
2021-05-03,,21.42,18.309999465942383,2026-06-27 00:09:27 CST,2026-06-27 00:09:27 CST
2021-05-04,,23.34,19.479999542236328,2026-06-27 00:09:27 CST,2026-06-27 00:09:27 CST
2021-05-05,,24.94,19.149999618530273,2026-06-27 00:09:27 CST,2026-06-27 00:09:27 CST
2021-05-06,,21.55,18.389999389648438,2026-06-27 00:09:27 CST,2026-06-27 00:09:27 CST
2021-05-07,,20.23,16.690000534057617,2026-06-27 00:09:27 CST,2026-06-27 00:09:27 CST
2021-05-10,,19.64,19.65999984741211,2026-06-27 00:09:27 CST,2026-06-27 00:09:27 CST
2021-05-11,,26.59,21.84000015258789,2026-06-27 00:09:27 CST,2026-06-27 00:09:27 CST
2021-05-12,,38.94,27.59000015258789,2026-06-27 00:09:27 CST,2026-06-27 00:09:27 CST
2021-05-13,,34.02,23.1299991607666,2026-06-27 00:09:27 CST,2026-06-27 00:09:27 CST
2021-05-14,,32.45,18.809999465942383,2026-06-27 00:09:27 CST,2026-06-27 00:09:27 CST
2021-05-17,,38.67,19.719999313354492,2026-06-27 00:09:27 CST,2026-06-27 00:09:27 CST
2021-05-18,,32.29,21.34000015258789,2026-06-27 00:09:27 CST,2026-06-27 00:09:27 CST
2021-05-19,,30.97,22.18000030517578,2026-06-27 00:09:27 CST,2026-06-27 00:09:27 CST
2021-05-20,,29.63,20.670000076293945,2026-06-27 00:09:27 CST,2026-06-27 00:09:27 CST
2021-05-21,,28.04,20.149999618530273,2026-06-27 00:09:27 CST,2026-06-27 00:09:27 CST
2021-05-24,,27.93,18.399999618530273,2026-06-27 00:09:27 CST,2026-06-27 00:09:27 CST
2021-05-25,,25.85,18.84000015258789,2026-06-27 00:09:27 CST,2026-06-27 00:09:27 CST
2021-05-26,,24.12,17.360000610351562,2026-06-27 00:09:27 CST,2026-06-27 00:09:27 CST
2021-05-27,,24.2,16.739999771118164,2026-06-27 00:09:27 CST,2026-06-27 00:09:27 CST
2021-05-28,,23.17,16.760000228881836,2026-06-27 00:09:27 CST,2026-06-27 00:09:27 CST
2021-05-31,,23.88,,2026-06-27 00:09:27 CST,2026-06-27 00:09:27 CST
2021-06-01,,22.03,17.899999618530273,2026-06-27 00:09:27 CST,2026-06-27 00:09:27 CST
2021-06-02,,22.36,17.479999542236328,2026-06-27 00:09:27 CST,2026-06-27 00:09:27 CST
2021-06-03,,21.41,18.040000915527344,2026-06-27 00:09:27 CST,2026-06-27 00:09:27 CST
2021-06-04,,22.41,16.420000076293945,2026-06-27 00:09:27 CST,2026-06-27 00:09:27 CST
2021-06-07,,23.29,16.420000076293945,2026-06-27 00:09:27 CST,2026-06-27 00:09:27 CST
2021-06-08,,22.69,17.06999969482422,2026-06-27 00:09:27 CST,2026-06-27 00:09:27 CST
2021-06-09,,21.82,17.889999389648438,2026-06-27 00:09:27 CST,2026-06-27 00:09:27 CST
2021-06-10,,19.45,16.100000381469727,2026-06-27 00:09:27 CST,2026-06-27 00:09:27 CST
2021-06-11,,17.73,15.649999618530273,2026-06-27 00:09:27 CST,2026-06-27 00:09:27 CST
2021-06-14,,,16.389999389648438,2026-06-27 00:09:27 CST,2026-06-27 00:09:27 CST
2021-06-15,,16.64,17.020000457763672,2026-06-27 00:09:27 CST,2026-06-27 00:09:27 CST
2021-06-16,,18.05,18.149999618530273,2026-06-27 00:09:27 CST,2026-06-27 00:09:27 CST
2021-06-17,,17.1,17.75,2026-06-27 00:09:27 CST,2026-06-27 00:09:27 CST
2021-06-18,,17.27,20.700000762939453,2026-06-27 00:09:27 CST,2026-06-27 00:09:27 CST
2021-06-21,,21.22,17.889999389648438,2026-06-27 00:09:27 CST,2026-06-27 00:09:27 CST
2021-06-22,,19.9,16.65999984741211,2026-06-27 00:09:27 CST,2026-06-27 00:09:27 CST
2021-06-23,,19.31,16.31999969482422,2026-06-27 00:09:27 CST,2026-06-27 00:09:27 CST
2021-06-24,,18.14,15.970000267028809,2026-06-27 00:09:27 CST,2026-06-27 00:09:27 CST
2021-06-25,,18.82,15.619999885559082,2026-06-27 00:09:27 CST,2026-06-27 00:09:27 CST
2021-06-28,,19.37,15.760000228881836,2026-06-27 00:09:27 CST,2026-06-27 00:09:27 CST
2021-06-29,,20.1,16.020000457763672,2026-06-27 00:09:27 CST,2026-06-27 00:09:27 CST
2021-06-30,,19.67,15.829999923706055,2026-06-27 00:09:27 CST,2026-06-27 00:09:27 CST
2021-07-01,,19.82,15.479999542236328,2026-06-27 00:09:27 CST,2026-06-27 00:09:27 CST
2021-07-02,,19.14,15.069999694824219,2026-06-27 00:09:27 CST,2026-06-27 00:09:27 CST
2021-07-05,,19.14,,2026-06-27 00:09:27 CST,2026-06-27 00:09:27 CST
2021-07-06,,18.94,16.440000534057617,2026-06-27 00:09:27 CST,2026-06-27 00:09:27 CST
2021-07-07,,19.98,16.200000762939453,2026-06-27 00:09:27 CST,2026-06-27 00:09:27 CST
2021-07-08,,19.84,19.0,2026-06-27 00:09:27 CST,2026-06-27 00:09:27 CST
2021-07-09,,20.41,16.18000030517578,2026-06-27 00:09:27 CST,2026-06-27 00:09:27 CST
2021-07-12,,19.71,16.170000076293945,2026-06-27 00:09:27 CST,2026-06-27 00:09:27 CST
2021-07-13,,19.64,17.1200008392334,2026-06-27 00:09:27 CST,2026-06-27 00:09:27 CST
2021-07-14,,19.47,16.329999923706055,2026-06-27 00:09:27 CST,2026-06-27 00:09:27 CST
2021-07-15,,18.85,17.010000228881836,2026-06-27 00:09:27 CST,2026-06-27 00:09:27 CST
2021-07-16,,18.54,18.450000762939453,2026-06-27 00:09:27 CST,2026-06-27 00:09:27 CST
2021-07-19,,20.81,22.5,2026-06-27 00:09:27 CST,2026-06-27 00:09:27 CST
2021-07-20,,23.24,19.729999542236328,2026-06-27 00:09:27 CST,2026-06-27 00:09:27 CST
2021-07-21,,22.53,17.90999984741211,2026-06-27 00:09:27 CST,2026-06-27 00:09:27 CST
2021-07-22,,20.54,17.690000534057617,2026-06-27 00:09:27 CST,2026-06-27 00:09:27 CST
2021-07-23,,19.9,17.200000762939453,2026-06-27 00:09:27 CST,2026-06-27 00:09:27 CST
2021-07-26,,21.81,17.579999923706055,2026-06-27 00:09:27 CST,2026-06-27 00:09:27 CST
2021-07-27,,21.9,19.360000610351562,2026-06-27 00:09:27 CST,2026-06-27 00:09:27 CST
2021-07-28,,24.21,18.309999465942383,2026-06-27 00:09:27 CST,2026-06-27 00:09:27 CST
2021-07-29,,20.94,17.700000762939453,2026-06-27 00:09:27 CST,2026-06-27 00:09:27 CST
2021-07-30,,22.02,18.239999771118164,2026-06-27 00:09:27 CST,2026-06-27 00:09:27 CST
2021-08-02,,20.6,19.459999084472656,2026-06-27 00:09:27 CST,2026-06-27 00:09:27 CST
2021-08-03,,20.59,18.040000915527344,2026-06-27 00:09:27 CST,2026-06-27 00:09:27 CST
2021-08-04,,20.42,17.969999313354492,2026-06-27 00:09:27 CST,2026-06-27 00:09:27 CST
2021-08-05,,19.38,17.280000686645508,2026-06-27 00:09:27 CST,2026-06-27 00:09:27 CST
2021-08-06,,20.01,16.149999618530273,2026-06-27 00:09:27 CST,2026-06-27 00:09:27 CST
2021-08-09,,21.31,16.719999313354492,2026-06-27 00:09:27 CST,2026-06-27 00:09:27 CST
2021-08-10,,21.1,16.790000915527344,2026-06-27 00:09:27 CST,2026-06-27 00:09:27 CST
2021-08-11,,20.92,16.170000076293945,2026-06-27 00:09:27 CST,2026-06-27 00:09:27 CST
2021-08-12,,19.28,15.59000015258789,2026-06-27 00:09:27 CST,2026-06-27 00:09:27 CST
2021-08-13,,20.46,15.449999809265137,2026-06-27 00:09:27 CST,2026-06-27 00:09:27 CST
2021-08-16,,21.13,16.1200008392334,2026-06-27 00:09:27 CST,2026-06-27 00:09:27 CST
2021-08-17,,23.46,17.90999984741211,2026-06-27 00:09:27 CST,2026-06-27 00:09:27 CST
2021-08-18,,20.62,21.56999969482422,2026-06-27 00:09:27 CST,2026-06-27 00:09:27 CST
2021-08-19,,24.18,21.670000076293945,2026-06-27 00:09:27 CST,2026-06-27 00:09:27 CST
2021-08-20,,26.52,18.559999465942383,2026-06-27 00:09:27 CST,2026-06-27 00:09:27 CST
2021-08-23,,22.44,17.149999618530273,2026-06-27 00:09:27 CST,2026-06-27 00:09:27 CST
2021-08-24,,20.78,17.219999313354492,2026-06-27 00:09:27 CST,2026-06-27 00:09:27 CST
2021-08-25,,20.64,16.790000915527344,2026-06-27 00:09:27 CST,2026-06-27 00:09:27 CST
2021-08-26,,20.38,18.84000015258789,2026-06-27 00:09:27 CST,2026-06-27 00:09:27 CST
2021-08-27,,19.93,16.389999389648438,2026-06-27 00:09:27 CST,2026-06-27 00:09:27 CST
2021-08-30,,19.46,16.190000534057617,2026-06-27 00:09:27 CST,2026-06-27 00:09:27 CST
2021-08-31,,19.16,16.479999542236328,2026-06-27 00:09:27 CST,2026-06-27 00:09:27 CST
2021-09-01,,19.18,16.110000610351562,2026-06-27 00:09:27 CST,2026-06-27 00:09:27 CST
2021-09-02,,19.0,16.40999984741211,2026-06-27 00:09:27 CST,2026-06-27 00:09:27 CST
2021-09-03,,19.09,16.40999984741211,2026-06-27 00:09:27 CST,2026-06-27 00:09:27 CST
2021-09-06,,18.89,,2026-06-27 00:09:27 CST,2026-06-27 00:09:27 CST
2021-09-07,,19.03,18.139999389648438,2026-06-27 00:09:27 CST,2026-06-27 00:09:27 CST
2021-09-08,,19.38,17.959999084472656,2026-06-27 00:09:27 CST,2026-06-27 00:09:27 CST
2021-09-09,,19.55,18.799999237060547,2026-06-27 00:09:27 CST,2026-06-27 00:09:27 CST
2021-09-10,,18.31,20.950000762939453,2026-06-27 00:09:27 CST,2026-06-27 00:09:27 CST
2021-09-13,,16.88,19.3700008392334,2026-06-27 00:09:27 CST,2026-06-27 00:09:27 CST
2021-09-14,,17.09,19.459999084472656,2026-06-27 00:09:27 CST,2026-06-27 00:09:27 CST
2021-09-15,,17.56,18.18000030517578,2026-06-27 00:09:27 CST,2026-06-27 00:09:27 CST
2021-09-16,,17.31,18.690000534057617,2026-06-27 00:09:27 CST,2026-06-27 00:09:27 CST
2021-09-17,,17.14,20.809999465942383,2026-06-27 00:09:27 CST,2026-06-27 00:09:27 CST
2021-09-20,,,25.709999084472656,2026-06-27 00:09:27 CST,2026-06-27 00:09:27 CST
2021-09-21,,,24.360000610351562,2026-06-27 00:09:27 CST,2026-06-27 00:09:27 CST
2021-09-22,,21.71,20.8700008392334,2026-06-27 00:09:27 CST,2026-06-27 00:09:27 CST
2021-09-23,,19.91,18.6299991607666,2026-06-27 00:09:27 CST,2026-06-27 00:09:27 CST
2021-09-24,,19.19,17.75,2026-06-27 00:09:27 CST,2026-06-27 00:09:27 CST
2021-09-27,,19.77,18.760000228881836,2026-06-27 00:09:27 CST,2026-06-27 00:09:27 CST
2021-09-28,,20.58,23.25,2026-06-27 00:09:27 CST,2026-06-27 00:09:27 CST
2021-09-29,,23.01,22.559999465942383,2026-06-27 00:09:27 CST,2026-06-27 00:09:27 CST
2021-09-30,,22.3,23.139999389648438,2026-06-27 00:09:27 CST,2026-06-27 00:09:27 CST
2021-10-01,,24.54,21.100000381469727,2026-06-27 00:09:27 CST,2026-06-27 00:09:27 CST
2021-10-04,,25.4,22.959999084472656,2026-06-27 00:09:27 CST,2026-06-27 00:09:27 CST
2021-10-05,,24.91,21.299999237060547,2026-06-27 00:09:27 CST,2026-06-27 00:09:27 CST
2021-10-06,,25.44,21.0,2026-06-27 00:09:27 CST,2026-06-27 00:09:27 CST
2021-10-07,,23.57,19.540000915527344,2026-06-27 00:09:27 CST,2026-06-27 00:09:27 CST
2021-10-08,,24.36,18.770000457763672,2026-06-27 00:09:27 CST,2026-06-27 00:09:27 CST
2021-10-11,,,20.0,2026-06-27 00:09:27 CST,2026-06-27 00:09:27 CST
2021-10-12,,25.24,19.850000381469727,2026-06-27 00:09:27 CST,2026-06-27 00:09:27 CST
2021-10-13,,24.13,18.639999389648438,2026-06-27 00:09:27 CST,2026-06-27 00:09:27 CST
2021-10-14,,22.32,16.860000610351562,2026-06-27 00:09:27 CST,2026-06-27 00:09:27 CST
2021-10-15,,20.17,16.299999237060547,2026-06-27 00:09:27 CST,2026-06-27 00:09:27 CST
2021-10-18,,20.45,16.309999465942383,2026-06-27 00:09:27 CST,2026-06-27 00:09:27 CST
2021-10-19,,19.56,15.699999809265137,2026-06-27 00:09:27 CST,2026-06-27 00:09:27 CST
2021-10-20,,19.37,15.489999771118164,2026-06-27 00:09:27 CST,2026-06-27 00:09:27 CST
2021-10-21,,18.88,15.010000228881836,2026-06-27 00:09:27 CST,2026-06-27 00:09:27 CST
2021-10-22,,19.17,15.430000305175781,2026-06-27 00:09:27 CST,2026-06-27 00:09:27 CST
2021-10-25,,19.72,15.239999771118164,2026-06-27 00:09:27 CST,2026-06-27 00:09:27 CST
2021-10-26,,18.84,15.979999542236328,2026-06-27 00:09:27 CST,2026-06-27 00:09:27 CST
2021-10-27,,18.51,16.979999542236328,2026-06-27 00:09:27 CST,2026-06-27 00:09:27 CST
2021-10-28,,17.83,16.530000686645508,2026-06-27 00:09:27 CST,2026-06-27 00:09:27 CST
2021-10-29,,18.98,16.260000228881836,2026-06-27 00:09:27 CST,2026-06-27 00:09:27 CST
2021-11-01,,19.22,16.40999984741211,2026-06-27 00:09:27 CST,2026-06-27 00:09:27 CST
2021-11-02,,19.84,16.030000686645508,2026-06-27 00:09:27 CST,2026-06-27 00:09:27 CST
2021-11-03,,19.04,15.100000381469727,2026-06-27 00:09:27 CST,2026-06-27 00:09:27 CST
2021-11-04,,18.18,15.4399995803833,2026-06-27 00:09:27 CST,2026-06-27 00:09:27 CST
2021-11-05,,17.87,16.479999542236328,2026-06-27 00:09:27 CST,2026-06-27 00:09:27 CST
2021-11-08,,16.99,17.219999313354492,2026-06-27 00:09:27 CST,2026-06-27 00:09:27 CST
2021-11-09,,17.68,17.780000686645508,2026-06-27 00:09:27 CST,2026-06-27 00:09:27 CST
2021-11-10,,17.13,18.729999542236328,2026-06-27 00:09:27 CST,2026-06-27 00:09:27 CST
2021-11-11,,17.12,17.65999984741211,2026-06-27 00:09:27 CST,2026-06-27 00:09:27 CST
2021-11-12,,16.35,16.290000915527344,2026-06-27 00:09:27 CST,2026-06-27 00:09:27 CST
2021-11-15,,16.51,16.489999771118164,2026-06-27 00:09:27 CST,2026-06-27 00:09:27 CST
2021-11-16,,15.88,16.3700008392334,2026-06-27 00:09:27 CST,2026-06-27 00:09:27 CST
2021-11-17,,15.65,17.110000610351562,2026-06-27 00:09:27 CST,2026-06-27 00:09:27 CST
2021-11-18,,15.03,17.59000015258789,2026-06-27 00:09:27 CST,2026-06-27 00:09:27 CST
2021-11-19,,15.36,17.90999984741211,2026-06-27 00:09:27 CST,2026-06-27 00:09:27 CST
2021-11-22,,16.3,19.170000076293945,2026-06-27 00:09:27 CST,2026-06-27 00:09:27 CST
2021-11-23,,16.78,19.3799991607666,2026-06-27 00:09:27 CST,2026-06-27 00:09:27 CST
2021-11-24,,16.39,18.579999923706055,2026-06-27 00:09:27 CST,2026-06-27 00:09:27 CST
2021-11-25,,16.14,,2026-06-27 00:09:27 CST,2026-06-27 00:09:27 CST
2021-11-26,,19.26,28.6200008392334,2026-06-27 00:09:27 CST,2026-06-27 00:09:27 CST
2021-11-29,,20.51,22.959999084472656,2026-06-27 00:09:27 CST,2026-06-27 00:09:27 CST
2021-11-30,,19.77,27.190000534057617,2026-06-27 00:09:27 CST,2026-06-27 00:09:27 CST
2021-12-01,,19.17,31.1200008392334,2026-06-27 00:09:27 CST,2026-06-27 00:09:27 CST
2021-12-02,,19.78,27.950000762939453,2026-06-27 00:09:27 CST,2026-06-27 00:09:27 CST
2021-12-03,,19.04,30.670000076293945,2026-06-27 00:09:27 CST,2026-06-27 00:09:27 CST
2021-12-06,,20.05,27.18000030517578,2026-06-27 00:09:27 CST,2026-06-27 00:09:27 CST
2021-12-07,,18.2,21.889999389648438,2026-06-27 00:09:27 CST,2026-06-27 00:09:27 CST
2021-12-08,,17.33,19.899999618530273,2026-06-27 00:09:27 CST,2026-06-27 00:09:27 CST
2021-12-09,,15.98,21.579999923706055,2026-06-27 00:09:27 CST,2026-06-27 00:09:27 CST
2021-12-10,,16.35,18.690000534057617,2026-06-27 00:09:27 CST,2026-06-27 00:09:27 CST
2021-12-13,,15.51,20.309999465942383,2026-06-27 00:09:27 CST,2026-06-27 00:09:27 CST
2021-12-14,,16.37,21.889999389648438,2026-06-27 00:09:27 CST,2026-06-27 00:09:27 CST
2021-12-15,,16.57,19.290000915527344,2026-06-27 00:09:27 CST,2026-06-27 00:09:27 CST
2021-12-16,,14.65,20.56999969482422,2026-06-27 00:09:27 CST,2026-06-27 00:09:27 CST
2021-12-17,,15.45,21.56999969482422,2026-06-27 00:09:27 CST,2026-06-27 00:09:27 CST
2021-12-20,,17.87,22.8700008392334,2026-06-27 00:09:27 CST,2026-06-27 00:09:27 CST
2021-12-21,,16.1,21.010000228881836,2026-06-27 00:09:27 CST,2026-06-27 00:09:27 CST
2021-12-22,,15.8,18.6299991607666,2026-06-27 00:09:27 CST,2026-06-27 00:09:27 CST
2021-12-23,,15.06,17.959999084472656,2026-06-27 00:09:27 CST,2026-06-27 00:09:27 CST
2021-12-24,,14.83,,2026-06-27 00:09:27 CST,2026-06-27 00:09:27 CST
2021-12-27,,15.35,17.68000030517578,2026-06-27 00:09:27 CST,2026-06-27 00:09:27 CST
2021-12-28,,14.85,17.540000915527344,2026-06-27 00:09:27 CST,2026-06-27 00:09:27 CST
2021-12-29,,14.78,16.950000762939453,2026-06-27 00:09:27 CST,2026-06-27 00:09:27 CST
2021-12-30,,14.47,17.329999923706055,2026-06-27 00:09:27 CST,2026-06-27 00:09:27 CST
2021-12-31,,,17.219999313354492,2026-06-27 00:09:27 CST,2026-06-27 00:09:27 CST
2022-01-03,,15.17,16.600000381469727,2026-06-27 00:09:27 CST,2026-06-27 00:09:27 CST
2022-01-04,,15.32,16.90999984741211,2026-06-27 00:09:27 CST,2026-06-27 00:09:27 CST
2022-01-05,,15.4,19.729999542236328,2026-06-27 00:09:27 CST,2026-06-27 00:09:27 CST
2022-01-06,,16.27,19.610000610351562,2026-06-27 00:09:27 CST,2026-06-27 00:09:27 CST
2022-01-07,,17.69,18.760000228881836,2026-06-27 00:09:27 CST,2026-06-27 00:09:27 CST
2022-01-10,,16.5,19.399999618530273,2026-06-27 00:09:27 CST,2026-06-27 00:09:27 CST
2022-01-11,,16.9,18.40999984741211,2026-06-27 00:09:27 CST,2026-06-27 00:09:27 CST
2022-01-12,,16.17,17.6200008392334,2026-06-27 00:09:27 CST,2026-06-27 00:09:27 CST
2022-01-13,,15.94,20.309999465942383,2026-06-27 00:09:27 CST,2026-06-27 00:09:27 CST
2022-01-14,,16.96,19.190000534057617,2026-06-27 00:09:27 CST,2026-06-27 00:09:27 CST
2022-01-17,,16.91,,2026-06-27 00:09:27 CST,2026-06-27 00:09:27 CST
2022-01-18,,17.97,22.790000915527344,2026-06-27 00:09:27 CST,2026-06-27 00:09:27 CST
2022-01-19,,19.26,23.850000381469727,2026-06-27 00:09:27 CST,2026-06-27 00:09:27 CST
2022-01-20,,17.98,25.59000015258789,2026-06-27 00:09:27 CST,2026-06-27 00:09:27 CST
2022-01-21,,19.73,28.850000381469727,2026-06-27 00:09:27 CST,2026-06-27 00:09:27 CST
2022-01-24,,19.97,29.899999618530273,2026-06-27 00:09:27 CST,2026-06-27 00:09:27 CST
2022-01-25,,23.82,31.15999984741211,2026-06-27 00:09:27 CST,2026-06-27 00:09:27 CST
2022-01-26,,24.01,31.959999084472656,2026-06-27 00:09:27 CST,2026-06-27 00:09:27 CST
2022-01-27,,,30.489999771118164,2026-06-27 00:09:27 CST,2026-06-27 00:09:27 CST
2022-01-28,,,27.65999984741211,2026-06-27 00:09:27 CST,2026-06-27 00:09:27 CST
2022-01-31,,,24.829999923706055,2026-06-27 00:09:27 CST,2026-06-27 00:09:27 CST
2022-02-01,,,21.959999084472656,2026-06-27 00:09:27 CST,2026-06-27 00:09:27 CST
2022-02-02,,,22.09000015258789,2026-06-27 00:09:27 CST,2026-06-27 00:09:27 CST
2022-02-03,,,24.350000381469727,2026-06-27 00:09:27 CST,2026-06-27 00:09:27 CST
2022-02-04,,,23.219999313354492,2026-06-27 00:09:27 CST,2026-06-27 00:09:27 CST
2022-02-07,,20.25,22.860000610351562,2026-06-27 00:09:27 CST,2026-06-27 00:09:27 CST
2022-02-08,,19.31,21.440000534057617,2026-06-27 00:09:27 CST,2026-06-27 00:09:27 CST
2022-02-09,,17.15,19.959999084472656,2026-06-27 00:09:27 CST,2026-06-27 00:09:27 CST
2022-02-10,,16.09,23.90999984741211,2026-06-27 00:09:27 CST,2026-06-27 00:09:27 CST
2022-02-11,,17.49,27.360000610351562,2026-06-27 00:09:27 CST,2026-06-27 00:09:27 CST
2022-02-14,,20.77,28.329999923706055,2026-06-27 00:09:27 CST,2026-06-27 00:09:27 CST
2022-02-15,,21.32,25.700000762939453,2026-06-27 00:09:27 CST,2026-06-27 00:09:27 CST
2022-02-16,,18.4,24.290000915527344,2026-06-27 00:09:27 CST,2026-06-27 00:09:27 CST
2022-02-17,,19.11,28.110000610351562,2026-06-27 00:09:27 CST,2026-06-27 00:09:27 CST
2022-02-18,,19.31,27.75,2026-06-27 00:09:27 CST,2026-06-27 00:09:27 CST
2022-02-21,,20.03,,2026-06-27 00:09:27 CST,2026-06-27 00:09:27 CST
2022-02-22,,22.25,28.809999465942383,2026-06-27 00:09:27 CST,2026-06-27 00:09:27 CST
2022-02-23,,20.07,31.020000457763672,2026-06-27 00:09:27 CST,2026-06-27 00:09:27 CST
2022-02-24,,24.58,30.31999969482422,2026-06-27 00:09:27 CST,2026-06-27 00:09:27 CST
2022-02-25,,22.66,27.59000015258789,2026-06-27 00:09:27 CST,2026-06-27 00:09:27 CST
2022-02-28,,,30.149999618530273,2026-06-27 00:09:27 CST,2026-06-27 00:09:27 CST
2022-03-01,,21.52,33.31999969482422,2026-06-27 00:09:27 CST,2026-06-27 00:09:27 CST
2022-03-02,,21.79,30.739999771118164,2026-06-27 00:09:27 CST,2026-06-27 00:09:27 CST
2022-03-03,,20.72,30.479999542236328,2026-06-27 00:09:27 CST,2026-06-27 00:09:27 CST
2022-03-04,,23.04,31.979999542236328,2026-06-27 00:09:27 CST,2026-06-27 00:09:27 CST
2022-03-07,,26.54,36.45000076293945,2026-06-27 00:09:27 CST,2026-06-27 00:09:27 CST
2022-03-08,,27.48,35.130001068115234,2026-06-27 00:09:27 CST,2026-06-27 00:09:27 CST
2022-03-09,,24.31,32.45000076293945,2026-06-27 00:09:27 CST,2026-06-27 00:09:27 CST
2022-03-10,,22.75,30.229999542236328,2026-06-27 00:09:27 CST,2026-06-27 00:09:27 CST
2022-03-11,,23.64,30.75,2026-06-27 00:09:27 CST,2026-06-27 00:09:27 CST
2022-03-14,,23.82,31.770000457763672,2026-06-27 00:09:27 CST,2026-06-27 00:09:27 CST
2022-03-15,,25.17,29.829999923706055,2026-06-27 00:09:27 CST,2026-06-27 00:09:27 CST
2022-03-16,,24.06,26.670000076293945,2026-06-27 00:09:27 CST,2026-06-27 00:09:27 CST
2022-03-17,,20.58,25.670000076293945,2026-06-27 00:09:27 CST,2026-06-27 00:09:27 CST
2022-03-18,,20.38,23.8700008392334,2026-06-27 00:09:27 CST,2026-06-27 00:09:27 CST
2022-03-21,,19.53,23.530000686645508,2026-06-27 00:09:27 CST,2026-06-27 00:09:27 CST
2022-03-22,,18.34,22.940000534057617,2026-06-27 00:09:27 CST,2026-06-27 00:09:27 CST
2022-03-23,,16.69,23.56999969482422,2026-06-27 00:09:27 CST,2026-06-27 00:09:27 CST
2022-03-24,,17.09,21.670000076293945,2026-06-27 00:09:27 CST,2026-06-27 00:09:27 CST
2022-03-25,,17.29,20.809999465942383,2026-06-27 00:09:27 CST,2026-06-27 00:09:27 CST
2022-03-28,,18.48,19.6299991607666,2026-06-27 00:09:27 CST,2026-06-27 00:09:27 CST
2022-03-29,,17.25,18.899999618530273,2026-06-27 00:09:27 CST,2026-06-27 00:09:27 CST
2022-03-30,,16.73,19.329999923706055,2026-06-27 00:09:27 CST,2026-06-27 00:09:27 CST
2022-03-31,,17.3,20.559999465942383,2026-06-27 00:09:27 CST,2026-06-27 00:09:27 CST
2022-04-01,,17.69,19.6299991607666,2026-06-27 00:09:27 CST,2026-06-27 00:09:27 CST
2022-04-04,,,18.56999969482422,2026-06-27 00:09:27 CST,2026-06-27 00:09:27 CST
2022-04-05,,,21.030000686645508,2026-06-27 00:09:27 CST,2026-06-27 00:09:27 CST
2022-04-06,,17.77,22.100000381469727,2026-06-27 00:09:27 CST,2026-06-27 00:09:27 CST
2022-04-07,,20.54,21.549999237060547,2026-06-27 00:09:27 CST,2026-06-27 00:09:27 CST
2022-04-08,,19.02,21.15999984741211,2026-06-27 00:09:27 CST,2026-06-27 00:09:27 CST
2022-04-11,,20.47,24.3700008392334,2026-06-27 00:09:27 CST,2026-06-27 00:09:27 CST
2022-04-12,,20.9,24.260000228881836,2026-06-27 00:09:27 CST,2026-06-27 00:09:27 CST
2022-04-13,,19.11,21.81999969482422,2026-06-27 00:09:27 CST,2026-06-27 00:09:27 CST
2022-04-14,,18.35,22.700000762939453,2026-06-27 00:09:27 CST,2026-06-27 00:09:27 CST
2022-04-15,,20.0,,2026-06-27 00:09:27 CST,2026-06-27 00:09:27 CST
2022-04-18,,20.89,22.170000076293945,2026-06-27 00:09:27 CST,2026-06-27 00:09:27 CST
2022-04-19,,19.16,21.3700008392334,2026-06-27 00:09:27 CST,2026-06-27 00:09:27 CST
2022-04-20,,18.59,20.31999969482422,2026-06-27 00:09:27 CST,2026-06-27 00:09:27 CST
2022-04-21,,17.35,22.68000030517578,2026-06-27 00:09:27 CST,2026-06-27 00:09:27 CST
2022-04-22,,17.71,28.209999084472656,2026-06-27 00:09:27 CST,2026-06-27 00:09:27 CST
2022-04-25,,21.45,27.020000457763672,2026-06-27 00:09:27 CST,2026-06-27 00:09:27 CST
2022-04-26,,20.36,33.52000045776367,2026-06-27 00:09:27 CST,2026-06-27 00:09:27 CST
2022-04-27,,21.74,31.600000381469727,2026-06-27 00:09:27 CST,2026-06-27 00:09:27 CST
2022-04-28,,21.55,29.989999771118164,2026-06-27 00:09:27 CST,2026-06-27 00:09:27 CST
2022-04-29,,20.68,33.400001525878906,2026-06-27 00:09:27 CST,2026-06-27 00:09:27 CST
2022-05-02,,,32.34000015258789,2026-06-27 00:09:27 CST,2026-06-27 00:09:27 CST
2022-05-03,,21.95,29.25,2026-06-27 00:09:27 CST,2026-06-27 00:09:27 CST
2022-05-04,,21.5,25.420000076293945,2026-06-27 00:09:27 CST,2026-06-27 00:09:27 CST
2022-05-05,,19.51,31.200000762939453,2026-06-27 00:09:27 CST,2026-06-27 00:09:27 CST
2022-05-06,,21.97,30.190000534057617,2026-06-27 00:09:27 CST,2026-06-27 00:09:27 CST
2022-05-09,,24.01,34.75,2026-06-27 00:09:27 CST,2026-06-27 00:09:27 CST
2022-05-10,,23.48,32.9900016784668,2026-06-27 00:09:27 CST,2026-06-27 00:09:27 CST
2022-05-11,,23.19,32.560001373291016,2026-06-27 00:09:27 CST,2026-06-27 00:09:27 CST
2022-05-12,,24.55,31.770000457763672,2026-06-27 00:09:27 CST,2026-06-27 00:09:27 CST
2022-05-13,,21.64,28.8700008392334,2026-06-27 00:09:27 CST,2026-06-27 00:09:27 CST
2022-05-16,,22.21,27.469999313354492,2026-06-27 00:09:27 CST,2026-06-27 00:09:27 CST
2022-05-17,,20.01,26.100000381469727,2026-06-27 00:09:27 CST,2026-06-27 00:09:27 CST
2022-05-18,,19.62,30.959999084472656,2026-06-27 00:09:27 CST,2026-06-27 00:09:27 CST
2022-05-19,,21.24,29.350000381469727,2026-06-27 00:09:27 CST,2026-06-27 00:09:27 CST
2022-05-20,,20.24,29.43000030517578,2026-06-27 00:09:27 CST,2026-06-27 00:09:27 CST
2022-05-23,,21.42,28.479999542236328,2026-06-27 00:09:27 CST,2026-06-27 00:09:27 CST
2022-05-24,,21.62,29.450000762939453,2026-06-27 00:09:27 CST,2026-06-27 00:09:27 CST
2022-05-25,,20.46,28.3700008392334,2026-06-27 00:09:27 CST,2026-06-27 00:09:27 CST
2022-05-26,,20.93,27.5,2026-06-27 00:09:27 CST,2026-06-27 00:09:27 CST
2022-05-27,,19.72,25.719999313354492,2026-06-27 00:09:27 CST,2026-06-27 00:09:27 CST
2022-05-30,,18.7,,2026-06-27 00:09:27 CST,2026-06-27 00:09:27 CST
2022-05-31,,18.32,26.190000534057617,2026-06-27 00:09:27 CST,2026-06-27 00:09:27 CST
2022-06-01,,18.85,25.690000534057617,2026-06-27 00:09:27 CST,2026-06-27 00:09:27 CST
2022-06-02,,18.69,24.719999313354492,2026-06-27 00:09:27 CST,2026-06-27 00:09:27 CST
2022-06-03,,,24.790000915527344,2026-06-27 00:09:27 CST,2026-06-27 00:09:27 CST
2022-06-06,,18.27,25.06999969482422,2026-06-27 00:09:27 CST,2026-06-27 00:09:27 CST
2022-06-07,,18.57,24.020000457763672,2026-06-27 00:09:27 CST,2026-06-27 00:09:27 CST
2022-06-08,,17.88,23.959999084472656,2026-06-27 00:09:27 CST,2026-06-27 00:09:27 CST
2022-06-09,,17.55,26.09000015258789,2026-06-27 00:09:27 CST,2026-06-27 00:09:27 CST
2022-06-10,,17.87,27.75,2026-06-27 00:09:27 CST,2026-06-27 00:09:27 CST
2022-06-13,,21.05,34.02000045776367,2026-06-27 00:09:27 CST,2026-06-27 00:09:27 CST
2022-06-14,,21.39,32.689998626708984,2026-06-27 00:09:27 CST,2026-06-27 00:09:27 CST
2022-06-15,,21.67,29.6200008392334,2026-06-27 00:09:27 CST,2026-06-27 00:09:27 CST
2022-06-16,,21.01,32.95000076293945,2026-06-27 00:09:27 CST,2026-06-27 00:09:27 CST
2022-06-17,,22.69,31.1299991607666,2026-06-27 00:09:27 CST,2026-06-27 00:09:27 CST
2022-06-20,,22.73,,2026-06-27 00:09:27 CST,2026-06-27 00:09:27 CST
2022-06-21,,20.82,30.190000534057617,2026-06-27 00:09:27 CST,2026-06-27 00:09:27 CST
2022-06-22,,22.28,28.950000762939453,2026-06-27 00:09:27 CST,2026-06-27 00:09:27 CST
2022-06-23,,23.03,29.049999237060547,2026-06-27 00:09:27 CST,2026-06-27 00:09:27 CST
2022-06-24,,22.44,27.229999542236328,2026-06-27 00:09:27 CST,2026-06-27 00:09:27 CST
2022-06-27,,22.08,26.950000762939453,2026-06-27 00:09:27 CST,2026-06-27 00:09:27 CST
2022-06-28,,21.82,28.360000610351562,2026-06-27 00:09:27 CST,2026-06-27 00:09:27 CST
2022-06-29,,22.18,28.15999984741211,2026-06-27 00:09:27 CST,2026-06-27 00:09:27 CST
2022-06-30,,24.37,28.709999084472656,2026-06-27 00:09:27 CST,2026-06-27 00:09:27 CST
2022-07-01,,27.01,26.700000762939453,2026-06-27 00:09:27 CST,2026-06-27 00:09:27 CST
2022-07-04,,27.56,,2026-06-27 00:09:27 CST,2026-06-27 00:09:27 CST
2022-07-05,,27.18,27.540000915527344,2026-06-27 00:09:27 CST,2026-06-27 00:09:27 CST
2022-07-06,,29.4,26.729999542236328,2026-06-27 00:09:27 CST,2026-06-27 00:09:27 CST
2022-07-07,,28.26,26.079999923706055,2026-06-27 00:09:27 CST,2026-06-27 00:09:27 CST
2022-07-08,,27.33,24.639999389648438,2026-06-27 00:09:27 CST,2026-06-27 00:09:27 CST
2022-07-11,,26.95,26.170000076293945,2026-06-27 00:09:27 CST,2026-06-27 00:09:27 CST
2022-07-12,,28.14,27.290000915527344,2026-06-27 00:09:27 CST,2026-06-27 00:09:27 CST
2022-07-13,,27.6,26.81999969482422,2026-06-27 00:09:27 CST,2026-06-27 00:09:27 CST
2022-07-14,,25.9,26.399999618530273,2026-06-27 00:09:27 CST,2026-06-27 00:09:27 CST
2022-07-15,,25.02,24.229999542236328,2026-06-27 00:09:27 CST,2026-06-27 00:09:27 CST
2022-07-18,,24.07,25.299999237060547,2026-06-27 00:09:27 CST,2026-06-27 00:09:27 CST
2022-07-19,,23.54,24.5,2026-06-27 00:09:27 CST,2026-06-27 00:09:27 CST
2022-07-20,,22.99,23.8799991607666,2026-06-27 00:09:27 CST,2026-06-27 00:09:27 CST
2022-07-21,,21.11,23.110000610351562,2026-06-27 00:09:27 CST,2026-06-27 00:09:27 CST
2022-07-22,,21.26,23.030000686645508,2026-06-27 00:09:27 CST,2026-06-27 00:09:27 CST
2022-07-25,,21.66,23.360000610351562,2026-06-27 00:09:27 CST,2026-06-27 00:09:27 CST
2022-07-26,,21.6,24.690000534057617,2026-06-27 00:09:27 CST,2026-06-27 00:09:27 CST
2022-07-27,,21.56,23.239999771118164,2026-06-27 00:09:27 CST,2026-06-27 00:09:27 CST
2022-07-28,,20.87,22.329999923706055,2026-06-27 00:09:27 CST,2026-06-27 00:09:27 CST
2022-07-29,,19.9,21.329999923706055,2026-06-27 00:09:27 CST,2026-06-27 00:09:27 CST
2022-08-01,,21.53,22.84000015258789,2026-06-27 00:09:27 CST,2026-06-27 00:09:27 CST
2022-08-02,,26.1,23.93000030517578,2026-06-27 00:09:27 CST,2026-06-27 00:09:27 CST
2022-08-03,,24.45,21.950000762939453,2026-06-27 00:09:27 CST,2026-06-27 00:09:27 CST
2022-08-04,,24.05,21.440000534057617,2026-06-27 00:09:27 CST,2026-06-27 00:09:27 CST
2022-08-05,,21.85,21.149999618530273,2026-06-27 00:09:27 CST,2026-06-27 00:09:27 CST
2022-08-08,,21.37,21.290000915527344,2026-06-27 00:09:27 CST,2026-06-27 00:09:27 CST
2022-08-09,,19.88,21.770000457763672,2026-06-27 00:09:27 CST,2026-06-27 00:09:27 CST
2022-08-10,,20.07,19.739999771118164,2026-06-27 00:09:27 CST,2026-06-27 00:09:27 CST
2022-08-11,,17.72,20.200000762939453,2026-06-27 00:09:27 CST,2026-06-27 00:09:27 CST
2022-08-12,,16.86,19.530000686645508,2026-06-27 00:09:27 CST,2026-06-27 00:09:27 CST
2022-08-15,,16.29,19.950000762939453,2026-06-27 00:09:27 CST,2026-06-27 00:09:27 CST
2022-08-16,,16.42,19.690000534057617,2026-06-27 00:09:27 CST,2026-06-27 00:09:27 CST
2022-08-17,,16.58,19.899999618530273,2026-06-27 00:09:27 CST,2026-06-27 00:09:27 CST
2022-08-18,,16.58,19.559999465942383,2026-06-27 00:09:27 CST,2026-06-27 00:09:27 CST
2022-08-19,,16.33,20.600000381469727,2026-06-27 00:09:27 CST,2026-06-27 00:09:27 CST
2022-08-22,,17.87,23.799999237060547,2026-06-27 00:09:27 CST,2026-06-27 00:09:27 CST
2022-08-23,,18.42,24.110000610351562,2026-06-27 00:09:27 CST,2026-06-27 00:09:27 CST
2022-08-24,,18.4,22.81999969482422,2026-06-27 00:09:27 CST,2026-06-27 00:09:27 CST
2022-08-25,,17.51,21.780000686645508,2026-06-27 00:09:27 CST,2026-06-27 00:09:27 CST
2022-08-26,,17.52,25.559999465942383,2026-06-27 00:09:27 CST,2026-06-27 00:09:27 CST
2022-08-29,,20.91,26.209999084472656,2026-06-27 00:09:27 CST,2026-06-27 00:09:27 CST
2022-08-30,,19.67,26.209999084472656,2026-06-27 00:09:27 CST,2026-06-27 00:09:27 CST
2022-08-31,,19.84,25.8700008392334,2026-06-27 00:09:27 CST,2026-06-27 00:09:27 CST
2022-09-01,,21.85,25.559999465942383,2026-06-27 00:09:27 CST,2026-06-27 00:09:27 CST
2022-09-02,,21.77,25.469999313354492,2026-06-27 00:09:27 CST,2026-06-27 00:09:27 CST
2022-09-05,,21.92,,2026-06-27 00:09:27 CST,2026-06-27 00:09:27 CST
2022-09-06,,21.69,26.90999984741211,2026-06-27 00:09:27 CST,2026-06-27 00:09:27 CST
2022-09-07,,22.49,24.639999389648438,2026-06-27 00:09:27 CST,2026-06-27 00:09:27 CST
2022-09-08,,20.39,23.610000610351562,2026-06-27 00:09:27 CST,2026-06-27 00:09:27 CST
2022-09-09,,,22.790000915527344,2026-06-27 00:09:27 CST,2026-06-27 00:09:27 CST
2022-09-12,,20.84,23.8700008392334,2026-06-27 00:09:27 CST,2026-06-27 00:09:27 CST
2022-09-13,,21.01,27.270000457763672,2026-06-27 00:09:27 CST,2026-06-27 00:09:27 CST
2022-09-14,,21.82,26.15999984741211,2026-06-27 00:09:27 CST,2026-06-27 00:09:27 CST
2022-09-15,,21.03,26.270000457763672,2026-06-27 00:09:27 CST,2026-06-27 00:09:27 CST
2022-09-16,,21.11,26.299999237060547,2026-06-27 00:09:27 CST,2026-06-27 00:09:27 CST
2022-09-19,,21.33,25.760000228881836,2026-06-27 00:09:27 CST,2026-06-27 00:09:27 CST
2022-09-20,,20.58,27.15999984741211,2026-06-27 00:09:27 CST,2026-06-27 00:09:27 CST
2022-09-21,,21.42,27.989999771118164,2026-06-27 00:09:27 CST,2026-06-27 00:09:27 CST
2022-09-22,,20.99,27.350000381469727,2026-06-27 00:09:27 CST,2026-06-27 00:09:27 CST
2022-09-23,,20.37,29.920000076293945,2026-06-27 00:09:27 CST,2026-06-27 00:09:27 CST
2022-09-26,,23.33,32.2599983215332,2026-06-27 00:09:27 CST,2026-06-27 00:09:27 CST
2022-09-27,,23.02,32.599998474121094,2026-06-27 00:09:27 CST,2026-06-27 00:09:27 CST
2022-09-28,,24.74,30.18000030517578,2026-06-27 00:09:27 CST,2026-06-27 00:09:27 CST
2022-09-29,,24.57,31.84000015258789,2026-06-27 00:09:27 CST,2026-06-27 00:09:27 CST
2022-09-30,,25.08,31.6200008392334,2026-06-27 00:09:27 CST,2026-06-27 00:09:27 CST
2022-10-03,,25.76,30.100000381469727,2026-06-27 00:09:27 CST,2026-06-27 00:09:27 CST
2022-10-04,,24.41,29.06999969482422,2026-06-27 00:09:27 CST,2026-06-27 00:09:27 CST
2022-10-05,,23.99,28.549999237060547,2026-06-27 00:09:27 CST,2026-06-27 00:09:27 CST
2022-10-06,,23.69,30.520000457763672,2026-06-27 00:09:27 CST,2026-06-27 00:09:27 CST
2022-10-07,,24.74,31.360000610351562,2026-06-27 00:09:27 CST,2026-06-27 00:09:27 CST
2022-10-10,,,32.45000076293945,2026-06-27 00:09:27 CST,2026-06-27 00:09:27 CST
2022-10-11,,27.38,33.630001068115234,2026-06-27 00:09:27 CST,2026-06-27 00:09:27 CST
2022-10-12,,27.18,33.56999969482422,2026-06-27 00:09:27 CST,2026-06-27 00:09:27 CST
2022-10-13,,27.83,31.940000534057617,2026-06-27 00:09:27 CST,2026-06-27 00:09:27 CST
2022-10-14,,26.07,32.02000045776367,2026-06-27 00:09:27 CST,2026-06-27 00:09:27 CST
2022-10-17,,27.07,31.3700008392334,2026-06-27 00:09:27 CST,2026-06-27 00:09:27 CST
2022-10-18,,25.9,30.5,2026-06-27 00:09:27 CST,2026-06-27 00:09:27 CST
2022-10-19,,25.71,30.760000228881836,2026-06-27 00:09:27 CST,2026-06-27 00:09:27 CST
2022-10-20,,25.5,29.979999542236328,2026-06-27 00:09:27 CST,2026-06-27 00:09:27 CST
2022-10-21,,25.83,29.690000534057617,2026-06-27 00:09:27 CST,2026-06-27 00:09:27 CST
2022-10-24,,27.19,29.850000381469727,2026-06-27 00:09:27 CST,2026-06-27 00:09:27 CST
2022-10-25,,27.62,28.459999084472656,2026-06-27 00:09:27 CST,2026-06-27 00:09:27 CST
2022-10-26,,26.35,27.280000686645508,2026-06-27 00:09:27 CST,2026-06-27 00:09:27 CST
2022-10-27,,24.78,27.389999389648438,2026-06-27 00:09:27 CST,2026-06-27 00:09:27 CST
2022-10-28,,25.41,25.75,2026-06-27 00:09:27 CST,2026-06-27 00:09:27 CST
2022-10-31,,24.88,25.8799991607666,2026-06-27 00:09:27 CST,2026-06-27 00:09:27 CST
2022-11-01,,24.06,25.809999465942383,2026-06-27 00:09:27 CST,2026-06-27 00:09:27 CST
2022-11-02,,23.96,25.860000610351562,2026-06-27 00:09:27 CST,2026-06-27 00:09:27 CST
2022-11-03,,22.65,25.299999237060547,2026-06-27 00:09:27 CST,2026-06-27 00:09:27 CST
2022-11-04,,21.93,24.549999237060547,2026-06-27 00:09:27 CST,2026-06-27 00:09:27 CST
2022-11-07,,21.32,24.350000381469727,2026-06-27 00:09:27 CST,2026-06-27 00:09:27 CST
2022-11-08,,20.08,25.540000915527344,2026-06-27 00:09:27 CST,2026-06-27 00:09:27 CST
2022-11-09,,20.31,26.09000015258789,2026-06-27 00:09:27 CST,2026-06-27 00:09:27 CST
2022-11-10,,20.7,23.530000686645508,2026-06-27 00:09:27 CST,2026-06-27 00:09:27 CST
2022-11-11,,20.61,22.520000457763672,2026-06-27 00:09:27 CST,2026-06-27 00:09:27 CST
2022-11-14,,21.82,23.729999542236328,2026-06-27 00:09:27 CST,2026-06-27 00:09:27 CST
2022-11-15,,24.53,24.540000915527344,2026-06-27 00:09:27 CST,2026-06-27 00:09:27 CST
2022-11-16,,24.23,24.110000610351562,2026-06-27 00:09:27 CST,2026-06-27 00:09:27 CST
2022-11-17,,21.87,23.93000030517578,2026-06-27 00:09:27 CST,2026-06-27 00:09:27 CST
2022-11-18,,21.61,23.1200008392334,2026-06-27 00:09:27 CST,2026-06-27 00:09:27 CST
2022-11-21,,21.03,22.360000610351562,2026-06-27 00:09:27 CST,2026-06-27 00:09:27 CST
2022-11-22,,19.75,21.290000915527344,2026-06-27 00:09:27 CST,2026-06-27 00:09:27 CST
2022-11-23,,19.9,20.350000381469727,2026-06-27 00:09:27 CST,2026-06-27 00:09:27 CST
2022-11-24,,18.9,,2026-06-27 00:09:27 CST,2026-06-27 00:09:27 CST
2022-11-25,,19.43,20.5,2026-06-27 00:09:27 CST,2026-06-27 00:09:27 CST
2022-11-28,,20.92,22.209999084472656,2026-06-27 00:09:27 CST,2026-06-27 00:09:27 CST
2022-11-29,,20.87,21.889999389648438,2026-06-27 00:09:27 CST,2026-06-27 00:09:27 CST
2022-11-30,,20.26,20.579999923706055,2026-06-27 00:09:27 CST,2026-06-27 00:09:27 CST
2022-12-01,,20.75,19.84000015258789,2026-06-27 00:09:27 CST,2026-06-27 00:09:27 CST
2022-12-02,,20.33,19.059999465942383,2026-06-27 00:09:27 CST,2026-06-27 00:09:27 CST
2022-12-05,,21.16,20.75,2026-06-27 00:09:27 CST,2026-06-27 00:09:27 CST
2022-12-06,,22.18,22.170000076293945,2026-06-27 00:09:27 CST,2026-06-27 00:09:27 CST
2022-12-07,,22.58,22.68000030517578,2026-06-27 00:09:27 CST,2026-06-27 00:09:27 CST
2022-12-08,,21.72,22.290000915527344,2026-06-27 00:09:27 CST,2026-06-27 00:09:27 CST
2022-12-09,,20.19,22.829999923706055,2026-06-27 00:09:27 CST,2026-06-27 00:09:27 CST
2022-12-12,,21.07,25.0,2026-06-27 00:09:27 CST,2026-06-27 00:09:27 CST
2022-12-13,,23.03,22.549999237060547,2026-06-27 00:09:27 CST,2026-06-27 00:09:27 CST
2022-12-14,,20.07,21.139999389648438,2026-06-27 00:09:27 CST,2026-06-27 00:09:27 CST
2022-12-15,,17.94,22.829999923706055,2026-06-27 00:09:27 CST,2026-06-27 00:09:27 CST
2022-12-16,,18.46,22.6200008392334,2026-06-27 00:09:27 CST,2026-06-27 00:09:27 CST
2022-12-19,,17.11,22.420000076293945,2026-06-27 00:09:27 CST,2026-06-27 00:09:27 CST
2022-12-20,,19.19,21.479999542236328,2026-06-27 00:09:27 CST,2026-06-27 00:09:27 CST
2022-12-21,,16.91,20.06999969482422,2026-06-27 00:09:27 CST,2026-06-27 00:09:27 CST
2022-12-22,,15.88,21.969999313354492,2026-06-27 00:09:27 CST,2026-06-27 00:09:27 CST
2022-12-23,,16.06,20.8700008392334,2026-06-27 00:09:27 CST,2026-06-27 00:09:27 CST
2022-12-26,,15.65,,2026-06-27 00:09:27 CST,2026-06-27 00:09:27 CST
2022-12-27,,15.77,21.649999618530273,2026-06-27 00:09:27 CST,2026-06-27 00:09:27 CST
2022-12-28,,17.02,22.139999389648438,2026-06-27 00:09:27 CST,2026-06-27 00:09:27 CST
2022-12-29,,17.13,21.440000534057617,2026-06-27 00:09:27 CST,2026-06-27 00:09:27 CST
2022-12-30,,16.42,21.670000076293945,2026-06-27 00:09:27 CST,2026-06-27 00:09:27 CST
2023-01-03,,17.4,22.899999618530273,2026-06-27 00:09:27 CST,2026-06-27 00:09:27 CST
2023-01-04,,17.45,22.010000228881836,2026-06-27 00:09:27 CST,2026-06-27 00:09:27 CST
2023-01-05,,16.8,22.459999084472656,2026-06-27 00:09:27 CST,2026-06-27 00:09:27 CST
2023-01-06,,16.66,21.1299991607666,2026-06-27 00:09:27 CST,2026-06-27 00:09:27 CST
2023-01-09,,18.1,21.969999313354492,2026-06-27 00:09:27 CST,2026-06-27 00:09:27 CST
2023-01-10,,17.71,20.579999923706055,2026-06-27 00:09:27 CST,2026-06-27 00:09:27 CST
2023-01-11,,17.42,21.09000015258789,2026-06-27 00:09:27 CST,2026-06-27 00:09:27 CST
2023-01-12,,17.81,18.829999923706055,2026-06-27 00:09:27 CST,2026-06-27 00:09:27 CST
2023-01-13,,16.79,18.350000381469727,2026-06-27 00:09:27 CST,2026-06-27 00:09:27 CST
2023-01-16,,17.1,,2026-06-27 00:09:27 CST,2026-06-27 00:09:27 CST
2023-01-17,,17.15,19.360000610351562,2026-06-27 00:09:27 CST,2026-06-27 00:09:27 CST
2023-01-18,,,20.34000015258789,2026-06-27 00:09:27 CST,2026-06-27 00:09:27 CST
2023-01-19,,,20.520000457763672,2026-06-27 00:09:27 CST,2026-06-27 00:09:27 CST
2023-01-20,,,19.850000381469727,2026-06-27 00:09:27 CST,2026-06-27 00:09:27 CST
2023-01-23,,,19.809999465942383,2026-06-27 00:09:27 CST,2026-06-27 00:09:27 CST
2023-01-24,,,19.200000762939453,2026-06-27 00:09:27 CST,2026-06-27 00:09:27 CST
2023-01-25,,,19.079999923706055,2026-06-27 00:09:27 CST,2026-06-27 00:09:27 CST
2023-01-26,,,18.729999542236328,2026-06-27 00:09:27 CST,2026-06-27 00:09:27 CST
2023-01-27,,,18.510000228881836,2026-06-27 00:09:27 CST,2026-06-27 00:09:27 CST
2023-01-30,,18.92,19.940000534057617,2026-06-27 00:09:27 CST,2026-06-27 00:09:27 CST
2023-01-31,,18.46,19.399999618530273,2026-06-27 00:09:27 CST,2026-06-27 00:09:27 CST
2023-02-01,,18.37,17.8700008392334,2026-06-27 00:09:27 CST,2026-06-27 00:09:27 CST
2023-02-02,,17.85,18.729999542236328,2026-06-27 00:09:27 CST,2026-06-27 00:09:27 CST
2023-02-03,,18.2,18.329999923706055,2026-06-27 00:09:27 CST,2026-06-27 00:09:27 CST
2023-02-06,,18.03,19.43000030517578,2026-06-27 00:09:27 CST,2026-06-27 00:09:27 CST
2023-02-07,,17.59,18.65999984741211,2026-06-27 00:09:27 CST,2026-06-27 00:09:27 CST
2023-02-08,,17.23,19.6299991607666,2026-06-27 00:09:27 CST,2026-06-27 00:09:27 CST
2023-02-09,,16.76,20.709999084472656,2026-06-27 00:09:27 CST,2026-06-27 00:09:27 CST
2023-02-10,,17.38,20.530000686645508,2026-06-27 00:09:27 CST,2026-06-27 00:09:27 CST
2023-02-13,,18.69,20.34000015258789,2026-06-27 00:09:27 CST,2026-06-27 00:09:27 CST
2023-02-14,,18.4,18.90999984741211,2026-06-27 00:09:27 CST,2026-06-27 00:09:27 CST
2023-02-15,,17.65,18.229999542236328,2026-06-27 00:09:27 CST,2026-06-27 00:09:27 CST
2023-02-16,,16.34,20.170000076293945,2026-06-27 00:09:27 CST,2026-06-27 00:09:27 CST
2023-02-17,,16.49,20.020000457763672,2026-06-27 00:09:27 CST,2026-06-27 00:09:27 CST
2023-02-20,,16.09,,2026-06-27 00:09:27 CST,2026-06-27 00:09:27 CST
2023-02-21,,15.61,22.8700008392334,2026-06-27 00:09:27 CST,2026-06-27 00:09:27 CST
2023-02-22,,16.8,22.290000915527344,2026-06-27 00:09:27 CST,2026-06-27 00:09:27 CST
2023-02-23,,16.55,21.139999389648438,2026-06-27 00:09:27 CST,2026-06-27 00:09:27 CST
2023-02-24,,17.4,21.670000076293945,2026-06-27 00:09:27 CST,2026-06-27 00:09:27 CST
2023-02-27,,,20.950000762939453,2026-06-27 00:09:27 CST,2026-06-27 00:09:27 CST
2023-02-28,,,20.700000762939453,2026-06-27 00:09:27 CST,2026-06-27 00:09:27 CST
2023-03-01,,16.87,20.579999923706055,2026-06-27 00:09:27 CST,2026-06-27 00:09:27 CST
2023-03-02,,16.89,19.59000015258789,2026-06-27 00:09:27 CST,2026-06-27 00:09:27 CST
2023-03-03,,16.59,18.489999771118164,2026-06-27 00:09:27 CST,2026-06-27 00:09:27 CST
2023-03-06,,16.37,18.610000610351562,2026-06-27 00:09:27 CST,2026-06-27 00:09:27 CST
2023-03-07,,16.1,19.59000015258789,2026-06-27 00:09:27 CST,2026-06-27 00:09:27 CST
2023-03-08,,16.09,19.110000610351562,2026-06-27 00:09:27 CST,2026-06-27 00:09:27 CST
2023-03-09,,15.89,22.610000610351562,2026-06-27 00:09:27 CST,2026-06-27 00:09:27 CST
2023-03-10,,17.87,24.799999237060547,2026-06-27 00:09:27 CST,2026-06-27 00:09:27 CST
2023-03-13,,18.46,26.520000457763672,2026-06-27 00:09:27 CST,2026-06-27 00:09:27 CST
2023-03-14,,20.8,23.729999542236328,2026-06-27 00:09:27 CST,2026-06-27 00:09:27 CST
2023-03-15,,18.4,26.139999389648438,2026-06-27 00:09:27 CST,2026-06-27 00:09:27 CST
2023-03-16,,19.08,22.989999771118164,2026-06-27 00:09:27 CST,2026-06-27 00:09:27 CST
2023-03-17,,17.51,25.510000228881836,2026-06-27 00:09:27 CST,2026-06-27 00:09:27 CST
2023-03-20,,18.46,24.149999618530273,2026-06-27 00:09:27 CST,2026-06-27 00:09:27 CST
2023-03-21,,17.8,21.3799991607666,2026-06-27 00:09:27 CST,2026-06-27 00:09:27 CST
2023-03-22,,16.84,22.260000228881836,2026-06-27 00:09:27 CST,2026-06-27 00:09:27 CST
2023-03-23,,16.58,22.610000610351562,2026-06-27 00:09:27 CST,2026-06-27 00:09:27 CST
2023-03-24,,16.51,21.739999771118164,2026-06-27 00:09:27 CST,2026-06-27 00:09:27 CST
2023-03-27,,17.12,20.600000381469727,2026-06-27 00:09:27 CST,2026-06-27 00:09:27 CST
2023-03-28,,17.1,19.969999313354492,2026-06-27 00:09:27 CST,2026-06-27 00:09:27 CST
2023-03-29,,16.64,19.1200008392334,2026-06-27 00:09:27 CST,2026-06-27 00:09:27 CST
2023-03-30,,16.45,19.020000457763672,2026-06-27 00:09:27 CST,2026-06-27 00:09:27 CST
2023-03-31,,16.95,18.700000762939453,2026-06-27 00:09:27 CST,2026-06-27 00:09:27 CST
2023-04-03,,,18.549999237060547,2026-06-27 00:09:27 CST,2026-06-27 00:09:27 CST
2023-04-04,,,19.0,2026-06-27 00:09:27 CST,2026-06-27 00:09:27 CST
2023-04-05,,,19.079999923706055,2026-06-27 00:09:27 CST,2026-06-27 00:09:27 CST
2023-04-06,,16.94,18.399999618530273,2026-06-27 00:09:27 CST,2026-06-27 00:09:27 CST
2023-04-07,,16.17,,2026-06-27 00:09:27 CST,2026-06-27 00:09:27 CST
2023-04-10,,16.26,18.969999313354492,2026-06-27 00:09:27 CST,2026-06-27 00:09:27 CST
2023-04-11,,16.37,19.100000381469727,2026-06-27 00:09:27 CST,2026-06-27 00:09:27 CST
2023-04-12,,15.72,19.09000015258789,2026-06-27 00:09:27 CST,2026-06-27 00:09:27 CST
2023-04-13,,15.93,17.799999237060547,2026-06-27 00:09:27 CST,2026-06-27 00:09:27 CST
2023-04-14,,15.07,17.06999969482422,2026-06-27 00:09:27 CST,2026-06-27 00:09:27 CST
2023-04-17,,15.06,16.950000762939453,2026-06-27 00:09:27 CST,2026-06-27 00:09:27 CST
2023-04-18,,14.87,16.829999923706055,2026-06-27 00:09:27 CST,2026-06-27 00:09:27 CST
2023-04-19,,15.36,16.459999084472656,2026-06-27 00:09:27 CST,2026-06-27 00:09:27 CST
2023-04-20,,15.49,17.170000076293945,2026-06-27 00:09:27 CST,2026-06-27 00:09:27 CST
2023-04-21,,15.14,16.770000457763672,2026-06-27 00:09:27 CST,2026-06-27 00:09:27 CST
2023-04-24,,15.36,16.889999389648438,2026-06-27 00:09:27 CST,2026-06-27 00:09:27 CST
2023-04-25,,16.1,18.760000228881836,2026-06-27 00:09:27 CST,2026-06-27 00:09:27 CST
2023-04-26,,15.94,18.84000015258789,2026-06-27 00:09:27 CST,2026-06-27 00:09:27 CST
2023-04-27,,15.72,17.030000686645508,2026-06-27 00:09:27 CST,2026-06-27 00:09:27 CST
2023-04-28,,15.23,15.779999732971191,2026-06-27 00:09:27 CST,2026-06-27 00:09:27 CST
2023-05-01,,,16.079999923706055,2026-06-27 00:09:27 CST,2026-06-27 00:09:27 CST
2023-05-02,,14.95,17.780000686645508,2026-06-27 00:09:27 CST,2026-06-27 00:09:27 CST
2023-05-03,,16.01,18.34000015258789,2026-06-27 00:09:27 CST,2026-06-27 00:09:27 CST
2023-05-04,,15.21,20.09000015258789,2026-06-27 00:09:27 CST,2026-06-27 00:09:27 CST
2023-05-05,,15.04,17.190000534057617,2026-06-27 00:09:27 CST,2026-06-27 00:09:27 CST
2023-05-08,,14.02,16.979999542236328,2026-06-27 00:09:27 CST,2026-06-27 00:09:27 CST
2023-05-09,,13.5,17.709999084472656,2026-06-27 00:09:27 CST,2026-06-27 00:09:27 CST
2023-05-10,,13.62,16.940000534057617,2026-06-27 00:09:27 CST,2026-06-27 00:09:27 CST
2023-05-11,,13.39,16.93000030517578,2026-06-27 00:09:27 CST,2026-06-27 00:09:27 CST
2023-05-12,,13.04,17.030000686645508,2026-06-27 00:09:27 CST,2026-06-27 00:09:27 CST
2023-05-15,,13.06,17.1200008392334,2026-06-27 00:09:27 CST,2026-06-27 00:09:27 CST
2023-05-16,,12.65,17.989999771118164,2026-06-27 00:09:27 CST,2026-06-27 00:09:27 CST
2023-05-17,,14.09,16.8700008392334,2026-06-27 00:09:27 CST,2026-06-27 00:09:27 CST
2023-05-18,,14.65,16.049999237060547,2026-06-27 00:09:27 CST,2026-06-27 00:09:27 CST
2023-05-19,,14.72,16.809999465942383,2026-06-27 00:09:27 CST,2026-06-27 00:09:27 CST
2023-05-22,,14.91,17.209999084472656,2026-06-27 00:09:27 CST,2026-06-27 00:09:27 CST
2023-05-23,,14.32,18.530000686645508,2026-06-27 00:09:27 CST,2026-06-27 00:09:27 CST
2023-05-24,,13.81,20.030000686645508,2026-06-27 00:09:27 CST,2026-06-27 00:09:27 CST
2023-05-25,,15.26,19.139999389648438,2026-06-27 00:09:27 CST,2026-06-27 00:09:27 CST
2023-05-26,,15.93,17.950000762939453,2026-06-27 00:09:27 CST,2026-06-27 00:09:27 CST
2023-05-29,,15.74,,2026-06-27 00:09:27 CST,2026-06-27 00:09:27 CST
2023-05-30,,15.39,17.459999084472656,2026-06-27 00:09:27 CST,2026-06-27 00:09:27 CST
2023-05-31,,16.38,17.940000534057617,2026-06-27 00:09:27 CST,2026-06-27 00:09:27 CST
2023-06-01,,15.59,15.649999618530273,2026-06-27 00:09:27 CST,2026-06-27 00:09:27 CST
2023-06-02,,15.62,14.600000381469727,2026-06-27 00:09:27 CST,2026-06-27 00:09:27 CST
2023-06-05,,15.92,14.729999542236328,2026-06-27 00:09:27 CST,2026-06-27 00:09:27 CST
2023-06-06,,15.44,13.960000038146973,2026-06-27 00:09:27 CST,2026-06-27 00:09:27 CST
2023-06-07,,14.99,13.9399995803833,2026-06-27 00:09:27 CST,2026-06-27 00:09:27 CST
2023-06-08,,15.42,13.649999618530273,2026-06-27 00:09:27 CST,2026-06-27 00:09:27 CST
2023-06-09,,15.23,13.829999923706055,2026-06-27 00:09:27 CST,2026-06-27 00:09:27 CST
2023-06-12,,15.28,15.010000228881836,2026-06-27 00:09:27 CST,2026-06-27 00:09:27 CST
2023-06-13,,16.02,14.609999656677246,2026-06-27 00:09:27 CST,2026-06-27 00:09:27 CST
2023-06-14,,16.66,13.880000114440918,2026-06-27 00:09:27 CST,2026-06-27 00:09:27 CST
2023-06-15,,15.81,14.5,2026-06-27 00:09:27 CST,2026-06-27 00:09:27 CST
2023-06-16,,15.99,13.539999961853027,2026-06-27 00:09:27 CST,2026-06-27 00:09:27 CST
2023-06-19,,15.84,,2026-06-27 00:09:27 CST,2026-06-27 00:09:27 CST
2023-06-20,,15.93,13.880000114440918,2026-06-27 00:09:27 CST,2026-06-27 00:09:27 CST
2023-06-21,,16.01,13.199999809265137,2026-06-27 00:09:27 CST,2026-06-27 00:09:27 CST
2023-06-22,,,12.90999984741211,2026-06-27 00:09:27 CST,2026-06-27 00:09:27 CST
2023-06-23,,,13.4399995803833,2026-06-27 00:09:27 CST,2026-06-27 00:09:27 CST
2023-06-26,,15.64,14.25,2026-06-27 00:09:27 CST,2026-06-27 00:09:27 CST
2023-06-27,,15.44,13.739999771118164,2026-06-27 00:09:27 CST,2026-06-27 00:09:27 CST
2023-06-28,,15.26,13.430000305175781,2026-06-27 00:09:27 CST,2026-06-27 00:09:27 CST
2023-06-29,,15.59,13.539999961853027,2026-06-27 00:09:27 CST,2026-06-27 00:09:27 CST
2023-06-30,,14.21,13.59000015258789,2026-06-27 00:09:27 CST,2026-06-27 00:09:27 CST
2023-07-03,,15.15,13.569999694824219,2026-06-27 00:09:27 CST,2026-06-27 00:09:27 CST
2023-07-04,,14.68,,2026-06-27 00:09:27 CST,2026-06-27 00:09:27 CST
2023-07-05,,14.42,14.180000305175781,2026-06-27 00:09:27 CST,2026-06-27 00:09:27 CST
2023-07-06,,15.56,15.4399995803833,2026-06-27 00:09:27 CST,2026-06-27 00:09:27 CST
2023-07-07,,16.38,14.829999923706055,2026-06-27 00:09:27 CST,2026-06-27 00:09:27 CST
2023-07-10,,16.88,15.069999694824219,2026-06-27 00:09:27 CST,2026-06-27 00:09:27 CST
2023-07-11,,15.36,14.84000015258789,2026-06-27 00:09:27 CST,2026-06-27 00:09:27 CST
2023-07-12,,15.96,13.539999961853027,2026-06-27 00:09:27 CST,2026-06-27 00:09:27 CST
2023-07-13,,16.3,13.609999656677246,2026-06-27 00:09:27 CST,2026-06-27 00:09:27 CST
2023-07-14,,15.45,13.34000015258789,2026-06-27 00:09:27 CST,2026-06-27 00:09:27 CST
2023-07-17,,15.69,13.479999542236328,2026-06-27 00:09:27 CST,2026-06-27 00:09:27 CST
2023-07-18,,16.3,13.300000190734863,2026-06-27 00:09:27 CST,2026-06-27 00:09:27 CST
2023-07-19,,16.49,13.760000228881836,2026-06-27 00:09:27 CST,2026-06-27 00:09:27 CST
2023-07-20,,15.93,13.989999771118164,2026-06-27 00:09:27 CST,2026-06-27 00:09:27 CST
2023-07-21,,15.5,13.600000381469727,2026-06-27 00:09:27 CST,2026-06-27 00:09:27 CST
2023-07-24,,15.74,13.90999984741211,2026-06-27 00:09:27 CST,2026-06-27 00:09:27 CST
2023-07-25,,15.37,13.859999656677246,2026-06-27 00:09:27 CST,2026-06-27 00:09:27 CST
2023-07-26,,15.6,13.1899995803833,2026-06-27 00:09:27 CST,2026-06-27 00:09:27 CST
2023-07-27,,15.68,14.40999984741211,2026-06-27 00:09:27 CST,2026-06-27 00:09:27 CST
2023-07-28,,15.15,13.329999923706055,2026-06-27 00:09:27 CST,2026-06-27 00:09:27 CST
2023-07-31,,16.31,13.630000114440918,2026-06-27 00:09:27 CST,2026-06-27 00:09:27 CST
2023-08-01,,15.96,13.930000305175781,2026-06-27 00:09:27 CST,2026-06-27 00:09:27 CST
2023-08-02,,16.74,16.09000015258789,2026-06-27 00:09:27 CST,2026-06-27 00:09:27 CST
2023-08-03,,,15.920000076293945,2026-06-27 00:09:27 CST,2026-06-27 00:09:27 CST
2023-08-04,,15.5,17.100000381469727,2026-06-27 00:09:27 CST,2026-06-27 00:09:27 CST
2023-08-07,,15.18,15.770000457763672,2026-06-27 00:09:27 CST,2026-06-27 00:09:27 CST
2023-08-08,,16.31,15.989999771118164,2026-06-27 00:09:27 CST,2026-06-27 00:09:27 CST
2023-08-09,,16.14,15.960000038146973,2026-06-27 00:09:27 CST,2026-06-27 00:09:27 CST
2023-08-10,,16.79,15.850000381469727,2026-06-27 00:09:27 CST,2026-06-27 00:09:27 CST
2023-08-11,,16.39,14.84000015258789,2026-06-27 00:09:27 CST,2026-06-27 00:09:27 CST
2023-08-14,,17.6,14.819999694824219,2026-06-27 00:09:27 CST,2026-06-27 00:09:27 CST
2023-08-15,,16.25,16.459999084472656,2026-06-27 00:09:27 CST,2026-06-27 00:09:27 CST
2023-08-16,,16.48,16.780000686645508,2026-06-27 00:09:27 CST,2026-06-27 00:09:27 CST
2023-08-17,,15.99,17.889999389648438,2026-06-27 00:09:27 CST,2026-06-27 00:09:27 CST
2023-08-18,,16.75,17.299999237060547,2026-06-27 00:09:27 CST,2026-06-27 00:09:27 CST
2023-08-21,,16.34,17.1299991607666,2026-06-27 00:09:27 CST,2026-06-27 00:09:27 CST
2023-08-22,,16.62,16.969999313354492,2026-06-27 00:09:27 CST,2026-06-27 00:09:27 CST
2023-08-23,,16.03,15.979999542236328,2026-06-27 00:09:27 CST,2026-06-27 00:09:27 CST
2023-08-24,,14.91,17.200000762939453,2026-06-27 00:09:27 CST,2026-06-27 00:09:27 CST
2023-08-25,,16.4,15.680000305175781,2026-06-27 00:09:27 CST,2026-06-27 00:09:27 CST
2023-08-28,,15.33,15.079999923706055,2026-06-27 00:09:27 CST,2026-06-27 00:09:27 CST
2023-08-29,,14.86,14.449999809265137,2026-06-27 00:09:27 CST,2026-06-27 00:09:27 CST
2023-08-30,,14.06,13.880000114440918,2026-06-27 00:09:27 CST,2026-06-27 00:09:27 CST
2023-08-31,,14.08,13.569999694824219,2026-06-27 00:09:27 CST,2026-06-27 00:09:27 CST
2023-09-01,,13.93,13.09000015258789,2026-06-27 00:09:27 CST,2026-06-27 00:09:27 CST
2023-09-04,,13.71,,2026-06-27 00:09:27 CST,2026-06-27 00:09:27 CST
2023-09-05,,13.64,14.010000228881836,2026-06-27 00:09:27 CST,2026-06-27 00:09:27 CST
2023-09-06,,13.76,14.449999809265137,2026-06-27 00:09:27 CST,2026-06-27 00:09:27 CST
2023-09-07,,13.45,14.399999618530273,2026-06-27 00:09:27 CST,2026-06-27 00:09:27 CST
2023-09-08,,13.79,13.84000015258789,2026-06-27 00:09:27 CST,2026-06-27 00:09:27 CST
2023-09-11,,14.53,13.800000190734863,2026-06-27 00:09:27 CST,2026-06-27 00:09:27 CST
2023-09-12,,13.91,14.229999542236328,2026-06-27 00:09:27 CST,2026-06-27 00:09:27 CST
2023-09-13,,13.96,13.479999542236328,2026-06-27 00:09:27 CST,2026-06-27 00:09:27 CST
2023-09-14,,13.71,12.819999694824219,2026-06-27 00:09:27 CST,2026-06-27 00:09:27 CST
2023-09-15,,13.36,13.789999961853027,2026-06-27 00:09:27 CST,2026-06-27 00:09:27 CST
2023-09-18,,14.06,14.0,2026-06-27 00:09:27 CST,2026-06-27 00:09:27 CST
2023-09-19,,13.99,14.109999656677246,2026-06-27 00:09:27 CST,2026-06-27 00:09:27 CST
2023-09-20,,13.99,15.140000343322754,2026-06-27 00:09:27 CST,2026-06-27 00:09:27 CST
2023-09-21,,14.73,17.540000915527344,2026-06-27 00:09:27 CST,2026-06-27 00:09:27 CST
2023-09-22,,14.55,17.200000762939453,2026-06-27 00:09:27 CST,2026-06-27 00:09:27 CST
2023-09-25,,14.06,16.899999618530273,2026-06-27 00:09:27 CST,2026-06-27 00:09:27 CST
2023-09-26,,13.92,18.940000534057617,2026-06-27 00:09:27 CST,2026-06-27 00:09:27 CST
2023-09-27,,14.63,18.219999313354492,2026-06-27 00:09:27 CST,2026-06-27 00:09:27 CST
2023-09-28,,14.51,17.34000015258789,2026-06-27 00:09:27 CST,2026-06-27 00:09:27 CST
2023-09-29,,,17.520000457763672,2026-06-27 00:09:27 CST,2026-06-27 00:09:27 CST
2023-10-02,,13.99,17.610000610351562,2026-06-27 00:09:27 CST,2026-06-27 00:09:27 CST
2023-10-03,,14.97,19.780000686645508,2026-06-27 00:09:27 CST,2026-06-27 00:09:27 CST
2023-10-04,,16.01,18.579999923706055,2026-06-27 00:09:27 CST,2026-06-27 00:09:27 CST
2023-10-05,,14.86,18.489999771118164,2026-06-27 00:09:27 CST,2026-06-27 00:09:27 CST
2023-10-06,,14.56,17.450000762939453,2026-06-27 00:09:27 CST,2026-06-27 00:09:27 CST
2023-10-09,,,17.700000762939453,2026-06-27 00:09:27 CST,2026-06-27 00:09:27 CST
2023-10-10,,,17.030000686645508,2026-06-27 00:09:27 CST,2026-06-27 00:09:27 CST
2023-10-11,,14.39,16.09000015258789,2026-06-27 00:09:27 CST,2026-06-27 00:09:27 CST
2023-10-12,,14.1,16.690000534057617,2026-06-27 00:09:27 CST,2026-06-27 00:09:27 CST
2023-10-13,,14.63,19.31999969482422,2026-06-27 00:09:27 CST,2026-06-27 00:09:27 CST
2023-10-16,,15.78,17.209999084472656,2026-06-27 00:09:27 CST,2026-06-27 00:09:27 CST
2023-10-17,,15.42,17.8799991607666,2026-06-27 00:09:27 CST,2026-06-27 00:09:27 CST
2023-10-18,,15.86,19.219999313354492,2026-06-27 00:09:27 CST,2026-06-27 00:09:27 CST
2023-10-19,,16.03,21.399999618530273,2026-06-27 00:09:27 CST,2026-06-27 00:09:27 CST
2023-10-20,,16.5,21.709999084472656,2026-06-27 00:09:27 CST,2026-06-27 00:09:27 CST
2023-10-23,,17.14,20.3700008392334,2026-06-27 00:09:27 CST,2026-06-27 00:09:27 CST
2023-10-24,,16.62,18.969999313354492,2026-06-27 00:09:27 CST,2026-06-27 00:09:27 CST
2023-10-25,,16.39,20.190000534057617,2026-06-27 00:09:27 CST,2026-06-27 00:09:27 CST
2023-10-26,,16.97,20.68000030517578,2026-06-27 00:09:27 CST,2026-06-27 00:09:27 CST
2023-10-27,,16.36,21.270000457763672,2026-06-27 00:09:27 CST,2026-06-27 00:09:27 CST
2023-10-30,,16.92,19.75,2026-06-27 00:09:27 CST,2026-06-27 00:09:27 CST
2023-10-31,,17.07,18.139999389648438,2026-06-27 00:09:27 CST,2026-06-27 00:09:27 CST
2023-11-01,,16.62,16.8700008392334,2026-06-27 00:09:27 CST,2026-06-27 00:09:27 CST
2023-11-02,,15.15,15.65999984741211,2026-06-27 00:09:27 CST,2026-06-27 00:09:27 CST
2023-11-03,,14.13,14.90999984741211,2026-06-27 00:09:27 CST,2026-06-27 00:09:27 CST
2023-11-06,,14.21,14.890000343322754,2026-06-27 00:09:27 CST,2026-06-27 00:09:27 CST
2023-11-07,,13.89,14.8100004196167,2026-06-27 00:09:27 CST,2026-06-27 00:09:27 CST
2023-11-08,,14.17,14.449999809265137,2026-06-27 00:09:27 CST,2026-06-27 00:09:27 CST
2023-11-09,,13.56,15.289999961853027,2026-06-27 00:09:27 CST,2026-06-27 00:09:27 CST
2023-11-10,,13.61,14.170000076293945,2026-06-27 00:09:27 CST,2026-06-27 00:09:27 CST
2023-11-13,,13.66,14.760000228881836,2026-06-27 00:09:27 CST,2026-06-27 00:09:27 CST
2023-11-14,,13.76,14.15999984741211,2026-06-27 00:09:27 CST,2026-06-27 00:09:27 CST
2023-11-15,,13.81,14.180000305175781,2026-06-27 00:09:27 CST,2026-06-27 00:09:27 CST
2023-11-16,,13.4,14.319999694824219,2026-06-27 00:09:27 CST,2026-06-27 00:09:27 CST
2023-11-17,,14.05,13.800000190734863,2026-06-27 00:09:27 CST,2026-06-27 00:09:27 CST
2023-11-20,,14.24,13.40999984741211,2026-06-27 00:09:27 CST,2026-06-27 00:09:27 CST
2023-11-21,,13.91,13.350000381469727,2026-06-27 00:09:27 CST,2026-06-27 00:09:27 CST
2023-11-22,,13.25,12.850000381469727,2026-06-27 00:09:27 CST,2026-06-27 00:09:27 CST
2023-11-23,,12.77,,2026-06-27 00:09:27 CST,2026-06-27 00:09:27 CST
2023-11-24,,12.89,12.460000038146973,2026-06-27 00:09:27 CST,2026-06-27 00:09:27 CST
2023-11-27,,13.65,12.6899995803833,2026-06-27 00:09:27 CST,2026-06-27 00:09:27 CST
2023-11-28,,13.59,12.6899995803833,2026-06-27 00:09:27 CST,2026-06-27 00:09:27 CST
2023-11-29,,13.56,12.979999542236328,2026-06-27 00:09:27 CST,2026-06-27 00:09:27 CST
2023-11-30,,13.08,12.920000076293945,2026-06-27 00:09:27 CST,2026-06-27 00:09:27 CST
2023-12-01,,13.6,12.630000114440918,2026-06-27 00:09:27 CST,2026-06-27 00:09:27 CST
2023-12-04,,13.37,13.079999923706055,2026-06-27 00:09:27 CST,2026-06-27 00:09:27 CST
2023-12-05,,13.29,12.850000381469727,2026-06-27 00:09:27 CST,2026-06-27 00:09:27 CST
2023-12-06,,13.11,12.970000267028809,2026-06-27 00:09:27 CST,2026-06-27 00:09:27 CST
2023-12-07,,13.12,13.0600004196167,2026-06-27 00:09:27 CST,2026-06-27 00:09:27 CST
2023-12-08,,13.25,12.350000381469727,2026-06-27 00:09:27 CST,2026-06-27 00:09:27 CST
2023-12-11,,13.53,12.630000114440918,2026-06-27 00:09:27 CST,2026-06-27 00:09:27 CST
2023-12-12,,13.55,12.069999694824219,2026-06-27 00:09:27 CST,2026-06-27 00:09:27 CST
2023-12-13,,13.15,12.1899995803833,2026-06-27 00:09:27 CST,2026-06-27 00:09:27 CST
2023-12-14,,12.86,12.479999542236328,2026-06-27 00:09:27 CST,2026-06-27 00:09:27 CST
2023-12-15,,12.77,12.279999732971191,2026-06-27 00:09:27 CST,2026-06-27 00:09:27 CST
2023-12-18,,12.97,12.5600004196167,2026-06-27 00:09:27 CST,2026-06-27 00:09:27 CST
2023-12-19,,13.2,12.529999732971191,2026-06-27 00:09:27 CST,2026-06-27 00:09:27 CST
2023-12-20,,12.97,13.670000076293945,2026-06-27 00:09:27 CST,2026-06-27 00:09:27 CST
2023-12-21,,13.64,13.649999618530273,2026-06-27 00:09:27 CST,2026-06-27 00:09:27 CST
2023-12-22,,13.76,13.029999732971191,2026-06-27 00:09:27 CST,2026-06-27 00:09:27 CST
2023-12-25,,13.83,,2026-06-27 00:09:27 CST,2026-06-27 00:09:27 CST
2023-12-26,,13.58,12.989999771118164,2026-06-27 00:09:27 CST,2026-06-27 00:09:27 CST
2023-12-27,,13.79,12.430000305175781,2026-06-27 00:09:27 CST,2026-06-27 00:09:27 CST
2023-12-28,,13.63,12.470000267028809,2026-06-27 00:09:27 CST,2026-06-27 00:09:27 CST
2023-12-29,,13.67,12.449999809265137,2026-06-27 00:09:27 CST,2026-06-27 00:09:27 CST
2024-01-02,79.71,14.36,13.199999809265137,2026-06-27 00:09:27 CST,2026-06-27 00:09:27 CST
2024-01-03,76.71,14.42,14.039999961853027,2026-06-27 00:09:27 CST,2026-06-27 00:09:27 CST
2024-01-04,78.69,14.28,14.130000114440918,2026-06-27 00:09:27 CST,2026-06-27 00:09:27 CST
2024-01-05,75.77,14.37,13.350000381469727,2026-06-27 00:09:27 CST,2026-06-27 00:09:27 CST
2024-01-08,76.17,14.13,13.079999923706055,2026-06-27 00:09:27 CST,2026-06-27 00:09:27 CST
2024-01-09,75.69,14.15,12.760000228881836,2026-06-27 00:09:27 CST,2026-06-27 00:09:27 CST
2024-01-10,76.37,14.66,12.6899995803833,2026-06-27 00:09:27 CST,2026-06-27 00:09:27 CST
2024-01-11,74.66,15.67,12.4399995803833,2026-06-27 00:09:27 CST,2026-06-27 00:09:27 CST
2024-01-12,73.09,16.69,12.699999809265137,2026-06-27 00:09:27 CST,2026-06-27 00:09:27 CST
2024-01-15,,12.33,,2026-06-27 00:09:27 CST,2026-06-27 00:09:27 CST
2024-01-16,72.29,12.56,13.84000015258789,2026-06-27 00:09:27 CST,2026-06-27 00:09:27 CST
2024-01-17,57.21,13.56,14.789999961853027,2026-06-27 00:09:27 CST,2026-06-27 00:09:27 CST
2024-01-18,66.46,13.0,14.130000114440918,2026-06-27 00:09:27 CST,2026-06-27 00:09:27 CST
2024-01-19,72.83,12.57,13.300000190734863,2026-06-27 00:09:27 CST,2026-06-27 00:09:27 CST
2024-01-22,72.86,13.4,13.1899995803833,2026-06-27 00:09:27 CST,2026-06-27 00:09:27 CST
2024-01-23,70.26,13.06,12.550000190734863,2026-06-27 00:09:27 CST,2026-06-27 00:09:27 CST
2024-01-24,72.49,13.0,13.140000343322754,2026-06-27 00:09:27 CST,2026-06-27 00:09:27 CST
2024-01-25,73.23,12.93,13.449999809265137,2026-06-27 00:09:27 CST,2026-06-27 00:09:27 CST
2024-01-26,73.8,13.2,13.260000228881836,2026-06-27 00:09:27 CST,2026-06-27 00:09:27 CST
2024-01-29,74.11,13.09,13.600000381469727,2026-06-27 00:09:27 CST,2026-06-27 00:09:27 CST
2024-01-30,74.23,13.18,13.3100004196167,2026-06-27 00:09:27 CST,2026-06-27 00:09:27 CST
2024-01-31,64.11,13.23,14.350000381469727,2026-06-27 00:09:27 CST,2026-06-27 00:09:27 CST
2024-02-01,72.34,13.21,13.880000114440918,2026-06-27 00:09:27 CST,2026-06-27 00:09:27 CST
2024-02-02,74.6,12.8,13.850000381469727,2026-06-27 00:09:27 CST,2026-06-27 00:09:27 CST
2024-02-05,73.31,13.56,13.670000076293945,2026-06-27 00:09:27 CST,2026-06-27 00:09:27 CST
2024-02-06,73.2,,13.0600004196167,2026-06-27 00:09:27 CST,2026-06-27 00:09:27 CST
2024-02-07,73.77,,12.829999923706055,2026-06-27 00:09:27 CST,2026-06-27 00:09:27 CST
2024-02-08,74.6,,12.789999961853027,2026-06-27 00:09:27 CST,2026-06-27 00:09:27 CST
2024-02-09,75.43,,12.930000305175781,2026-06-27 00:09:27 CST,2026-06-27 00:09:27 CST
2024-02-12,75.83,,13.930000305175781,2026-06-27 00:09:27 CST,2026-06-27 00:09:27 CST
2024-02-13,66.74,,15.850000381469727,2026-06-27 00:09:27 CST,2026-06-27 00:09:27 CST
2024-02-14,67.51,,14.380000114440918,2026-06-27 00:09:27 CST,2026-06-27 00:09:27 CST
2024-02-15,73.86,14.99,14.010000228881836,2026-06-27 00:09:27 CST,2026-06-27 00:09:27 CST
2024-02-16,73.49,14.41,14.239999771118164,2026-06-27 00:09:27 CST,2026-06-27 00:09:27 CST
2024-02-19,,14.05,,2026-06-27 00:09:27 CST,2026-06-27 00:09:27 CST
2024-02-20,63.74,14.41,15.420000076293945,2026-06-27 00:09:27 CST,2026-06-27 00:09:27 CST
2024-02-21,63.7,14.15,15.34000015258789,2026-06-27 00:09:27 CST,2026-06-27 00:09:27 CST
2024-02-22,73.94,13.41,14.539999961853027,2026-06-27 00:09:27 CST,2026-06-27 00:09:27 CST
2024-02-23,73.34,13.05,13.75,2026-06-27 00:09:27 CST,2026-06-27 00:09:27 CST
2024-02-26,71.91,13.17,13.739999771118164,2026-06-27 00:09:27 CST,2026-06-27 00:09:27 CST
2024-02-27,75.77,13.29,13.430000305175781,2026-06-27 00:09:27 CST,2026-06-27 00:09:27 CST
2024-02-28,76.77,,13.84000015258789,2026-06-27 00:09:27 CST,2026-06-27 00:09:27 CST
2024-02-29,77.46,13.42,13.399999618530273,2026-06-27 00:09:27 CST,2026-06-27 00:09:27 CST
2024-03-01,76.83,12.86,13.109999656677246,2026-06-27 00:09:27 CST,2026-06-27 00:09:27 CST
2024-03-04,79.23,13.8,13.489999771118164,2026-06-27 00:09:27 CST,2026-06-27 00:09:27 CST
2024-03-05,76.11,14.32,14.460000038146973,2026-06-27 00:09:27 CST,2026-06-27 00:09:27 CST
2024-03-06,72.54,14.35,14.5,2026-06-27 00:09:27 CST,2026-06-27 00:09:27 CST
2024-03-07,73.86,15.84,14.4399995803833,2026-06-27 00:09:27 CST,2026-06-27 00:09:27 CST
2024-03-08,70.03,17.21,14.739999771118164,2026-06-27 00:09:27 CST,2026-06-27 00:09:27 CST
2024-03-11,62.77,17.61,15.220000267028809,2026-06-27 00:09:27 CST,2026-06-27 00:09:27 CST
2024-03-12,72.2,15.96,13.84000015258789,2026-06-27 00:09:27 CST,2026-06-27 00:09:27 CST
2024-03-13,71.77,15.79,13.75,2026-06-27 00:09:27 CST,2026-06-27 00:09:27 CST
2024-03-14,70.4,15.2,14.399999618530273,2026-06-27 00:09:27 CST,2026-06-27 00:09:27 CST
2024-03-15,68.63,14.89,14.40999984741211,2026-06-27 00:09:27 CST,2026-06-27 00:09:27 CST
2024-03-18,70.74,14.99,14.329999923706055,2026-06-27 00:09:27 CST,2026-06-27 00:09:27 CST
2024-03-19,70.86,14.26,13.819999694824219,2026-06-27 00:09:27 CST,2026-06-27 00:09:27 CST
2024-03-20,69.63,14.02,13.039999961853027,2026-06-27 00:09:27 CST,2026-06-27 00:09:27 CST
2024-03-21,71.37,14.97,12.920000076293945,2026-06-27 00:09:27 CST,2026-06-27 00:09:27 CST
2024-03-22,69.51,13.79,13.0600004196167,2026-06-27 00:09:27 CST,2026-06-27 00:09:27 CST
2024-03-25,67.43,14.58,13.1899995803833,2026-06-27 00:09:27 CST,2026-06-27 00:09:27 CST
2024-03-26,67.91,14.94,13.239999771118164,2026-06-27 00:09:27 CST,2026-06-27 00:09:27 CST
2024-03-27,69.77,15.0,12.779999732971191,2026-06-27 00:09:27 CST,2026-06-27 00:09:27 CST
2024-03-28,68.77,13.93,13.010000228881836,2026-06-27 00:09:27 CST,2026-06-27 00:09:27 CST
2024-03-29,,14.23,,2026-06-27 00:09:27 CST,2026-06-27 00:09:27 CST
2024-04-01,71.26,14.67,13.649999618530273,2026-06-27 00:09:27 CST,2026-06-27 00:09:27 CST
2024-04-02,71.14,14.96,14.609999656677246,2026-06-27 00:09:27 CST,2026-06-27 00:09:27 CST
2024-04-03,69.4,15.2,14.329999923706055,2026-06-27 00:09:27 CST,2026-06-27 00:09:27 CST
2024-04-04,53.8,,16.350000381469727,2026-06-27 00:09:27 CST,2026-06-27 00:09:27 CST
2024-04-05,58.1,,16.030000686645508,2026-06-27 00:09:27 CST,2026-06-27 00:09:27 CST
2024-04-08,64.03,14.78,15.1899995803833,2026-06-27 00:09:27 CST,2026-06-27 00:09:27 CST
2024-04-09,59.63,15.9,14.979999542236328,2026-06-27 00:09:27 CST,2026-06-27 00:09:27 CST
2024-04-10,49.67,15.62,15.800000190734863,2026-06-27 00:09:27 CST,2026-06-27 00:09:27 CST
2024-04-11,56.66,15.25,14.90999984741211,2026-06-27 00:09:27 CST,2026-06-27 00:09:27 CST
2024-04-12,45.01,14.73,17.309999465942383,2026-06-27 00:09:27 CST,2026-06-27 00:09:27 CST
2024-04-15,38.4,15.75,19.229999542236328,2026-06-27 00:09:27 CST,2026-06-27 00:09:27 CST
2024-04-16,35.11,18.89,18.399999618530273,2026-06-27 00:09:27 CST,2026-06-27 00:09:27 CST
2024-04-17,31.16,18.03,18.209999084472656,2026-06-27 00:09:27 CST,2026-06-27 00:09:27 CST
2024-04-18,30.4,17.73,18.0,2026-06-27 00:09:27 CST,2026-06-27 00:09:27 CST
2024-04-19,27.67,20.63,18.709999084472656,2026-06-27 00:09:27 CST,2026-06-27 00:09:27 CST
2024-04-22,34.17,19.2,16.940000534057617,2026-06-27 00:09:27 CST,2026-06-27 00:09:27 CST
2024-04-23,36.57,17.47,15.6899995803833,2026-06-27 00:09:27 CST,2026-06-27 00:09:27 CST
2024-04-24,37.49,17.25,15.970000267028809,2026-06-27 00:09:27 CST,2026-06-27 00:09:27 CST
2024-04-25,39.09,18.38,15.369999885559082,2026-06-27 00:09:27 CST,2026-06-27 00:09:27 CST
2024-04-26,40.51,17.56,15.029999732971191,2026-06-27 00:09:27 CST,2026-06-27 00:09:27 CST
2024-04-29,42.43,18.44,14.670000076293945,2026-06-27 00:09:27 CST,2026-06-27 00:09:27 CST
2024-04-30,40.54,18.25,15.649999618530273,2026-06-27 00:09:27 CST,2026-06-27 00:09:27 CST
2024-05-01,40.51,,15.390000343322754,2026-06-27 00:09:27 CST,2026-06-27 00:09:27 CST
2024-05-02,42.23,17.94,14.680000305175781,2026-06-27 00:09:27 CST,2026-06-27 00:09:27 CST
2024-05-03,43.26,17.86,13.489999771118164,2026-06-27 00:09:27 CST,2026-06-27 00:09:27 CST
2024-05-06,39.0,17.71,13.489999771118164,2026-06-27 00:09:27 CST,2026-06-27 00:09:27 CST
2024-05-07,37.17,17.48,13.229999542236328,2026-06-27 00:09:27 CST,2026-06-27 00:09:27 CST
2024-05-08,38.17,16.94,13.0,2026-06-27 00:09:27 CST,2026-06-27 00:09:27 CST
2024-05-09,42.23,16.69,12.6899995803833,2026-06-27 00:09:27 CST,2026-06-27 00:09:27 CST
2024-05-10,46.03,16.62,12.550000190734863,2026-06-27 00:09:27 CST,2026-06-27 00:09:27 CST
2024-05-13,48.11,16.52,13.600000381469727,2026-06-27 00:09:27 CST,2026-06-27 00:09:27 CST
2024-05-14,55.29,16.18,13.420000076293945,2026-06-27 00:09:27 CST,2026-06-27 00:09:27 CST
2024-05-15,59.37,16.53,12.449999809265137,2026-06-27 00:09:27 CST,2026-06-27 00:09:27 CST
2024-05-16,62.31,16.85,12.420000076293945,2026-06-27 00:09:27 CST,2026-06-27 00:09:27 CST
2024-05-17,62.8,17.04,11.989999771118164,2026-06-27 00:09:27 CST,2026-06-27 00:09:27 CST
2024-05-20,60.43,17.43,12.149999618530273,2026-06-27 00:09:27 CST,2026-06-27 00:09:27 CST
2024-05-21,59.43,17.77,11.859999656677246,2026-06-27 00:09:27 CST,2026-06-27 00:09:27 CST
2024-05-22,58.51,17.83,12.289999961853027,2026-06-27 00:09:27 CST,2026-06-27 00:09:27 CST
2024-05-23,52.37,16.88,12.770000457763672,2026-06-27 00:09:27 CST,2026-06-27 00:09:27 CST
2024-05-24,51.74,16.95,11.930000305175781,2026-06-27 00:09:27 CST,2026-06-27 00:09:27 CST
2024-05-27,,16.67,,2026-06-27 00:09:27 CST,2026-06-27 00:09:27 CST
2024-05-28,54.69,16.49,12.920000076293945,2026-06-27 00:09:27 CST,2026-06-27 00:09:27 CST
2024-05-29,49.97,17.19,14.279999732971191,2026-06-27 00:09:27 CST,2026-06-27 00:09:27 CST
2024-05-30,45.09,17.87,14.470000267028809,2026-06-27 00:09:27 CST,2026-06-27 00:09:27 CST
2024-05-31,48.43,18.22,12.920000076293945,2026-06-27 00:09:27 CST,2026-06-27 00:09:27 CST
2024-06-03,45.49,17.56,13.109999656677246,2026-06-27 00:09:27 CST,2026-06-27 00:09:27 CST
2024-06-04,47.63,19.02,13.15999984741211,2026-06-27 00:09:27 CST,2026-06-27 00:09:27 CST
2024-06-05,51.14,18.22,12.630000114440918,2026-06-27 00:09:27 CST,2026-06-27 00:09:27 CST
2024-06-06,45.31,17.52,12.579999923706055,2026-06-27 00:09:27 CST,2026-06-27 00:09:27 CST
2024-06-07,43.4,16.96,12.220000267028809,2026-06-27 00:09:27 CST,2026-06-27 00:09:27 CST
2024-06-10,44.74,,12.739999771118164,2026-06-27 00:09:27 CST,2026-06-27 00:09:27 CST
2024-06-11,44.4,17.74,12.850000381469727,2026-06-27 00:09:27 CST,2026-06-27 00:09:27 CST
2024-06-12,46.57,17.76,12.039999961853027,2026-06-27 00:09:27 CST,2026-06-27 00:09:27 CST
2024-06-13,44.57,17.39,11.9399995803833,2026-06-27 00:09:27 CST,2026-06-27 00:09:27 CST
2024-06-14,41.11,17.65,12.65999984741211,2026-06-27 00:09:27 CST,2026-06-27 00:09:27 CST
2024-06-17,43.29,18.39,12.75,2026-06-27 00:09:27 CST,2026-06-27 00:09:27 CST
2024-06-18,41.29,19.25,12.300000190734863,2026-06-27 00:09:27 CST,2026-06-27 00:09:27 CST
2024-06-19,,19.96,,2026-06-27 00:09:27 CST,2026-06-27 00:09:27 CST
2024-06-20,38.71,18.82,13.279999732971191,2026-06-27 00:09:27 CST,2026-06-27 00:09:27 CST
2024-06-21,39.06,19.88,13.199999809265137,2026-06-27 00:09:27 CST,2026-06-27 00:09:27 CST
2024-06-24,37.77,21.35,13.329999923706055,2026-06-27 00:09:27 CST,2026-06-27 00:09:27 CST
2024-06-25,37.29,21.3,12.84000015258789,2026-06-27 00:09:27 CST,2026-06-27 00:09:27 CST
2024-06-26,40.89,21.31,12.550000190734863,2026-06-27 00:09:27 CST,2026-06-27 00:09:27 CST
2024-06-27,45.51,20.98,12.239999771118164,2026-06-27 00:09:27 CST,2026-06-27 00:09:27 CST
2024-06-28,44.31,20.2,12.4399995803833,2026-06-27 00:09:27 CST,2026-06-27 00:09:27 CST
2024-07-01,47.94,20.13,12.220000267028809,2026-06-27 00:09:27 CST,2026-06-27 00:09:27 CST
2024-07-02,49.74,19.97,12.029999732971191,2026-06-27 00:09:27 CST,2026-06-27 00:09:27 CST
2024-07-03,48.37,19.08,12.09000015258789,2026-06-27 00:09:27 CST,2026-06-27 00:09:27 CST
2024-07-04,,18.95,,2026-06-27 00:09:27 CST,2026-06-27 00:09:27 CST
2024-07-05,49.71,18.88,12.479999542236328,2026-06-27 00:09:27 CST,2026-06-27 00:09:27 CST
2024-07-08,51.06,19.6,12.369999885559082,2026-06-27 00:09:27 CST,2026-06-27 00:09:27 CST
2024-07-09,50.57,20.71,12.510000228881836,2026-06-27 00:09:27 CST,2026-06-27 00:09:27 CST
2024-07-10,54.6,21.08,12.850000381469727,2026-06-27 00:09:27 CST,2026-06-27 00:09:27 CST
2024-07-11,49.4,20.71,12.920000076293945,2026-06-27 00:09:27 CST,2026-06-27 00:09:27 CST
2024-07-12,54.37,20.95,12.460000038146973,2026-06-27 00:09:27 CST,2026-06-27 00:09:27 CST
2024-07-15,57.74,23.71,13.119999885559082,2026-06-27 00:09:27 CST,2026-06-27 00:09:27 CST
2024-07-16,57.03,22.51,13.1899995803833,2026-06-27 00:09:27 CST,2026-06-27 00:09:27 CST
2024-07-17,46.11,22.45,14.479999542236328,2026-06-27 00:09:27 CST,2026-06-27 00:09:27 CST
2024-07-18,45.94,23.33,15.930000305175781,2026-06-27 00:09:27 CST,2026-06-27 00:09:27 CST
2024-07-19,43.0,23.09,16.520000457763672,2026-06-27 00:09:27 CST,2026-06-27 00:09:27 CST
2024-07-22,48.43,23.71,14.90999984741211,2026-06-27 00:09:27 CST,2026-06-27 00:09:27 CST
2024-07-23,46.86,21.78,14.720000267028809,2026-06-27 00:09:27 CST,2026-06-27 00:09:27 CST
2024-07-24,38.61,,18.040000915527344,2026-06-27 00:09:27 CST,2026-06-27 00:09:27 CST
2024-07-25,39.07,,18.459999084472656,2026-06-27 00:09:27 CST,2026-06-27 00:09:27 CST
2024-07-26,42.54,24.88,16.389999389648438,2026-06-27 00:09:27 CST,2026-06-27 00:09:27 CST
2024-07-29,42.07,24.21,16.600000381469727,2026-06-27 00:09:27 CST,2026-06-27 00:09:27 CST
2024-07-30,40.8,24.0,17.690000534057617,2026-06-27 00:09:27 CST,2026-06-27 00:09:27 CST
2024-07-31,46.89,24.09,16.360000610351562,2026-06-27 00:09:27 CST,2026-06-27 00:09:27 CST
2024-08-01,42.69,23.62,18.59000015258789,2026-06-27 00:09:27 CST,2026-06-27 00:09:27 CST
2024-08-02,41.39,29.3,23.389999389648438,2026-06-27 00:09:27 CST,2026-06-27 00:09:27 CST
2024-08-05,33.06,48.05,38.56999969482422,2026-06-27 00:09:27 CST,2026-06-27 00:09:27 CST
2024-08-06,19.01,40.69,27.709999084472656,2026-06-27 00:09:27 CST,2026-06-27 00:09:27 CST
2024-08-07,16.56,35.58,27.850000381469727,2026-06-27 00:09:27 CST,2026-06-27 00:09:27 CST
2024-08-08,17.66,37.23,23.790000915527344,2026-06-27 00:09:27 CST,2026-06-27 00:09:27 CST
2024-08-09,24.09,34.29,20.3700008392334,2026-06-27 00:09:27 CST,2026-06-27 00:09:27 CST
2024-08-12,23.8,31.86,20.709999084472656,2026-06-27 00:09:27 CST,2026-06-27 00:09:27 CST
2024-08-13,25.51,30.61,18.1200008392334,2026-06-27 00:09:27 CST,2026-06-27 00:09:27 CST
2024-08-14,26.43,27.51,16.190000534057617,2026-06-27 00:09:27 CST,2026-06-27 00:09:27 CST
2024-08-15,32.37,26.56,15.229999542236328,2026-06-27 00:09:27 CST,2026-06-27 00:09:27 CST
2024-08-16,33.74,24.56,14.800000190734863,2026-06-27 00:09:27 CST,2026-06-27 00:09:27 CST
2024-08-19,39.89,25.14,14.649999618530273,2026-06-27 00:09:27 CST,2026-06-27 00:09:27 CST
2024-08-20,44.69,24.43,15.880000114440918,2026-06-27 00:09:27 CST,2026-06-27 00:09:27 CST
2024-08-21,50.23,25.36,16.270000457763672,2026-06-27 00:09:27 CST,2026-06-27 00:09:27 CST
2024-08-22,46.77,25.06,17.549999237060547,2026-06-27 00:09:27 CST,2026-06-27 00:09:27 CST
2024-08-23,51.57,24.73,15.859999656677246,2026-06-27 00:09:27 CST,2026-06-27 00:09:27 CST
2024-08-26,52.94,24.78,16.149999618530273,2026-06-27 00:09:27 CST,2026-06-27 00:09:27 CST
2024-08-27,52.29,24.03,15.430000305175781,2026-06-27 00:09:27 CST,2026-06-27 00:09:27 CST
2024-08-28,51.09,24.41,17.110000610351562,2026-06-27 00:09:27 CST,2026-06-27 00:09:27 CST
2024-08-29,56.06,23.1,15.649999618530273,2026-06-27 00:09:27 CST,2026-06-27 00:09:27 CST
2024-08-30,60.31,21.72,15.0,2026-06-27 00:09:27 CST,2026-06-27 00:09:27 CST
2024-09-02,,21.18,,2026-06-27 00:09:27 CST,2026-06-27 00:09:27 CST
2024-09-03,56.34,20.98,20.719999313354492,2026-06-27 00:09:27 CST,2026-06-27 00:09:27 CST
2024-09-04,56.63,29.76,21.31999969482422,2026-06-27 00:09:27 CST,2026-06-27 00:09:27 CST
2024-09-05,50.63,27.86,19.899999618530273,2026-06-27 00:09:27 CST,2026-06-27 00:09:27 CST
2024-09-06,39.34,27.89,22.3799991607666,2026-06-27 00:09:27 CST,2026-06-27 00:09:27 CST
2024-09-09,41.97,28.72,19.450000762939453,2026-06-27 00:09:27 CST,2026-06-27 00:09:27 CST
2024-09-10,39.69,28.16,19.079999923706055,2026-06-27 00:09:27 CST,2026-06-27 00:09:27 CST
2024-09-11,43.09,28.5,17.690000534057617,2026-06-27 00:09:27 CST,2026-06-27 00:09:27 CST
2024-09-12,42.97,25.38,17.06999969482422,2026-06-27 00:09:27 CST,2026-06-27 00:09:27 CST
2024-09-13,48.63,23.78,16.559999465942383,2026-06-27 00:09:27 CST,2026-06-27 00:09:27 CST
2024-09-16,50.31,23.73,17.139999389648438,2026-06-27 00:09:27 CST,2026-06-27 00:09:27 CST
2024-09-17,54.63,,17.610000610351562,2026-06-27 00:09:27 CST,2026-06-27 00:09:27 CST
2024-09-18,55.17,25.4,18.229999542236328,2026-06-27 00:09:27 CST,2026-06-27 00:09:27 CST
2024-09-19,63.8,22.64,16.329999923706055,2026-06-27 00:09:27 CST,2026-06-27 00:09:27 CST
2024-09-20,61.2,21.72,16.149999618530273,2026-06-27 00:09:27 CST,2026-06-27 00:09:27 CST
2024-09-23,63.86,21.43,15.890000343322754,2026-06-27 00:09:27 CST,2026-06-27 00:09:27 CST
2024-09-24,66.43,20.89,15.390000343322754,2026-06-27 00:09:27 CST,2026-06-27 00:09:27 CST
2024-09-25,65.74,21.8,15.40999984741211,2026-06-27 00:09:27 CST,2026-06-27 00:09:27 CST
2024-09-26,70.74,21.93,15.369999885559082,2026-06-27 00:09:27 CST,2026-06-27 00:09:27 CST
2024-09-27,67.31,22.96,16.959999084472656,2026-06-27 00:09:27 CST,2026-06-27 00:09:27 CST
2024-09-30,73.69,25.46,16.729999542236328,2026-06-27 00:09:27 CST,2026-06-27 00:09:27 CST
2024-10-01,70.31,25.05,19.260000228881836,2026-06-27 00:09:27 CST,2026-06-27 00:09:27 CST
2024-10-02,70.57,,18.899999618530273,2026-06-27 00:09:27 CST,2026-06-27 00:09:27 CST
2024-10-03,69.43,,20.489999771118164,2026-06-27 00:09:27 CST,2026-06-27 00:09:27 CST
2024-10-04,71.4,25.47,19.209999084472656,2026-06-27 00:09:27 CST,2026-06-27 00:09:27 CST
2024-10-07,70.83,24.96,22.639999389648438,2026-06-27 00:09:27 CST,2026-06-27 00:09:27 CST
2024-10-08,71.17,25.53,21.420000076293945,2026-06-27 00:09:27 CST,2026-06-27 00:09:27 CST
2024-10-09,71.14,25.07,20.860000610351562,2026-06-27 00:09:27 CST,2026-06-27 00:09:27 CST
2024-10-10,70.29,,20.93000030517578,2026-06-27 00:09:27 CST,2026-06-27 00:09:27 CST
2024-10-11,71.66,24.33,20.459999084472656,2026-06-27 00:09:27 CST,2026-06-27 00:09:27 CST
2024-10-14,74.23,24.22,19.700000762939453,2026-06-27 00:09:27 CST,2026-06-27 00:09:27 CST
2024-10-15,71.14,25.13,20.639999389648438,2026-06-27 00:09:27 CST,2026-06-27 00:09:27 CST
2024-10-16,69.03,26.14,19.579999923706055,2026-06-27 00:09:27 CST,2026-06-27 00:09:27 CST
2024-10-17,68.57,26.11,19.110000610351562,2026-06-27 00:09:27 CST,2026-06-27 00:09:27 CST
2024-10-18,72.43,24.91,18.030000686645508,2026-06-27 00:09:27 CST,2026-06-27 00:09:27 CST
2024-10-21,69.8,25.15,18.3700008392334,2026-06-27 00:09:27 CST,2026-06-27 00:09:27 CST
2024-10-22,70.37,24.68,18.200000762939453,2026-06-27 00:09:27 CST,2026-06-27 00:09:27 CST
2024-10-23,63.2,25.21,19.239999771118164,2026-06-27 00:09:27 CST,2026-06-27 00:09:27 CST
2024-10-24,62.94,25.34,19.079999923706055,2026-06-27 00:09:27 CST,2026-06-27 00:09:27 CST
2024-10-25,58.74,25.02,20.329999923706055,2026-06-27 00:09:27 CST,2026-06-27 00:09:27 CST
2024-10-28,60.86,26.07,19.799999237060547,2026-06-27 00:09:27 CST,2026-06-27 00:09:27 CST
2024-10-29,60.06,27.12,19.34000015258789,2026-06-27 00:09:27 CST,2026-06-27 00:09:27 CST
2024-10-30,57.2,27.84,20.350000381469727,2026-06-27 00:09:27 CST,2026-06-27 00:09:27 CST
2024-10-31,40.46,,23.15999984741211,2026-06-27 00:09:27 CST,2026-06-27 00:09:27 CST
2024-11-01,50.49,28.26,21.8799991607666,2026-06-27 00:09:27 CST,2026-06-27 00:09:27 CST
2024-11-04,42.43,28.1,21.979999542236328,2026-06-27 00:09:27 CST,2026-06-27 00:09:27 CST
2024-11-05,43.54,27.5,20.489999771118164,2026-06-27 00:09:27 CST,2026-06-27 00:09:27 CST
2024-11-06,44.0,24.94,16.270000457763672,2026-06-27 00:09:27 CST,2026-06-27 00:09:27 CST
2024-11-07,59.06,23.05,15.199999809265137,2026-06-27 00:09:27 CST,2026-06-27 00:09:27 CST
2024-11-08,59.43,21.91,14.9399995803833,2026-06-27 00:09:27 CST,2026-06-27 00:09:27 CST
2024-11-11,66.6,22.64,14.970000267028809,2026-06-27 00:09:27 CST,2026-06-27 00:09:27 CST
2024-11-12,66.71,24.81,14.710000038146973,2026-06-27 00:09:27 CST,2026-06-27 00:09:27 CST
2024-11-13,66.31,24.92,14.020000457763672,2026-06-27 00:09:27 CST,2026-06-27 00:09:27 CST
2024-11-14,60.31,24.8,14.3100004196167,2026-06-27 00:09:27 CST,2026-06-27 00:09:27 CST
2024-11-15,51.2,24.16,16.139999389648438,2026-06-27 00:09:27 CST,2026-06-27 00:09:27 CST
2024-11-18,50.29,25.86,15.579999923706055,2026-06-27 00:09:27 CST,2026-06-27 00:09:27 CST
2024-11-19,49.51,23.5,16.350000381469727,2026-06-27 00:09:27 CST,2026-06-27 00:09:27 CST
2024-11-20,49.51,23.77,17.15999984741211,2026-06-27 00:09:27 CST,2026-06-27 00:09:27 CST
2024-11-21,56.6,22.62,16.8700008392334,2026-06-27 00:09:27 CST,2026-06-27 00:09:27 CST
2024-11-22,60.71,21.07,15.239999771118164,2026-06-27 00:09:27 CST,2026-06-27 00:09:27 CST
2024-11-25,62.89,20.9,14.600000381469727,2026-06-27 00:09:27 CST,2026-06-27 00:09:27 CST
2024-11-26,65.91,21.53,14.100000381469727,2026-06-27 00:09:27 CST,2026-06-27 00:09:27 CST
2024-11-27,64.4,21.78,14.100000381469727,2026-06-27 00:09:27 CST,2026-06-27 00:09:27 CST
2024-11-28,,21.58,,2026-06-27 00:09:27 CST,2026-06-27 00:09:27 CST
2024-11-29,65.0,21.81,13.510000228881836,2026-06-27 00:09:27 CST,2026-06-27 00:09:27 CST
2024-12-02,65.31,21.58,13.34000015258789,2026-06-27 00:09:27 CST,2026-06-27 00:09:27 CST
2024-12-03,59.57,20.63,13.300000190734863,2026-06-27 00:09:27 CST,2026-06-27 00:09:27 CST
2024-12-04,57.49,20.09,13.449999809265137,2026-06-27 00:09:27 CST,2026-06-27 00:09:27 CST
2024-12-05,54.91,19.04,13.539999961853027,2026-06-27 00:09:27 CST,2026-06-27 00:09:27 CST
2024-12-06,52.14,19.14,12.770000457763672,2026-06-27 00:09:27 CST,2026-06-27 00:09:27 CST
2024-12-09,49.26,18.9,14.1899995803833,2026-06-27 00:09:27 CST,2026-06-27 00:09:27 CST
2024-12-10,46.97,18.64,14.180000305175781,2026-06-27 00:09:27 CST,2026-06-27 00:09:27 CST
2024-12-11,49.2,19.1,13.579999923706055,2026-06-27 00:09:27 CST,2026-06-27 00:09:27 CST
2024-12-12,47.11,18.06,13.920000076293945,2026-06-27 00:09:27 CST,2026-06-27 00:09:27 CST
2024-12-13,49.11,17.81,13.8100004196167,2026-06-27 00:09:27 CST,2026-06-27 00:09:27 CST
2024-12-16,56.06,18.66,14.6899995803833,2026-06-27 00:09:27 CST,2026-06-27 00:09:27 CST
2024-12-17,51.4,18.13,15.869999885559082,2026-06-27 00:09:27 CST,2026-06-27 00:09:27 CST
2024-12-18,33.13,17.4,27.6200008392334,2026-06-27 00:09:27 CST,2026-06-27 00:09:27 CST
2024-12-19,19.51,19.08,24.09000015258789,2026-06-27 00:09:27 CST,2026-06-27 00:09:27 CST
2024-12-20,27.6,19.48,18.360000610351562,2026-06-27 00:09:27 CST,2026-06-27 00:09:27 CST
2024-12-23,30.14,19.08,16.780000686645508,2026-06-27 00:09:27 CST,2026-06-27 00:09:27 CST
2024-12-24,34.51,18.53,14.270000457763672,2026-06-27 00:09:27 CST,2026-06-27 00:09:27 CST
2024-12-25,,17.73,,2026-06-27 00:09:27 CST,2026-06-27 00:09:27 CST
2024-12-26,34.17,17.39,14.729999542236328,2026-06-27 00:09:27 CST,2026-06-27 00:09:27 CST
2024-12-27,33.83,17.0,15.949999809265137,2026-06-27 00:09:27 CST,2026-06-27 00:09:27 CST
2024-12-30,28.6,17.98,17.399999618530273,2026-06-27 00:09:27 CST,2026-06-27 00:09:27 CST
2024-12-31,26.31,18.01,17.350000381469727,2026-06-27 00:09:27 CST,2026-06-27 00:09:27 CST
2025-01-02,24.31,18.33,17.93000030517578,2026-06-27 00:09:27 CST,2026-06-27 00:09:27 CST
2025-01-03,28.89,17.9,16.1299991607666,2026-06-27 00:09:27 CST,2026-06-27 00:09:27 CST
2025-01-06,33.77,18.16,16.040000915527344,2026-06-27 00:09:27 CST,2026-06-27 00:09:27 CST
2025-01-07,34.31,18.44,17.81999969482422,2026-06-27 00:09:27 CST,2026-06-27 00:09:27 CST
2025-01-08,31.91,19.28,17.700000762939453,2026-06-27 00:09:27 CST,2026-06-27 00:09:27 CST
2025-01-09,,19.83,,2026-06-27 00:09:27 CST,2026-06-27 00:09:27 CST
2025-01-10,25.63,20.18,19.540000915527344,2026-06-27 00:09:27 CST,2026-06-27 00:09:27 CST
2025-01-13,25.34,22.63,19.190000534057617,2026-06-27 00:09:27 CST,2026-06-27 00:09:27 CST
2025-01-14,25.14,22.21,18.709999084472656,2026-06-27 00:09:27 CST,2026-06-27 00:09:27 CST
2025-01-15,27.43,22.69,16.1200008392334,2026-06-27 00:09:27 CST,2026-06-27 00:09:27 CST
2025-01-16,27.34,21.1,16.600000381469727,2026-06-27 00:09:27 CST,2026-06-27 00:09:27 CST
2025-01-17,36.03,20.48,15.970000267028809,2026-06-27 00:09:27 CST,2026-06-27 00:09:27 CST
2025-01-20,,20.42,,2026-06-27 00:09:27 CST,2026-06-27 00:09:27 CST
2025-01-21,39.91,19.68,15.0600004196167,2026-06-27 00:09:27 CST,2026-06-27 00:09:27 CST
2025-01-22,41.63,20.48,15.100000381469727,2026-06-27 00:09:27 CST,2026-06-27 00:09:27 CST
2025-01-23,43.69,,15.020000457763672,2026-06-27 00:09:27 CST,2026-06-27 00:09:27 CST
2025-01-24,45.8,,14.850000381469727,2026-06-27 00:09:27 CST,2026-06-27 00:09:27 CST
2025-01-27,37.97,,17.899999618530273,2026-06-27 00:09:27 CST,2026-06-27 00:09:27 CST
2025-01-28,40.63,,16.40999984741211,2026-06-27 00:09:27 CST,2026-06-27 00:09:27 CST
2025-01-29,42.4,,16.559999465942383,2026-06-27 00:09:27 CST,2026-06-27 00:09:27 CST
2025-01-30,45.91,,15.84000015258789,2026-06-27 00:09:27 CST,2026-06-27 00:09:27 CST
2025-01-31,43.77,,16.43000030517578,2026-06-27 00:09:27 CST,2026-06-27 00:09:27 CST
2025-02-03,37.4,24.91,18.6200008392334,2026-06-27 00:09:27 CST,2026-06-27 00:09:27 CST
2025-02-04,37.14,22.69,17.209999084472656,2026-06-27 00:09:27 CST,2026-06-27 00:09:27 CST
2025-02-05,38.63,20.74,15.770000457763672,2026-06-27 00:09:27 CST,2026-06-27 00:09:27 CST
2025-02-06,39.69,19.69,15.5,2026-06-27 00:09:27 CST,2026-06-27 00:09:27 CST
2025-02-07,38.37,18.71,16.540000915527344,2026-06-27 00:09:27 CST,2026-06-27 00:09:27 CST
2025-02-10,44.71,19.52,15.8100004196167,2026-06-27 00:09:27 CST,2026-06-27 00:09:27 CST
2025-02-11,45.4,19.31,16.020000457763672,2026-06-27 00:09:27 CST,2026-06-27 00:09:27 CST
2025-02-12,41.37,19.32,15.890000343322754,2026-06-27 00:09:27 CST,2026-06-27 00:09:27 CST
2025-02-13,46.6,19.01,15.100000381469727,2026-06-27 00:09:27 CST,2026-06-27 00:09:27 CST
2025-02-14,43.69,19.83,14.770000457763672,2026-06-27 00:09:27 CST,2026-06-27 00:09:27 CST
2025-02-17,,19.68,,2026-06-27 00:09:27 CST,2026-06-27 00:09:27 CST
2025-02-18,46.8,19.25,15.350000381469727,2026-06-27 00:09:27 CST,2026-06-27 00:09:27 CST
2025-02-19,47.63,18.9,15.270000457763672,2026-06-27 00:09:27 CST,2026-06-27 00:09:27 CST
2025-02-20,44.23,18.38,15.65999984741211,2026-06-27 00:09:27 CST,2026-06-27 00:09:27 CST
2025-02-21,36.97,17.73,18.209999084472656,2026-06-27 00:09:27 CST,2026-06-27 00:09:27 CST
2025-02-24,29.54,18.84,18.979999542236328,2026-06-27 00:09:27 CST,2026-06-27 00:09:27 CST
2025-02-25,24.2,19.66,19.43000030517578,2026-06-27 00:09:27 CST,2026-06-27 00:09:27 CST
2025-02-26,21.26,19.85,19.100000381469727,2026-06-27 00:09:27 CST,2026-06-27 00:09:27 CST
2025-02-27,12.76,19.89,21.1299991607666,2026-06-27 00:09:27 CST,2026-06-27 00:09:27 CST
2025-02-28,20.66,,19.6299991607666,2026-06-27 00:09:27 CST,2026-06-27 00:09:27 CST
2025-03-03,12.34,20.86,22.780000686645508,2026-06-27 00:09:27 CST,2026-06-27 00:09:27 CST
2025-03-04,11.04,21.99,23.510000228881836,2026-06-27 00:09:27 CST,2026-06-27 00:09:27 CST
2025-03-05,11.51,21.15,21.93000030517578,2026-06-27 00:09:27 CST,2026-06-27 00:09:27 CST
2025-03-06,17.2,21.24,24.8700008392334,2026-06-27 00:09:27 CST,2026-06-27 00:09:27 CST
2025-03-07,17.64,22.56,23.3700008392334,2026-06-27 00:09:27 CST,2026-06-27 00:09:27 CST
2025-03-10,17.07,22.18,27.860000610351562,2026-06-27 00:09:27 CST,2026-06-27 00:09:27 CST
2025-03-11,15.11,23.8,26.920000076293945,2026-06-27 00:09:27 CST,2026-06-27 00:09:27 CST
2025-03-12,15.91,22.44,24.229999542236328,2026-06-27 00:09:27 CST,2026-06-27 00:09:27 CST
2025-03-13,15.19,23.09,24.65999984741211,2026-06-27 00:09:27 CST,2026-06-27 00:09:27 CST
2025-03-14,22.06,23.07,21.770000457763672,2026-06-27 00:09:27 CST,2026-06-27 00:09:27 CST
2025-03-17,22.57,22.06,20.510000228881836,2026-06-27 00:09:27 CST,2026-06-27 00:09:27 CST
2025-03-18,22.23,21.29,21.700000762939453,2026-06-27 00:09:27 CST,2026-06-27 00:09:27 CST
2025-03-19,21.6,21.48,19.899999618530273,2026-06-27 00:09:27 CST,2026-06-27 00:09:27 CST
2025-03-20,21.69,19.29,19.799999237060547,2026-06-27 00:09:27 CST,2026-06-27 00:09:27 CST
2025-03-21,22.69,19.57,19.280000686645508,2026-06-27 00:09:27 CST,2026-06-27 00:09:27 CST
2025-03-24,25.4,20.36,17.479999542236328,2026-06-27 00:09:27 CST,2026-06-27 00:09:27 CST
2025-03-25,29.29,19.28,17.149999618530273,2026-06-27 00:09:27 CST,2026-06-27 00:09:27 CST
2025-03-26,28.89,18.91,18.329999923706055,2026-06-27 00:09:27 CST,2026-06-27 00:09:27 CST
2025-03-27,28.34,20.07,18.690000534057617,2026-06-27 00:09:27 CST,2026-06-27 00:09:27 CST
2025-03-28,26.37,21.48,21.649999618530273,2026-06-27 00:09:27 CST,2026-06-27 00:09:27 CST
2025-03-31,21.11,25.94,22.280000686645508,2026-06-27 00:09:27 CST,2026-06-27 00:09:27 CST
2025-04-01,19.57,24.15,21.770000457763672,2026-06-27 00:09:27 CST,2026-06-27 00:09:27 CST
2025-04-02,22.6,24.8,21.510000228881836,2026-06-27 00:09:27 CST,2026-06-27 00:09:27 CST
2025-04-03,12.14,,30.020000457763672,2026-06-27 00:09:27 CST,2026-06-27 00:09:27 CST
2025-04-04,5.39,,45.310001373291016,2026-06-27 00:09:27 CST,2026-06-27 00:09:27 CST
2025-04-07,4.0,42.69,46.97999954223633,2026-06-27 00:09:27 CST,2026-06-27 00:09:27 CST
2025-04-08,2.9,41.78,52.33000183105469,2026-06-27 00:09:27 CST,2026-06-27 00:09:27 CST
2025-04-09,9.5,46.93,33.619998931884766,2026-06-27 00:09:27 CST,2026-06-27 00:09:27 CST
2025-04-10,5.61,40.3,40.720001220703125,2026-06-27 00:09:27 CST,2026-06-27 00:09:27 CST
2025-04-11,8.39,41.4,37.560001373291016,2026-06-27 00:09:27 CST,2026-06-27 00:09:27 CST
2025-04-14,12.34,42.28,30.889999389648438,2026-06-27 00:09:27 CST,2026-06-27 00:09:27 CST
2025-04-15,13.11,36.02,30.1200008392334,2026-06-27 00:09:27 CST,2026-06-27 00:09:27 CST
2025-04-16,11.14,36.56,32.63999938964844,2026-06-27 00:09:27 CST,2026-06-27 00:09:27 CST
2025-04-17,16.06,33.51,29.649999618530273,2026-06-27 00:09:27 CST,2026-06-27 00:09:27 CST
2025-04-18,,29.62,,2026-06-27 00:09:27 CST,2026-06-27 00:09:27 CST
2025-04-21,12.37,32.08,33.81999969482422,2026-06-27 00:09:27 CST,2026-06-27 00:09:27 CST
2025-04-22,13.6,32.81,30.56999969482422,2026-06-27 00:09:27 CST,2026-06-27 00:09:27 CST
2025-04-23,21.54,29.7,28.450000762939453,2026-06-27 00:09:27 CST,2026-06-27 00:09:27 CST
2025-04-24,24.09,30.48,26.469999313354492,2026-06-27 00:09:27 CST,2026-06-27 00:09:27 CST
2025-04-25,34.51,30.4,24.84000015258789,2026-06-27 00:09:27 CST,2026-06-27 00:09:27 CST
2025-04-28,32.14,30.45,25.149999618530273,2026-06-27 00:09:27 CST,2026-06-27 00:09:27 CST
2025-04-29,32.74,28.84,24.170000076293945,2026-06-27 00:09:27 CST,2026-06-27 00:09:27 CST
2025-04-30,32.37,28.56,24.700000762939453,2026-06-27 00:09:27 CST,2026-06-27 00:09:27 CST
2025-05-01,41.26,,24.600000381469727,2026-06-27 00:09:27 CST,2026-06-27 00:09:27 CST
2025-05-02,38.29,29.05,22.68000030517578,2026-06-27 00:09:27 CST,2026-06-27 00:09:27 CST
2025-05-05,53.06,31.48,23.639999389648438,2026-06-27 00:09:27 CST,2026-06-27 00:09:27 CST
2025-05-06,54.66,31.49,24.760000228881836,2026-06-27 00:09:27 CST,2026-06-27 00:09:27 CST
2025-05-07,54.14,32.45,23.549999237060547,2026-06-27 00:09:27 CST,2026-06-27 00:09:27 CST
2025-05-08,57.66,30.94,22.479999542236328,2026-06-27 00:09:27 CST,2026-06-27 00:09:27 CST
2025-05-09,60.03,28.14,21.899999618530273,2026-06-27 00:09:27 CST,2026-06-27 00:09:27 CST
2025-05-12,64.49,26.88,18.389999389648438,2026-06-27 00:09:27 CST,2026-06-27 00:09:27 CST
2025-05-13,68.2,26.04,18.219999313354492,2026-06-27 00:09:27 CST,2026-06-27 00:09:27 CST
2025-05-14,70.4,25.76,18.6200008392334,2026-06-27 00:09:27 CST,2026-06-27 00:09:27 CST
2025-05-15,69.14,24.75,17.829999923706055,2026-06-27 00:09:27 CST,2026-06-27 00:09:27 CST
2025-05-16,70.6,23.95,17.239999771118164,2026-06-27 00:09:27 CST,2026-06-27 00:09:27 CST
2025-05-19,69.74,26.53,18.139999389648438,2026-06-27 00:09:27 CST,2026-06-27 00:09:27 CST
2025-05-20,69.17,26.36,18.09000015258789,2026-06-27 00:09:27 CST,2026-06-27 00:09:27 CST
2025-05-21,66.23,25.26,20.8700008392334,2026-06-27 00:09:27 CST,2026-06-27 00:09:27 CST
2025-05-22,66.8,25.31,20.280000686645508,2026-06-27 00:09:27 CST,2026-06-27 00:09:27 CST
2025-05-23,64.09,24.85,22.290000915527344,2026-06-27 00:09:27 CST,2026-06-27 00:09:27 CST
2025-05-26,,25.86,,2026-06-27 00:09:27 CST,2026-06-27 00:09:27 CST
2025-05-27,65.74,26.35,18.959999084472656,2026-06-27 00:09:27 CST,2026-06-27 00:09:27 CST
2025-05-28,64.74,26.55,19.309999465942383,2026-06-27 00:09:27 CST,2026-06-27 00:09:27 CST
2025-05-29,64.46,26.84,19.18000030517578,2026-06-27 00:09:27 CST,2026-06-27 00:09:27 CST
2025-05-30,61.91,,18.56999969482422,2026-06-27 00:09:27 CST,2026-06-27 00:09:27 CST
2025-06-02,62.43,26.89,18.360000610351562,2026-06-27 00:09:27 CST,2026-06-27 00:09:27 CST
2025-06-03,54.57,26.07,17.690000534057617,2026-06-27 00:09:27 CST,2026-06-27 00:09:27 CST
2025-06-04,54.89,24.33,17.610000610351562,2026-06-27 00:09:27 CST,2026-06-27 00:09:27 CST
2025-06-05,57.97,22.47,18.479999542236328,2026-06-27 00:09:27 CST,2026-06-27 00:09:27 CST
2025-06-06,61.77,22.49,16.770000457763672,2026-06-27 00:09:27 CST,2026-06-27 00:09:27 CST
2025-06-09,63.43,22.23,17.15999984741211,2026-06-27 00:09:27 CST,2026-06-27 00:09:27 CST
2025-06-10,64.0,22.54,16.950000762939453,2026-06-27 00:09:27 CST,2026-06-27 00:09:27 CST
2025-06-11,64.2,22.52,17.260000228881836,2026-06-27 00:09:27 CST,2026-06-27 00:09:27 CST
2025-06-12,64.6,22.82,18.020000457763672,2026-06-27 00:09:27 CST,2026-06-27 00:09:27 CST
2025-06-13,59.54,25.41,20.81999969482422,2026-06-27 00:09:27 CST,2026-06-27 00:09:27 CST
2025-06-16,61.11,24.76,19.110000610351562,2026-06-27 00:09:27 CST,2026-06-27 00:09:27 CST
2025-06-17,57.43,24.96,21.600000381469727,2026-06-27 00:09:27 CST,2026-06-27 00:09:27 CST
2025-06-18,54.29,24.78,20.139999389648438,2026-06-27 00:09:27 CST,2026-06-27 00:09:27 CST
2025-06-19,,26.01,,2026-06-27 00:09:27 CST,2026-06-27 00:09:27 CST
2025-06-20,54.51,25.72,20.6200008392334,2026-06-27 00:09:27 CST,2026-06-27 00:09:27 CST
2025-06-23,56.6,26.22,19.829999923706055,2026-06-27 00:09:27 CST,2026-06-27 00:09:27 CST
2025-06-24,57.89,24.51,17.479999542236328,2026-06-27 00:09:27 CST,2026-06-27 00:09:27 CST
2025-06-25,59.26,23.61,16.760000228881836,2026-06-27 00:09:27 CST,2026-06-27 00:09:27 CST
2025-06-26,63.0,23.34,16.59000015258789,2026-06-27 00:09:27 CST,2026-06-27 00:09:27 CST
2025-06-27,64.8,23.75,16.31999969482422,2026-06-27 00:09:27 CST,2026-06-27 00:09:27 CST
2025-06-30,69.23,24.4,16.729999542236328,2026-06-27 00:09:27 CST,2026-06-27 00:09:27 CST
2025-07-01,67.54,24.29,16.829999923706055,2026-06-27 00:09:27 CST,2026-06-27 00:09:27 CST
2025-07-02,63.71,24.25,16.639999389648438,2026-06-27 00:09:27 CST,2026-06-27 00:09:27 CST
2025-07-03,77.63,24.03,16.3799991607666,2026-06-27 00:09:27 CST,2026-06-27 00:09:27 CST
2025-07-04,,24.73,,2026-06-27 00:09:27 CST,2026-06-27 00:09:27 CST
2025-07-07,75.09,25.11,17.790000915527344,2026-06-27 00:09:27 CST,2026-06-27 00:09:27 CST
2025-07-08,74.63,24.51,16.809999465942383,2026-06-27 00:09:27 CST,2026-06-27 00:09:27 CST
2025-07-09,75.91,22.88,15.9399995803833,2026-06-27 00:09:27 CST,2026-06-27 00:09:27 CST
2025-07-10,76.97,22.41,15.779999732971191,2026-06-27 00:09:27 CST,2026-06-27 00:09:27 CST
2025-07-11,75.26,21.8,16.399999618530273,2026-06-27 00:09:27 CST,2026-06-27 00:09:27 CST
2025-07-14,76.11,22.8,17.200000762939453,2026-06-27 00:09:27 CST,2026-06-27 00:09:27 CST
2025-07-15,73.49,22.0,17.3799991607666,2026-06-27 00:09:27 CST,2026-06-27 00:09:27 CST
2025-07-16,72.94,21.91,17.15999984741211,2026-06-27 00:09:27 CST,2026-06-27 00:09:27 CST
2025-07-17,74.17,21.05,16.520000457763672,2026-06-27 00:09:27 CST,2026-06-27 00:09:27 CST
2025-07-18,73.94,20.25,16.40999984741211,2026-06-27 00:09:27 CST,2026-06-27 00:09:27 CST
2025-07-21,73.29,20.95,16.649999618530273,2026-06-27 00:09:27 CST,2026-06-27 00:09:27 CST
2025-07-22,73.89,22.55,16.5,2026-06-27 00:09:27 CST,2026-06-27 00:09:27 CST
2025-07-23,76.37,22.15,15.369999885559082,2026-06-27 00:09:27 CST,2026-06-27 00:09:27 CST
2025-07-24,75.26,21.77,15.390000343322754,2026-06-27 00:09:27 CST,2026-06-27 00:09:27 CST
2025-07-25,74.66,22.57,14.930000305175781,2026-06-27 00:09:27 CST,2026-06-27 00:09:27 CST
2025-07-28,73.8,22.96,15.029999732971191,2026-06-27 00:09:27 CST,2026-06-27 00:09:27 CST
2025-07-29,70.63,24.2,15.979999542236328,2026-06-27 00:09:27 CST,2026-06-27 00:09:27 CST
2025-07-30,68.03,23.75,15.479999542236328,2026-06-27 00:09:27 CST,2026-06-27 00:09:27 CST
2025-07-31,63.71,23.5,16.719999313354492,2026-06-27 00:09:27 CST,2026-06-27 00:09:27 CST
2025-08-01,49.8,23.44,20.3799991607666,2026-06-27 00:09:27 CST,2026-06-27 00:09:27 CST
2025-08-04,56.89,23.87,17.520000457763672,2026-06-27 00:09:27 CST,2026-06-27 00:09:27 CST
2025-08-05,55.03,22.72,17.850000381469727,2026-06-27 00:09:27 CST,2026-06-27 00:09:27 CST
2025-08-06,55.31,22.49,16.770000457763672,2026-06-27 00:09:27 CST,2026-06-27 00:09:27 CST
2025-08-07,54.71,21.26,16.56999969482422,2026-06-27 00:09:27 CST,2026-06-27 00:09:27 CST
2025-08-08,58.37,20.62,15.149999618530273,2026-06-27 00:09:27 CST,2026-06-27 00:09:27 CST
2025-08-11,57.63,20.25,16.25,2026-06-27 00:09:27 CST,2026-06-27 00:09:27 CST
2025-08-12,62.26,19.79,14.729999542236328,2026-06-27 00:09:27 CST,2026-06-27 00:09:27 CST
2025-08-13,63.34,18.9,14.489999771118164,2026-06-27 00:09:27 CST,2026-06-27 00:09:27 CST
2025-08-14,63.26,20.13,14.829999923706055,2026-06-27 00:09:27 CST,2026-06-27 00:09:27 CST
2025-08-15,63.54,19.99,15.09000015258789,2026-06-27 00:09:27 CST,2026-06-27 00:09:27 CST
2025-08-18,64.2,19.95,14.989999771118164,2026-06-27 00:09:27 CST,2026-06-27 00:09:27 CST
2025-08-19,59.89,20.29,15.569999694824219,2026-06-27 00:09:27 CST,2026-06-27 00:09:27 CST
2025-08-20,55.91,23.85,15.6899995803833,2026-06-27 00:09:27 CST,2026-06-27 00:09:27 CST
2025-08-21,52.6,22.54,16.600000381469727,2026-06-27 00:09:27 CST,2026-06-27 00:09:27 CST
2025-08-22,55.54,24.08,14.220000267028809,2026-06-27 00:09:27 CST,2026-06-27 00:09:27 CST
2025-08-25,53.94,22.25,14.789999961853027,2026-06-27 00:09:27 CST,2026-06-27 00:09:27 CST
2025-08-26,55.4,21.93,14.619999885559082,2026-06-27 00:09:27 CST,2026-06-27 00:09:27 CST
2025-08-27,59.11,21.2,14.850000381469727,2026-06-27 00:09:27 CST,2026-06-27 00:09:27 CST
2025-08-28,64.43,20.71,14.430000305175781,2026-06-27 00:09:27 CST,2026-06-27 00:09:27 CST
2025-08-29,61.54,19.65,15.359999656677246,2026-06-27 00:09:27 CST,2026-06-27 00:09:27 CST
2025-09-01,,21.24,,2026-06-27 00:09:27 CST,2026-06-27 00:09:27 CST
2025-09-02,62.46,21.39,17.170000076293945,2026-06-27 00:09:27 CST,2026-06-27 00:09:27 CST
2025-09-03,61.37,21.32,16.350000381469727,2026-06-27 00:09:27 CST,2026-06-27 00:09:27 CST
2025-09-04,61.17,20.46,15.300000190734863,2026-06-27 00:09:27 CST,2026-06-27 00:09:27 CST
2025-09-05,58.69,18.96,15.180000305175781,2026-06-27 00:09:27 CST,2026-06-27 00:09:27 CST
2025-09-08,58.23,18.9,15.109999656677246,2026-06-27 00:09:27 CST,2026-06-27 00:09:27 CST
2025-09-09,57.94,18.0,15.039999961853027,2026-06-27 00:09:27 CST,2026-06-27 00:09:27 CST
2025-09-10,57.94,19.22,15.350000381469727,2026-06-27 00:09:27 CST,2026-06-27 00:09:27 CST
2025-09-11,60.34,20.66,14.710000038146973,2026-06-27 00:09:27 CST,2026-06-27 00:09:27 CST
2025-09-12,61.34,19.39,14.760000228881836,2026-06-27 00:09:27 CST,2026-06-27 00:09:27 CST
2025-09-15,64.46,20.41,15.6899995803833,2026-06-27 00:09:27 CST,2026-06-27 00:09:27 CST
2025-09-16,64.37,20.2,16.360000610351562,2026-06-27 00:09:27 CST,2026-06-27 00:09:27 CST
2025-09-17,63.77,22.09,15.720000267028809,2026-06-27 00:09:27 CST,2026-06-27 00:09:27 CST
2025-09-18,66.54,18.93,15.699999809265137,2026-06-27 00:09:27 CST,2026-06-27 00:09:27 CST
2025-09-19,66.23,19.81,15.449999809265137,2026-06-27 00:09:27 CST,2026-06-27 00:09:27 CST
2025-09-22,66.51,19.9,16.100000381469727,2026-06-27 00:09:27 CST,2026-06-27 00:09:27 CST
2025-09-23,56.77,20.01,16.639999389648438,2026-06-27 00:09:27 CST,2026-06-27 00:09:27 CST
2025-09-24,54.57,20.86,16.18000030517578,2026-06-27 00:09:27 CST,2026-06-27 00:09:27 CST
2025-09-25,50.66,20.68,16.739999771118164,2026-06-27 00:09:27 CST,2026-06-27 00:09:27 CST
2025-09-26,51.29,22.41,15.289999961853027,2026-06-27 00:09:27 CST,2026-06-27 00:09:27 CST
2025-09-29,50.97,,16.1200008392334,2026-06-27 00:09:27 CST,2026-06-27 00:09:27 CST
2025-09-30,51.4,21.93,16.280000686645508,2026-06-27 00:09:27 CST,2026-06-27 00:09:27 CST
2025-10-01,52.49,22.67,16.290000915527344,2026-06-27 00:09:27 CST,2026-06-27 00:09:27 CST
2025-10-02,54.54,22.69,16.6299991607666,2026-06-27 00:09:27 CST,2026-06-27 00:09:27 CST
2025-10-03,52.57,23.06,16.649999618530273,2026-06-27 00:09:27 CST,2026-06-27 00:09:27 CST
2025-10-06,53.97,,16.3700008392334,2026-06-27 00:09:27 CST,2026-06-27 00:09:27 CST
2025-10-07,51.86,23.7,17.239999771118164,2026-06-27 00:09:27 CST,2026-06-27 00:09:27 CST
2025-10-08,52.94,23.54,16.299999237060547,2026-06-27 00:09:27 CST,2026-06-27 00:09:27 CST
2025-10-09,48.63,22.98,16.43000030517578,2026-06-27 00:09:27 CST,2026-06-27 00:09:27 CST
2025-10-10,30.14,,21.65999984741211,2026-06-27 00:09:27 CST,2026-06-27 00:09:27 CST
2025-10-13,29.74,25.65,19.030000686645508,2026-06-27 00:09:27 CST,2026-06-27 00:09:27 CST
2025-10-14,28.29,27.24,20.809999465942383,2026-06-27 00:09:27 CST,2026-06-27 00:09:27 CST
2025-10-15,27.41,26.21,20.639999389648438,2026-06-27 00:09:27 CST,2026-06-27 00:09:27 CST
2025-10-16,23.11,27.33,25.309999465942383,2026-06-27 00:09:27 CST,2026-06-27 00:09:27 CST
2025-10-17,22.33,30.91,20.780000686645508,2026-06-27 00:09:27 CST,2026-06-27 00:09:27 CST
2025-10-20,29.86,26.52,18.229999542236328,2026-06-27 00:09:27 CST,2026-06-27 00:09:27 CST
2025-10-21,28.54,25.71,17.8700008392334,2026-06-27 00:09:27 CST,2026-06-27 00:09:27 CST
2025-10-22,26.37,25.46,18.600000381469727,2026-06-27 00:09:27 CST,2026-06-27 00:09:27 CST
2025-10-23,27.57,26.04,17.299999237060547,2026-06-27 00:09:27 CST,2026-06-27 00:09:27 CST
2025-10-24,32.46,,16.3700008392334,2026-06-27 00:09:27 CST,2026-06-27 00:09:27 CST
2025-10-27,37.34,24.96,15.789999961853027,2026-06-27 00:09:27 CST,2026-06-27 00:09:27 CST
2025-10-28,39.34,25.81,16.420000076293945,2026-06-27 00:09:27 CST,2026-06-27 00:09:27 CST
2025-10-29,42.11,25.36,16.920000076293945,2026-06-27 00:09:27 CST,2026-06-27 00:09:27 CST
2025-10-30,37.06,25.87,16.90999984741211,2026-06-27 00:09:27 CST,2026-06-27 00:09:27 CST
2025-10-31,34.46,25.3,17.440000534057617,2026-06-27 00:09:27 CST,2026-06-27 00:09:27 CST
2025-11-03,32.6,25.6,17.170000076293945,2026-06-27 00:09:27 CST,2026-06-27 00:09:27 CST
2025-11-04,20.94,26.15,19.0,2026-06-27 00:09:27 CST,2026-06-27 00:09:27 CST
2025-11-05,23.06,28.48,18.010000228881836,2026-06-27 00:09:27 CST,2026-06-27 00:09:27 CST
2025-11-06,24.34,26.71,19.5,2026-06-27 00:09:27 CST,2026-06-27 00:09:27 CST
2025-11-07,20.43,28.16,19.079999923706055,2026-06-27 00:09:27 CST,2026-06-27 00:09:27 CST
2025-11-10,29.94,25.46,17.600000381469727,2026-06-27 00:09:27 CST,2026-06-27 00:09:27 CST
2025-11-11,30.46,26.07,17.280000686645508,2026-06-27 00:09:27 CST,2026-06-27 00:09:27 CST
2025-11-12,34.57,25.26,17.510000228881836,2026-06-27 00:09:27 CST,2026-06-27 00:09:27 CST
2025-11-13,24.54,24.75,20.0,2026-06-27 00:09:27 CST,2026-06-27 00:09:27 CST
2025-11-14,22.06,26.74,19.829999923706055,2026-06-27 00:09:27 CST,2026-06-27 00:09:27 CST
2025-11-17,11.64,26.1,22.3799991607666,2026-06-27 00:09:27 CST,2026-06-27 00:09:27 CST
2025-11-18,8.9,29.04,24.690000534057617,2026-06-27 00:09:27 CST,2026-06-27 00:09:27 CST
2025-11-19,7.86,28.05,23.65999984741211,2026-06-27 00:09:27 CST,2026-06-27 00:09:27 CST
2025-11-20,5.17,24.42,26.420000076293945,2026-06-27 00:09:27 CST,2026-06-27 00:09:27 CST
2025-11-21,5.66,30.35,23.43000030517578,2026-06-27 00:09:27 CST,2026-06-27 00:09:27 CST
2025-11-24,13.69,28.38,20.520000457763672,2026-06-27 00:09:27 CST,2026-06-27 00:09:27 CST
2025-11-25,15.03,26.87,18.559999465942383,2026-06-27 00:09:27 CST,2026-06-27 00:09:27 CST
2025-11-26,17.66,24.71,17.190000534057617,2026-06-27 00:09:27 CST,2026-06-27 00:09:27 CST
2025-11-27,,23.84,,2026-06-27 00:09:27 CST,2026-06-27 00:09:27 CST
2025-11-28,21.77,23.93,16.350000381469727,2026-06-27 00:09:27 CST,2026-06-27 00:09:27 CST
2025-12-01,22.09,25.16,17.239999771118164,2026-06-27 00:09:27 CST,2026-06-27 00:09:27 CST
2025-12-02,23.26,24.28,16.59000015258789,2026-06-27 00:09:27 CST,2026-06-27 00:09:27 CST
2025-12-03,24.77,23.72,16.079999923706055,2026-06-27 00:09:27 CST,2026-06-27 00:09:27 CST
2025-12-04,36.03,22.39,15.779999732971191,2026-06-27 00:09:27 CST,2026-06-27 00:09:27 CST
2025-12-05,38.14,21.05,15.40999984741211,2026-06-27 00:09:27 CST,2026-06-27 00:09:27 CST
2025-12-08,40.77,20.25,16.65999984741211,2026-06-27 00:09:27 CST,2026-06-27 00:09:27 CST
2025-12-09,40.94,20.63,16.93000030517578,2026-06-27 00:09:27 CST,2026-06-27 00:09:27 CST
2025-12-10,36.37,20.15,15.770000457763672,2026-06-27 00:09:27 CST,2026-06-27 00:09:27 CST
2025-12-11,43.74,20.81,14.850000381469727,2026-06-27 00:09:27 CST,2026-06-27 00:09:27 CST
2025-12-12,39.29,19.66,15.739999771118164,2026-06-27 00:09:27 CST,2026-06-27 00:09:27 CST
2025-12-15,49.31,21.46,16.5,2026-06-27 00:09:27 CST,2026-06-27 00:09:27 CST
2025-12-16,46.4,21.38,16.479999542236328,2026-06-27 00:09:27 CST,2026-06-27 00:09:27 CST
2025-12-17,37.69,21.2,17.6200008392334,2026-06-27 00:09:27 CST,2026-06-27 00:09:27 CST
2025-12-18,42.37,21.9,16.8700008392334,2026-06-27 00:09:27 CST,2026-06-27 00:09:27 CST
2025-12-19,44.2,20.75,14.90999984741211,2026-06-27 00:09:27 CST,2026-06-27 00:09:27 CST
2025-12-22,54.89,18.5,14.079999923706055,2026-06-27 00:09:27 CST,2026-06-27 00:09:27 CST
2025-12-23,58.57,17.32,14.0,2026-06-27 00:09:27 CST,2026-06-27 00:09:27 CST
2025-12-24,58.0,16.98,13.470000267028809,2026-06-27 00:09:27 CST,2026-06-27 00:09:27 CST
2025-12-26,54.86,16.5,13.600000381469727,2026-06-27 00:09:27 CST,2026-06-27 00:09:27 CST
2025-12-29,47.89,17.42,14.199999809265137,2026-06-27 00:09:27 CST,2026-06-27 00:09:27 CST
2025-12-30,46.11,17.99,14.329999923706055,2026-06-27 00:09:27 CST,2026-06-27 00:09:27 CST
2025-12-31,43.26,18.25,14.949999809265137,2026-06-27 00:09:27 CST,2026-06-27 00:09:27 CST
2026-01-02,45.23,19.07,14.510000228881836,2026-06-27 00:09:27 CST,2026-06-27 00:09:27 CST
2026-01-05,47.6,21.83,14.899999618530273,2026-06-27 00:09:27 CST,2026-06-27 00:09:27 CST
2026-01-06,52.86,21.65,14.75,2026-06-27 00:09:27 CST,2026-06-27 00:09:27 CST
2026-01-07,48.57,21.83,15.380000114440918,2026-06-27 00:09:27 CST,2026-06-27 00:09:27 CST
2026-01-08,48.37,21.28,15.449999809265137,2026-06-27 00:09:27 CST,2026-06-27 00:09:27 CST
2026-01-09,54.11,21.52,14.489999771118164,2026-06-27 00:09:27 CST,2026-06-27 00:09:27 CST
2026-01-12,58.0,22.66,15.119999885559082,2026-06-27 00:09:27 CST,2026-06-27 00:09:27 CST
2026-01-13,59.09,23.21,15.979999542236328,2026-06-27 00:09:27 CST,2026-06-27 00:09:27 CST
2026-01-14,58.63,22.63,16.75,2026-06-27 00:09:27 CST,2026-06-27 00:09:27 CST
2026-01-15,63.66,22.67,15.84000015258789,2026-06-27 00:09:27 CST,2026-06-27 00:09:27 CST
2026-01-16,63.77,21.96,15.859999656677246,2026-06-27 00:09:27 CST,2026-06-27 00:09:27 CST
2026-01-19,,22.32,,2026-06-27 00:09:27 CST,2026-06-27 00:09:27 CST
2026-01-20,50.86,21.92,20.09000015258789,2026-06-27 00:09:27 CST,2026-06-27 00:09:27 CST
2026-01-21,53.86,22.97,16.899999618530273,2026-06-27 00:09:27 CST,2026-06-27 00:09:27 CST
2026-01-22,54.77,21.16,15.640000343322754,2026-06-27 00:09:27 CST,2026-06-27 00:09:27 CST
2026-01-23,54.89,20.57,16.09000015258789,2026-06-27 00:09:27 CST,2026-06-27 00:09:27 CST
2026-01-26,57.66,20.7,16.149999618530273,2026-06-27 00:09:27 CST,2026-06-27 00:09:27 CST
2026-01-27,64.97,21.77,16.350000381469727,2026-06-27 00:09:27 CST,2026-06-27 00:09:27 CST
2026-01-28,65.54,23.31,16.350000381469727,2026-06-27 00:09:27 CST,2026-06-27 00:09:27 CST
2026-01-29,63.83,23.87,16.8799991607666,2026-06-27 00:09:27 CST,2026-06-27 00:09:27 CST
2026-01-30,58.6,25.53,17.440000534057617,2026-06-27 00:09:27 CST,2026-06-27 00:09:27 CST
2026-02-02,63.4,28.35,16.34000015258789,2026-06-27 00:09:27 CST,2026-06-27 00:09:27 CST
2026-02-03,43.34,25.69,18.0,2026-06-27 00:09:27 CST,2026-06-27 00:09:27 CST
2026-02-04,47.23,27.45,18.639999389648438,2026-06-27 00:09:27 CST,2026-06-27 00:09:27 CST
2026-02-05,34.94,28.84,21.770000457763672,2026-06-27 00:09:27 CST,2026-06-27 00:09:27 CST
2026-02-06,45.37,30.06,20.3700008392334,2026-06-27 00:09:27 CST,2026-06-27 00:09:27 CST
2026-02-09,48.49,28.42,17.360000610351562,2026-06-27 00:09:27 CST,2026-06-27 00:09:27 CST
2026-02-10,47.23,27.79,17.790000915527344,2026-06-27 00:09:27 CST,2026-06-27 00:09:27 CST
2026-02-11,49.91,29.29,17.649999618530273,2026-06-27 00:09:27 CST,2026-06-27 00:09:27 CST
2026-02-12,36.36,,20.81999969482422,2026-06-27 00:09:27 CST,2026-06-27 00:09:27 CST
2026-02-13,33.84,,20.600000381469727,2026-06-27 00:09:27 CST,2026-06-27 00:09:27 CST
2026-02-17,33.31,,20.290000915527344,2026-06-27 00:09:27 CST,2026-06-27 00:09:27 CST
2026-02-18,34.16,,19.6200008392334,2026-06-27 00:09:27 CST,2026-06-27 00:09:27 CST
2026-02-19,34.4,,20.229999542236328,2026-06-27 00:09:27 CST,2026-06-27 00:09:27 CST
2026-02-20,42.34,,19.09000015258789,2026-06-27 00:09:27 CST,2026-06-27 00:09:27 CST
2026-02-23,32.54,27.38,21.010000228881836,2026-06-27 00:09:27 CST,2026-06-27 00:09:27 CST
2026-02-24,40.26,26.29,19.549999237060547,2026-06-27 00:09:27 CST,2026-06-27 00:09:27 CST
2026-02-25,43.14,29.09,17.93000030517578,2026-06-27 00:09:27 CST,2026-06-27 00:09:27 CST
2026-02-26,42.91,26.76,18.6299991607666,2026-06-27 00:09:27 CST,2026-06-27 00:09:27 CST
2026-02-27,41.17,,19.860000610351562,2026-06-27 00:09:27 CST,2026-06-27 00:09:27 CST
2026-03-02,34.29,30.38,21.440000534057617,2026-06-27 00:09:27 CST,2026-06-27 00:09:27 CST
2026-03-03,31.63,32.42,23.56999969482422,2026-06-27 00:09:27 CST,2026-06-27 00:09:27 CST
2026-03-04,33.07,39.17,21.149999618530273,2026-06-27 00:09:27 CST,2026-06-27 00:09:27 CST
2026-03-05,31.63,34.06,23.75,2026-06-27 00:09:27 CST,2026-06-27 00:09:27 CST
2026-03-06,25.26,34.04,29.489999771118164,2026-06-27 00:09:27 CST,2026-06-27 00:09:27 CST
2026-03-09,22.23,41.63,25.5,2026-06-27 00:09:27 CST,2026-06-27 00:09:27 CST
2026-03-10,20.27,36.95,24.93000030517578,2026-06-27 00:09:27 CST,2026-06-27 00:09:27 CST
2026-03-11,18.31,34.6,24.229999542236328,2026-06-27 00:09:27 CST,2026-06-27 00:09:27 CST
2026-03-12,,36.82,27.290000915527344,2026-06-27 00:09:27 CST,2026-06-27 00:09:27 CST
2026-03-13,16.67,38.19,27.190000534057617,2026-06-27 00:09:27 CST,2026-06-27 00:09:27 CST
2026-03-16,23.91,37.0,23.510000228881836,2026-06-27 00:09:27 CST,2026-06-27 00:09:27 CST
2026-03-17,22.89,34.88,22.3700008392334,2026-06-27 00:09:27 CST,2026-06-27 00:09:27 CST
2026-03-18,13.61,31.81,25.09000015258789,2026-06-27 00:09:27 CST,2026-06-27 00:09:27 CST
2026-03-19,18.31,35.7,24.059999465942383,2026-06-27 00:09:27 CST,2026-06-27 00:09:27 CST
2026-03-20,8.4,34.83,26.780000686645508,2026-06-27 00:09:27 CST,2026-06-27 00:09:27 CST
2026-03-23,11.63,39.23,26.149999618530273,2026-06-27 00:09:27 CST,2026-06-27 00:09:27 CST
2026-03-24,10.36,38.46,26.950000762939453,2026-06-27 00:09:27 CST,2026-06-27 00:09:27 CST
2026-03-25,16.54,36.31,25.329999923706055,2026-06-27 00:09:27 CST,2026-06-27 00:09:27 CST
2026-03-26,10.26,36.81,27.440000534057617,2026-06-27 00:09:27 CST,2026-06-27 00:09:27 CST
2026-03-27,8.17,36.22,31.049999237060547,2026-06-27 00:09:27 CST,2026-06-27 00:09:27 CST
2026-03-30,5.77,37.55,30.610000610351562,2026-06-27 00:09:27 CST,2026-06-27 00:09:27 CST
2026-03-31,14.89,37.0,25.25,2026-06-27 00:09:27 CST,2026-06-27 00:09:27 CST
2026-04-01,15.86,34.85,24.540000915527344,2026-06-27 00:09:27 CST,2026-06-27 00:09:27 CST
2026-04-02,18.29,36.45,23.8700008392334,2026-06-27 00:09:27 CST,2026-06-27 00:09:27 CST
2026-04-06,21.86,,24.170000076293945,2026-06-27 00:09:27 CST,2026-06-27 00:09:27 CST
2026-04-07,21.57,33.62,25.780000686645508,2026-06-27 00:09:27 CST,2026-06-27 00:09:27 CST
2026-04-08,29.17,30.53,21.040000915527344,2026-06-27 00:09:27 CST,2026-06-27 00:09:27 CST
2026-04-09,33.8,29.35,19.489999771118164,2026-06-27 00:09:27 CST,2026-06-27 00:09:27 CST
2026-04-10,38.06,27.32,19.229999542236328,2026-06-27 00:09:27 CST,2026-06-27 00:09:27 CST
2026-04-13,40.97,29.43,19.1200008392334,2026-06-27 00:09:27 CST,2026-06-27 00:09:27 CST
2026-04-14,47.26,27.7,18.360000610351562,2026-06-27 00:09:27 CST,2026-06-27 00:09:27 CST
2026-04-15,56.2,28.14,18.170000076293945,2026-06-27 00:09:27 CST,2026-06-27 00:09:27 CST
2026-04-16,61.49,29.53,17.940000534057617,2026-06-27 00:09:27 CST,2026-06-27 00:09:27 CST
2026-04-17,68.57,28.55,17.479999542236328,2026-06-27 00:09:27 CST,2026-06-27 00:09:27 CST
2026-04-20,69.97,29.99,18.8700008392334,2026-06-27 00:09:27 CST,2026-06-27 00:09:27 CST
2026-04-21,67.57,30.49,19.5,2026-06-27 00:09:27 CST,2026-06-27 00:09:27 CST
2026-04-22,68.46,29.52,18.920000076293945,2026-06-27 00:09:27 CST,2026-06-27 00:09:27 CST
2026-04-23,66.17,32.81,19.309999465942383,2026-06-27 00:09:27 CST,2026-06-27 00:09:27 CST
2026-04-24,65.4,36.44,18.709999084472656,2026-06-27 00:09:27 CST,2026-06-27 00:09:27 CST
2026-04-27,66.29,36.46,18.020000457763672,2026-06-27 00:09:27 CST,2026-06-27 00:09:27 CST
2026-04-28,67.43,35.89,17.829999923706055,2026-06-27 00:09:27 CST,2026-06-27 00:09:27 CST
2026-04-29,66.23,32.55,18.809999465942383,2026-06-27 00:09:27 CST,2026-06-27 00:09:27 CST
2026-04-30,69.51,35.16,16.889999389648438,2026-06-27 00:09:27 CST,2026-06-27 00:09:27 CST
2026-05-01,71.17,,16.989999771118164,2026-06-27 00:09:27 CST,2026-06-27 00:09:27 CST
2026-05-04,66.89,35.59,18.290000915527344,2026-06-27 00:09:27 CST,2026-06-27 00:09:27 CST
2026-05-05,67.26,36.72,17.3799991607666,2026-06-27 00:09:27 CST,2026-06-27 00:09:27 CST
2026-05-06,68.74,38.31,17.389999389648438,2026-06-27 00:09:27 CST,2026-06-27 00:09:27 CST
2026-05-07,67.29,37.8,17.079999923706055,2026-06-27 00:09:27 CST,2026-06-27 00:09:27 CST
2026-05-08,67.29,37.55,17.190000534057617,2026-06-27 00:09:27 CST,2026-06-27 00:09:27 CST
2026-05-11,66.63,35.46,18.3799991607666,2026-06-27 00:09:27 CST,2026-06-27 00:09:27 CST
2026-05-12,65.69,37.58,17.989999771118164,2026-06-27 00:09:27 CST,2026-06-27 00:09:27 CST
2026-05-13,64.97,38.21,17.8700008392334,2026-06-27 00:09:27 CST,2026-06-27 00:09:27 CST
2026-05-14,65.91,39.33,17.260000228881836,2026-06-27 00:09:27 CST,2026-06-27 00:09:27 CST
2026-05-15,63.23,38.59,18.43000030517578,2026-06-27 00:09:27 CST,2026-06-27 00:09:27 CST
2026-05-18,61.57,39.07,17.81999969482422,2026-06-27 00:09:27 CST,2026-06-27 00:09:27 CST
2026-05-19,59.37,39.53,18.059999465942383,2026-06-27 00:09:27 CST,2026-06-27 00:09:27 CST
2026-05-20,60.26,36.91,17.440000534057617,2026-06-27 00:09:27 CST,2026-06-27 00:09:27 CST
2026-05-21,58.06,34.37,16.760000228881836,2026-06-27 00:09:27 CST,2026-06-27 00:09:27 CST
2026-05-22,58.97,33.09,16.700000762939453,2026-06-27 00:09:27 CST,2026-06-27 00:09:27 CST
2026-05-25,,33.94,16.59000015258789,2026-06-27 00:09:27 CST,2026-06-27 00:09:27 CST
2026-05-26,60.91,32.9,17.010000228881836,2026-06-27 00:09:27 CST,2026-06-27 00:09:27 CST
2026-05-27,60.6,35.09,16.290000915527344,2026-06-27 00:09:27 CST,2026-06-27 00:09:27 CST
2026-05-28,60.09,36.29,15.739999771118164,2026-06-27 00:09:27 CST,2026-06-27 00:09:27 CST
2026-05-29,59.51,35.87,15.319999694824219,2026-06-27 00:09:27 CST,2026-06-27 00:09:27 CST
2026-06-01,56.54,36.54,16.049999237060547,2026-06-27 00:09:27 CST,2026-06-27 00:09:27 CST
2026-06-02,56.06,36.56,15.770000457763672,2026-06-27 00:09:27 CST,2026-06-27 00:09:27 CST
2026-06-03,53.03,34.95,16.059999465942383,2026-06-27 00:09:27 CST,2026-06-27 00:09:27 CST
2026-06-04,53.89,35.23,15.399999618530273,2026-06-27 00:09:27 CST,2026-06-27 00:09:27 CST
2026-06-05,41.77,36.28,21.510000228881836,2026-06-27 00:09:27 CST,2026-06-27 00:09:27 CST
2026-06-08,39.86,42.43,18.920000076293945,2026-06-27 00:09:27 CST,2026-06-27 00:09:27 CST
2026-06-09,32.43,38.66,19.8700008392334,2026-06-27 00:09:27 CST,2026-06-27 00:09:27 CST
2026-06-10,26.89,43.91,22.219999313354492,2026-06-27 00:09:27 CST,2026-06-27 00:09:27 CST
2026-06-11,31.57,43.58,19.440000534057617,2026-06-27 00:09:27 CST,2026-06-27 00:09:27 CST
2026-06-12,35.51,41.89,17.68000030517578,2026-06-27 00:09:27 CST,2026-06-27 00:09:27 CST
2026-06-15,41.57,39.97,16.200000762939453,2026-06-27 00:09:27 CST,2026-06-27 00:09:27 CST
2026-06-16,39.09,39.02,16.40999984741211,2026-06-27 00:09:27 CST,2026-06-27 00:09:27 CST
2026-06-17,32.2,37.29,18.440000534057617,2026-06-27 00:09:27 CST,2026-06-27 00:09:27 CST
2026-06-18,37.57,37.86,16.399999618530273,2026-06-27 00:09:27 CST,2026-06-27 00:09:27 CST
2026-06-19,31.6,,,2026-06-27 00:09:27 CST,2026-06-27 00:09:27 CST
2026-06-22,31.97,37.97,17.280000686645508,2026-06-27 00:09:27 CST,2026-06-27 00:09:27 CST
2026-06-23,27.46,39.36,19.489999771118164,2026-06-27 00:09:27 CST,2026-06-27 00:09:27 CST
2026-06-24,25.97,40.88,18.6299991607666,2026-06-27 00:09:27 CST,2026-06-27 00:09:27 CST
2026-06-25,26.2,40.39,18.889999389648438,2026-06-27 00:09:27 CST,2026-06-27 00:09:27 CST
2026-06-26,,44.27,19.0,2026-06-27 00:09:27 CST,2026-06-27 00:09:27 CST
